"id";"lavNumber";"name";"type";"status";"latitude";"longitude";"osmConfidence";"officialDistanceM";"officialName";"officialFeatureId";"officialType";"officialCandidateCount";"nameScore";"distanceGapM";"reason"
"1-160-01-bruders-teich-bei-gardelegen";"1-160-01";"Brüders Teich bei Gardelegen";"Teich";"review";"52.5298075";"11.3967719";"0.908";"";"";"";"";"0";"";"";"OSM-Kandidat vorhanden, aber im amtlichen Prüfbereich kein passendes HY-P-Objekt gefunden."
"1-160-03-kieskuhle-die-lange-wohrde";"1-160-03";"Kieskuhle (Die lange Wohrde)";"Kiesgrube";"review";"52.5298075";"11.3967719";"0.908";"";"";"";"";"0";"";"";"OSM-Kandidat vorhanden, aber im amtlichen Prüfbereich kein passendes HY-P-Objekt gefunden."
"1-160-04-stadtgraben-in-gardelegen";"1-160-04";"Stadtgraben in Gardelegen";"Fließgewässer";"review";"52.5186616";"11.3838142";"0.856";"27.2";"";"Watercourse_DESTGEOT00003zQr_lin";"Watercourse";"9";"0";"34.5";"Amtliches Wasserobjekt vorhanden, Abstand/Name aber nicht eindeutig genug."
"1-160-05-lindenthaler-teich-bei-gardelegen";"1-160-05";"Lindenthaler Teich bei Gardelegen";"Teich";"review";"52.5298075";"11.3967719";"0.908";"";"";"";"";"0";"";"";"OSM-Kandidat vorhanden, aber im amtlichen Prüfbereich kein passendes HY-P-Objekt gefunden."
"1-160-06-wilhelmskanal-von-strae";"1-160-06";"Wilhelmskanal von Straße";"Fließgewässer";"unmatched";"";"";"";"";"";"";"";"";"";"";"Kein OSM-v3-Kandidat vorhanden."
"1-160-07-rotzen-s-loch-bei-breiteiche";"1-160-07";"Rötzen´s Loch bei Breiteiche";"Teich";"unmatched";"";"";"";"";"";"";"";"";"";"";"Kein OSM-v3-Kandidat vorhanden."
"1-160-12-mahlbusen-heidberg-bei-estedt";"1-160-12";"Mahlbusen-Heidberg bei Estedt";"See";"review";"52.5774526";"11.3662233";"0.913";"";"";"";"";"0";"";"";"OSM-Kandidat vorhanden, aber im amtlichen Prüfbereich kein passendes HY-P-Objekt gefunden."
"1-160-15-blechbudenteich-bei";"1-160-15";"Blechbudenteich bei";"Teich";"review";"52.69358";"11.4673365";"0.846";"";"";"";"";"0";"";"";"OSM-Kandidat vorhanden, aber im amtlichen Prüfbereich kein passendes HY-P-Objekt gefunden."
"1-160-17-kellerbuschteiche-lindstedt";"1-160-17";"Kellerbuschteiche Lindstedt";"Teich";"review";"52.5905802";"11.5322808";"0.925";"425";"";"StandingWater_DESTGEOT00003KQy";"StandingWater";"1";"0";"9999";"Amtliches Wasserobjekt vorhanden, Abstand/Name aber nicht eindeutig genug."
"1-160-18-untere-milde-von-straenbrucke";"1-160-18";"Untere Milde von Straßenbrücke";"Fließgewässer";"unmatched";"";"";"";"";"";"";"";"";"";"";"Kein OSM-v3-Kandidat vorhanden."
"1-160-19-teich-faule-breite-bei-letzlingen";"1-160-19";"Teich „Faule Breite“ bei Letzlingen";"Teich";"review";"52.4460723";"11.4729848";"0.874";"86";"";"StandingWater_DESTGEOTR100bqpd";"StandingWater";"1";"0";"9999";"Amtliche HY-P-Geometrie liegt nahe am OSM-Kandidaten, aber nicht eindeutig genug für automatische Freigabe."
"1-160-21-kiesgrube-wernitz";"1-160-21";"Kiesgrube Wernitz";"Kiesgrube";"review";"52.4877963";"11.2364454";"0.91";"";"";"";"";"0";"";"";"OSM-Kandidat vorhanden, aber im amtlichen Prüfbereich kein passendes HY-P-Objekt gefunden."
"1-160-23-grube-minna-bei-kassieck";"1-160-23";"Grube Minna bei Kassieck";"Kiesgrube";"review";"52.5846956";"11.4873324";"0.927";"";"";"";"";"0";"";"";"OSM-Kandidat vorhanden, aber im amtlichen Prüfbereich kein passendes HY-P-Objekt gefunden."
"1-161-02-milde-von-kalbe-straenbrucke";"1-161-02";"Milde von Kalbe (Straßenbrücke)";"Fließgewässer";"unmatched";"";"";"";"";"";"";"";"";"";"";"Kein OSM-v3-Kandidat vorhanden."
"1-161-03-untere-milde-von-winkelstedt";"1-161-03";"Untere Milde von Winkelstedt";"Fließgewässer";"review";"52.677317";"11.3072696";"0.914";"229.9";"";"Watercourse_DESTGEOT00003BZP_lin";"Watercourse";"6";"0";"18.1";"Amtliches Wasserobjekt vorhanden, Abstand/Name aber nicht eindeutig genug."
"1-260-01-dorfteich-miesterhorst";"1-260-01";"Dorfteich Miesterhorst";"Teich";"review";"52.460807";"11.1415221";"0.934";"";"";"";"";"0";"";"";"OSM-Kandidat vorhanden, aber im amtlichen Prüfbereich kein passendes HY-P-Objekt gefunden."
"1-260-02-anglerteiche-apenburg";"1-260-02";"Anglerteiche Apenburg";"Teich";"review";"52.7100588";"11.2006718";"0.914";"137";"";"StandingWater_DESTGEOT00003smZ";"StandingWater";"4";"0";"16.6";"Amtliches Wasserobjekt vorhanden, Abstand/Name aber nicht eindeutig genug."
"1-260-08-langer-teich-immekath";"1-260-08";"Langer Teich Immekath";"Teich";"review";"52.6277652";"11.0816699";"0.932";"";"";"";"";"0";"";"";"OSM-Kandidat vorhanden, aber im amtlichen Prüfbereich kein passendes HY-P-Objekt gefunden."
"1-260-09-neues-gewasser-in-klotze";"1-260-09";"Neues Gewässer in Klötze";"See";"review";"52.622978";"11.1655101";"0.9";"";"";"";"";"0";"";"";"OSM-Kandidat vorhanden, aber im amtlichen Prüfbereich kein passendes HY-P-Objekt gefunden."
"1-260-11-jeetze-von-dorfstrae-im-amt";"1-260-11";"Jeetze von Dorfstraße im Amt";"Fließgewässer";"review";"52.7859661";"11.1686674";"0.905";"0.7";"";"Watercourse_DESTGEOT00003u5d_lin";"Watercourse";"14";"0";"6.4";"Amtliches Wasserobjekt vorhanden, Abstand/Name aber nicht eindeutig genug."
"1-260-12-alte-badeanstalt-bei-jahrstedt";"1-260-12";"Alte Badeanstalt bei Jahrstedt";"See";"review";"52.5633612";"10.9708505";"0.906";"";"";"";"";"0";"";"";"OSM-Kandidat vorhanden, aber im amtlichen Prüfbereich kein passendes HY-P-Objekt gefunden."
"1-260-13-dorfteich-steimke";"1-260-13";"Dorfteich Steimke";"Teich";"review";"52.58744";"10.963068";"0.921";"";"";"";"";"0";"";"";"OSM-Kandidat vorhanden, aber im amtlichen Prüfbereich kein passendes HY-P-Objekt gefunden."
"1-260-14-ohre-in-steimke";"1-260-14";"Ohre in Steimke";"Fließgewässer";"review";"52.6021446";"10.9490976";"0.878";"";"";"";"";"0";"";"";"OSM-Kandidat vorhanden, aber im amtlichen Prüfbereich kein passendes HY-P-Objekt gefunden."
"1-260-16-ehemalige-klarteiche-in-kusey";"1-260-16";"ehemalige Klärteiche in Kusey";"Teich";"review";"52.5802866";"11.1015091";"0.909";"";"";"";"";"0";"";"";"OSM-Kandidat vorhanden, aber im amtlichen Prüfbereich kein passendes HY-P-Objekt gefunden."
"1-260-17-radestucken-neuekrug";"1-260-17";"Radestücken Neuekrug";"See";"review";"52.7786135";"10.8198134";"0.841";"";"";"";"";"0";"";"";"OSM-Kandidat vorhanden, aber im amtlichen Prüfbereich kein passendes HY-P-Objekt gefunden."
"1-260-19-groe-rothe-neuferchau";"1-260-19";"Große Röthe Neuferchau";"See";"review";"52.5785765";"11.0840948";"0.836";"";"";"";"";"0";"";"";"OSM-Kandidat vorhanden, aber im amtlichen Prüfbereich kein passendes HY-P-Objekt gefunden."
"1-260-20-untere-milde-cheinitz";"1-260-20";"Untere Milde Cheinitz";"Fließgewässer";"review";"52.6991031";"11.2520614";"0.916";"22.1";"";"Watercourse_DESTGEOT00003rmR_lin";"Watercourse";"5";"0";"23.9";"Amtliches Wasserobjekt vorhanden, Abstand/Name aber nicht eindeutig genug."
"1-260-21-brookbuschteich-immekath";"1-260-21";"Brookbuschteich Immekath";"Teich";"review";"52.6277652";"11.0816699";"0.932";"";"";"";"";"0";"";"";"OSM-Kandidat vorhanden, aber im amtlichen Prüfbereich kein passendes HY-P-Objekt gefunden."
"1-260-22-moorgraben-cheinitz-bruchau";"1-260-22";"Moorgraben Cheinitz/Brüchau";"Fließgewässer";"unmatched";"";"";"";"";"";"";"";"";"";"";"Kein OSM-v3-Kandidat vorhanden."
"1-380-01-plattensee-bei-winterfeld";"1-380-01";"Plattensee bei Winterfeld";"See";"review";"52.7421551";"11.2416101";"0.91";"";"";"";"";"0";"";"";"OSM-Kandidat vorhanden, aber im amtlichen Prüfbereich kein passendes HY-P-Objekt gefunden."
"1-380-03-1-tonstich-in-den-beekwiesen";"1-380-03";"1. Tonstich in den Beekwiesen";"See";"review";"52.8518698";"11.156102";"0.926";"";"";"";"";"0";"";"";"OSM-Kandidat vorhanden, aber im amtlichen Prüfbereich kein passendes HY-P-Objekt gefunden."
"1-380-04-brietzer-teiche";"1-380-04";"Brietzer Teiche";"Teich";"unmatched";"";"";"";"";"";"";"";"";"";"";"Kein OSM-v3-Kandidat vorhanden."
"1-380-05-teich-in-langenapel";"1-380-05";"Teich in Langenapel";"Teich";"review";"52.8161811";"10.9622902";"0.914";"5";"";"StandingWater_DESTGEOT00003ibC";"StandingWater";"3";"0";"16.8";"Amtliches Wasserobjekt vorhanden, Abstand/Name aber nicht eindeutig genug."
"2-330-24-der-haken-am-hausberg-bei";"2-330-24";"Der Haken am Hausberg bei";"See";"review";"52.8248843";"12.0618073";"0.803";"163.5";"";"StandingWater_DESTGEOT000067Cx";"StandingWater";"1";"0";"9999";"Amtliches Wasserobjekt vorhanden, Abstand/Name aber nicht eindeutig genug."
"2-330-25-schonberger-baggerloch";"2-330-25";"Schönberger Baggerloch";"See";"review";"52.1518012";"11.7302445";"0.861";"21.7";"";"StandingWater_DESTGEOTR100gs3l";"StandingWater";"2";"0";"52.4";"Amtliche HY-P-Geometrie liegt nahe am OSM-Kandidaten, aber nicht eindeutig genug für automatische Freigabe."
"2-330-29-bodenentnahmestelle-losenrade-1";"2-330-29";"Bodenentnahmestelle Losenrade 1";"Fließgewässer";"review";"52.9644864";"11.7651059";"0.902";"1.5";"";"Watercourse_DESTGEOT00004dP5_lin";"Watercourse";"4";"0";"4.2";"Amtliches Wasserobjekt vorhanden, Abstand/Name aber nicht eindeutig genug."
"2-330-31-baggersee-feldneuendorf";"2-330-31";"Baggersee Feldneuendorf";"See";"review";"52.9092071";"11.750001";"0.873";"";"";"";"";"0";"";"";"OSM-Kandidat vorhanden, aber im amtlichen Prüfbereich kein passendes HY-P-Objekt gefunden."
"2-334-03-wasserkuhle-langes-loch";"2-334-03";"Wasserkuhle Langes Loch";"See";"review";"52.8639319";"11.9812891";"0.89";"38.7";"";"StandingWater_DESTGEOT00004nds";"StandingWater";"3";"0";"117.4";"Amtliche HY-P-Geometrie liegt nahe am OSM-Kandidaten, aber nicht eindeutig genug für automatische Freigabe."
"2-334-05-kiesgrube-schwimmbad-bei";"2-334-05";"Kiesgrube Schwimmbad bei";"Kiesgrube";"review";"52.8248843";"12.0618073";"0.803";"163.5";"";"StandingWater_DESTGEOT000067Cx";"StandingWater";"1";"0";"9999";"Amtliches Wasserobjekt vorhanden, Abstand/Name aber nicht eindeutig genug."
"2-334-06-volkes-locher-in-rabel";"2-334-06";"Völkes Löcher in Räbel";"See";"review";"52.8404028";"12.024885";"0.859";"17.1";"";"StandingWater_DESTGEOT000067CP";"StandingWater";"3";"0";"67.7";"Amtliche HY-P-Geometrie liegt nahe am OSM-Kandidaten, aber nicht eindeutig genug für automatische Freigabe."
"2-420-01-kohnsee-kladen";"2-420-01";"Köhnsee Kläden";"See";"review";"52.6332939";"11.6570417";"0.903";"";"";"";"";"0";"";"";"OSM-Kandidat vorhanden, aber im amtlichen Prüfbereich kein passendes HY-P-Objekt gefunden."
"2-420-02-schludenlanke-elbnebengewasser";"2-420-02";"Schlüdenlanke (Elbnebengewässer)";"See";"review";"52.6778001";"12.0018182";"0.876";"";"";"";"";"0";"";"";"OSM-Kandidat vorhanden, aber im amtlichen Prüfbereich kein passendes HY-P-Objekt gefunden."
"2-420-05-kiesgrube-schernikau";"2-420-05";"Kiesgrube Schernikau";"Kiesgrube";"review";"52.6398302";"11.7965615";"0.782";"";"";"";"";"0";"";"";"OSM-Kandidat vorhanden, aber im amtlichen Prüfbereich kein passendes HY-P-Objekt gefunden."
"2-420-07-ziegeleiteich-charlottenhof-bei";"2-420-07";"Ziegeleiteich Charlottenhof bei";"Teich";"review";"52.8248843";"12.0618073";"0.803";"163.5";"";"StandingWater_DESTGEOT000067Cx";"StandingWater";"1";"0";"9999";"Amtliches Wasserobjekt vorhanden, Abstand/Name aber nicht eindeutig genug."
"2-420-08-elbe-km-392-402-linksseitig";"2-420-08";"Elbe km 392 - 402 linksseitig";"Fließgewässer";"unmatched";"";"";"";"";"";"";"";"";"";"";"Kein OSM-v3-Kandidat vorhanden."
"2-420-09-uchte-von-strae-tornau";"2-420-09";"Uchte von Straße Tornau-";"See";"review";"52.5844966";"11.7915987";"0.902";"";"";"";"";"0";"";"";"OSM-Kandidat vorhanden, aber im amtlichen Prüfbereich kein passendes HY-P-Objekt gefunden."
"2-420-10-dahlener-kiessee";"2-420-10";"Dahlener Kiessee";"Kiesgrube";"unmatched";"";"";"";"";"";"";"";"";"";"";"Kein OSM-v3-Kandidat vorhanden."
"2-420-11-fieber-in-stendal";"2-420-11";"Fieber in Stendal";"See";"review";"52.6005401";"11.8540908";"0.838";"188.6";"Stadtsee";"StandingWater_DESTGEOT000045Tt";"StandingWater";"1";"0";"9999";"Amtliches Wasserobjekt vorhanden, Abstand/Name aber nicht eindeutig genug."
"2-421-01-dollgraben";"2-421-01";"Dollgraben";"Fließgewässer";"unmatched";"";"";"";"";"";"";"";"";"";"";"Kein OSM-v3-Kandidat vorhanden."
"2-421-03-gr-und-kl-parkteich-in-tangerhutte";"2-421-03";"Gr. und Kl. Parkteich in Tangerhütte";"Teich";"review";"52.4277796";"11.822457";"0.839";"82.9";"";"StandingWater_DESTGEOT000044fH";"StandingWater";"2";"0";"30.4";"Amtliches Wasserobjekt vorhanden, Abstand/Name aber nicht eindeutig genug."
"2-421-05-bertinger-see";"2-421-05";"Bertinger See";"See";"unmatched";"";"";"";"";"";"";"";"";"";"";"Kein OSM-v3-Kandidat vorhanden."
"2-421-07-lehmkuhle-in-cobbel";"2-421-07";"Lehmkuhle in Cobbel";"See";"review";"52.3937425";"11.8622872";"0.916";"";"";"";"";"0";"";"";"OSM-Kandidat vorhanden, aber im amtlichen Prüfbereich kein passendes HY-P-Objekt gefunden."
"2-421-09-winkelwiesenteich-uchtdorf";"2-421-09";"Winkelwiesenteich Uchtdorf";"Teich";"review";"52.4197635";"11.7487224";"0.857";"";"";"";"";"0";"";"";"OSM-Kandidat vorhanden, aber im amtlichen Prüfbereich kein passendes HY-P-Objekt gefunden."
"2-421-11-elbe-km-372-4-km-378-linksseitig";"2-421-11";"Elbe km 372, 4 – km 378 linksseitig";"Fließgewässer";"unmatched";"";"";"";"";"";"";"";"";"";"";"Kein OSM-v3-Kandidat vorhanden."
"2-422-02-altes-kiesloch-bei-tangermunde";"2-422-02";"Altes Kiesloch bei Tangermünde";"Kiesgrube";"review";"52.5388554";"11.9763018";"0.85";"105.1";"";"StandingWater_DESTGEOT0000eh5b";"StandingWater";"1";"0";"9999";"Amtliche HY-P-Geometrie liegt nahe am OSM-Kandidaten, aber nicht eindeutig genug für automatische Freigabe."
"2-422-03-neues-kiesloch-bei-tangermunde";"2-422-03";"Neues Kiesloch bei Tangermünde";"Kiesgrube";"review";"52.5388554";"11.9763018";"0.85";"105.1";"";"StandingWater_DESTGEOT0000eh5b";"StandingWater";"1";"0";"9999";"Amtliche HY-P-Geometrie liegt nahe am OSM-Kandidaten, aber nicht eindeutig genug für automatische Freigabe."
"2-422-04-hartsteinwerke-bei-tangermunde";"2-422-04";"Hartsteinwerke bei Tangermünde";"See";"review";"52.5388554";"11.9763018";"0.85";"105.1";"";"StandingWater_DESTGEOT0000eh5b";"StandingWater";"1";"0";"9999";"Amtliche HY-P-Geometrie liegt nahe am OSM-Kandidaten, aber nicht eindeutig genug für automatische Freigabe."
"2-422-12-elbe-km-386-392-beidseitig-km-391-392";"2-422-12";"Elbe km 386-392 beidseitig, km 391-392";"Fließgewässer";"unmatched";"";"";"";"";"";"";"";"";"";"";"Kein OSM-v3-Kandidat vorhanden."
"2-422-13-bolsdorfer-tanger";"2-422-13";"Bölsdorfer Tanger";"See";"review";"52.516045";"11.9426673";"0.875";"382";"";"StandingWater_DESTGEOTR1008wMZ";"StandingWater";"1";"0";"9999";"Amtliches Wasserobjekt vorhanden, Abstand/Name aber nicht eindeutig genug."
"2-422-14-hafenbecken-tangermunde";"2-422-14";"Hafenbecken Tangermünde";"See";"review";"52.5388554";"11.9763018";"0.85";"105.1";"";"StandingWater_DESTGEOT0000eh5b";"StandingWater";"1";"0";"9999";"Amtliche HY-P-Geometrie liegt nahe am OSM-Kandidaten, aber nicht eindeutig genug für automatische Freigabe."
"2-423-02-bucher-kl-lanke";"2-423-02";"Bucher kl. Lanke";"See";"review";"52.5302465";"11.9594105";"0.858";"187";"";"StandingWater_DESTGEOT00004gNc";"StandingWater";"1";"0";"9999";"Amtliches Wasserobjekt vorhanden, Abstand/Name aber nicht eindeutig genug."
"2-423-03-bucher-lanke";"2-423-03";"Bucher Lanke";"See";"review";"52.5302465";"11.9594105";"0.858";"187";"";"StandingWater_DESTGEOT00004gNc";"StandingWater";"1";"0";"9999";"Amtliches Wasserobjekt vorhanden, Abstand/Name aber nicht eindeutig genug."
"2-424-03-griebener-see";"2-424-03";"Griebener See";"See";"unmatched";"";"";"";"";"";"";"";"";"";"";"Kein OSM-v3-Kandidat vorhanden."
"2-426-01-jaeneckes-teiche-bei-stendal";"2-426-01";"Jaeneckes Teiche bei Stendal";"Teich";"review";"52.6005401";"11.8540908";"0.838";"188.6";"Stadtsee";"StandingWater_DESTGEOT000045Tt";"StandingWater";"1";"0";"9999";"Amtliches Wasserobjekt vorhanden, Abstand/Name aber nicht eindeutig genug."
"3-200-01-sieben-insel-teich-in-flechtingen";"3-200-01";"Sieben-Insel-Teich in Flechtingen";"Teich";"review";"52.3315217";"11.2375789";"0.916";"35.8";"Schloßteich";"StandingWater_DESTGEOT0000eb6i";"StandingWater";"3";"0";"205.5";"Amtliche HY-P-Geometrie liegt nahe am OSM-Kandidaten, aber nicht eindeutig genug für automatische Freigabe."
"3-200-02-holzmuhlenteich-in-flechtingen";"3-200-02";"Holzmühlenteich in Flechtingen";"Teich";"review";"52.3315217";"11.2375789";"0.916";"35.8";"Schloßteich";"StandingWater_DESTGEOT0000eb6i";"StandingWater";"3";"0";"205.5";"Amtliche HY-P-Geometrie liegt nahe am OSM-Kandidaten, aber nicht eindeutig genug für automatische Freigabe."
"3-200-03-muhlenteich-flechtingen";"3-200-03";"Mühlenteich Flechtingen";"Teich";"review";"52.3315217";"11.2375789";"0.916";"35.8";"Schloßteich";"StandingWater_DESTGEOT0000eb6i";"StandingWater";"3";"0";"205.5";"Amtliche HY-P-Geometrie liegt nahe am OSM-Kandidaten, aber nicht eindeutig genug für automatische Freigabe."
"3-200-04-schloteich-in-flechtingen";"3-200-04";"Schloßteich in Flechtingen";"Teich";"review";"52.3289406";"11.2382684";"0.927";"101.8";"Schloßteich";"StandingWater_DESTGEOT0000eb6i";"StandingWater";"4";"0.444";"67.2";"Amtliche HY-P-Geometrie liegt nahe am OSM-Kandidaten, aber nicht eindeutig genug für automatische Freigabe."
"3-200-05-dorfteich-in-nordgermersleben";"3-200-05";"Dorfteich in Nordgermersleben";"Teich";"unmatched";"";"";"";"";"";"";"";"";"";"";"Kein OSM-v3-Kandidat vorhanden."
"3-200-06-muhlenteich-flechtingen";"3-200-06";"Mühlenteich Flechtingen";"Teich";"review";"52.3315217";"11.2375789";"0.916";"35.8";"Schloßteich";"StandingWater_DESTGEOT0000eb6i";"StandingWater";"3";"0";"205.5";"Amtliche HY-P-Geometrie liegt nahe am OSM-Kandidaten, aber nicht eindeutig genug für automatische Freigabe."
"3-200-09-nachtwiese-bei-bebertal";"3-200-09";"Nachtwiese bei Bebertal";"See";"review";"52.2428216";"11.3410155";"0.884";"";"";"";"";"0";"";"";"OSM-Kandidat vorhanden, aber im amtlichen Prüfbereich kein passendes HY-P-Objekt gefunden."
"3-200-10-haidteich-bei-bebertal";"3-200-10";"Haidteich bei Bebertal";"Teich";"review";"52.2428216";"11.3410155";"0.884";"";"";"";"";"0";"";"";"OSM-Kandidat vorhanden, aber im amtlichen Prüfbereich kein passendes HY-P-Objekt gefunden."
"3-200-11-steinbruche-nordhusen";"3-200-11";"Steinbrüche Nordhusen";"See";"review";"52.2461969";"11.3807624";"0.9";"301.9";"";"StandingWater_DESTGEOT00001LLT";"StandingWater";"1";"0";"9999";"Amtliches Wasserobjekt vorhanden, Abstand/Name aber nicht eindeutig genug."
"3-200-12-ehemalige-schweineweide-bei";"3-200-12";"Ehemalige Schweineweide bei";"See";"unmatched";"";"";"";"";"";"";"";"";"";"";"Kein OSM-v3-Kandidat vorhanden."
"3-200-13-hofteich-bodendorf";"3-200-13";"Hofteich Bodendorf";"Fließgewässer";"review";"52.2877324";"11.2823173";"0.849";"11.1";"";"Watercourse_DESTGEOT00001MqQ_lin";"Watercourse";"4";"0";"1.4";"Amtliches Wasserobjekt vorhanden, Abstand/Name aber nicht eindeutig genug."
"3-200-16-neuer-teich-in-bebertal";"3-200-16";"Neuer Teich in Bebertal";"Teich";"review";"52.2428216";"11.3410155";"0.884";"";"";"";"";"0";"";"";"OSM-Kandidat vorhanden, aber im amtlichen Prüfbereich kein passendes HY-P-Objekt gefunden."
"3-200-22-nonnenspringteich-haldensleben";"3-200-22";"Nonnenspringteich Haldensleben";"Teich";"unmatched";"";"";"";"";"";"";"";"";"";"";"Kein OSM-v3-Kandidat vorhanden."
"3-200-24-gutsteich-brumby-2-teile";"3-200-24";"Gutsteich Brumby (2 Teile)";"Teich";"unmatched";"";"";"";"";"";"";"";"";"";"";"Kein OSM-v3-Kandidat vorhanden."
"3-200-25-horsinger-spitze-bei-horsingen";"3-200-25";"Hörsinger Spitze bei Hörsingen";"See";"unmatched";"";"";"";"";"";"";"";"";"";"";"Kein OSM-v3-Kandidat vorhanden."
"3-200-27-tongrube-bei-ivenrode";"3-200-27";"Tongrube bei Ivenrode";"Kiesgrube";"unmatched";"";"";"";"";"";"";"";"";"";"";"Kein OSM-v3-Kandidat vorhanden."
"3-200-30-wiemeckenbruch-bei-belsdorf";"3-200-30";"Wiemeckenbruch bei Belsdorf";"See";"review";"52.3422407";"11.1520265";"0.796";"";"";"";"";"0";"";"";"OSM-Kandidat vorhanden, aber im amtlichen Prüfbereich kein passendes HY-P-Objekt gefunden."
"3-200-31-speicher-an-der-speetze-bei-everingen-a-h-k-s-1-00";"3-200-31";"Speicher an der Speetze bei Everingen A, H, K, S 1,00";"See";"unmatched";"";"";"";"";"";"";"";"";"";"";"Kein OSM-v3-Kandidat vorhanden."
"3-200-34-ohre-von-straenbrucke-calvorde";"3-200-34";"Ohre von Straßenbrücke Calvörde";"Fließgewässer";"unmatched";"";"";"";"";"";"";"";"";"";"";"Kein OSM-v3-Kandidat vorhanden."
"3-200-35-3-teiche-rosenhagen-bei-erxleben";"3-200-35";"3 Teiche Rosenhagen bei Erxleben";"Teich";"unmatched";"";"";"";"";"";"";"";"";"";"";"Kein OSM-v3-Kandidat vorhanden."
"3-200-37-schafbade-bei-erxleben";"3-200-37";"Schafbade bei Erxleben";"See";"review";"52.2192712";"11.2411831";"0.925";"186.1";"";"StandingWater_DESTGEOT00001v7F";"StandingWater";"1";"0";"9999";"Amtliches Wasserobjekt vorhanden, Abstand/Name aber nicht eindeutig genug."
"3-200-40-silbersee-bei-calvorde";"3-200-40";"Silbersee bei Calvörde";"See";"review";"52.3958691";"11.3057448";"0.84";"";"";"";"";"0";"";"";"OSM-Kandidat vorhanden, aber im amtlichen Prüfbereich kein passendes HY-P-Objekt gefunden."
"3-200-42-aller-von-bab-2-bis-landesgrenze";"3-200-42";"Aller von BAB 2 bis Landesgrenze";"See";"unmatched";"";"";"";"";"";"";"";"";"";"";"Kein OSM-v3-Kandidat vorhanden."
"3-200-43-scholecke-vom-ablauf-schaferteich";"3-200-43";"Schölecke vom Ablauf Schäferteich";"Teich";"unmatched";"";"";"";"";"";"";"";"";"";"";"Kein OSM-v3-Kandidat vorhanden."
"3-200-44-speetze-vom-ablauf-schloteich";"3-200-44";"Speetze vom Ablauf Schloßteich";"Teich";"unmatched";"";"";"";"";"";"";"";"";"";"";"Kein OSM-v3-Kandidat vorhanden."
"3-200-45-beber-von-einmundung-der-rie";"3-200-45";"Beber von Einmündung der Rie";"See";"review";"51.4773429";"11.9782414";"0.818";"";"";"";"";"0";"";"";"OSM-Kandidat vorhanden, aber im amtlichen Prüfbereich kein passendes HY-P-Objekt gefunden."
"3-200-46-wanneweh-von-einmundung-des";"3-200-46";"Wanneweh von Einmündung des";"See";"review";"52.2733724";"11.0612403";"0.849";"42.2";"";"StandingWater_DESTGEOT00001dYa";"StandingWater";"1";"0";"9999";"Amtliche HY-P-Geometrie liegt nahe am OSM-Kandidaten, aber nicht eindeutig genug für automatische Freigabe."
"3-200-47-markgrafenteich-bei-bebertal";"3-200-47";"Markgrafenteich bei Bebertal";"Teich";"review";"52.2428216";"11.3410155";"0.884";"";"";"";"";"0";"";"";"OSM-Kandidat vorhanden, aber im amtlichen Prüfbereich kein passendes HY-P-Objekt gefunden."
"3-200-48-papenteich-bei-emden";"3-200-48";"Papenteich bei Emden";"Teich";"review";"52.2619885";"11.2855712";"0.875";"";"";"";"";"0";"";"";"OSM-Kandidat vorhanden, aber im amtlichen Prüfbereich kein passendes HY-P-Objekt gefunden."
"3-200-50-speicher-an-der-krummbeck";"3-200-50";"Speicher an der Krummbeck";"See";"unmatched";"";"";"";"";"";"";"";"";"";"";"Kein OSM-v3-Kandidat vorhanden."
"3-200-52-regenruckhaltebecken-in-hermsdorf";"3-200-52";"Regenrückhaltebecken in Hermsdorf";"See";"review";"52.1867944";"11.4815856";"0.873";"";"";"";"";"0";"";"";"OSM-Kandidat vorhanden, aber im amtlichen Prüfbereich kein passendes HY-P-Objekt gefunden."
"3-200-56-waldsteinbruch-hundisburg";"3-200-56";"Waldsteinbruch Hundisburg";"See";"unmatched";"";"";"";"";"";"";"";"";"";"";"Kein OSM-v3-Kandidat vorhanden."
"3-200-58-teich-in-ratzlingen";"3-200-58";"Teich in Rätzlingen";"Teich";"unmatched";"";"";"";"";"";"";"";"";"";"";"Kein OSM-v3-Kandidat vorhanden."
"3-200-59-koppelteiche-hundisburg";"3-200-59";"Koppelteiche Hundisburg";"Teich";"unmatched";"";"";"";"";"";"";"";"";"";"";"Kein OSM-v3-Kandidat vorhanden."
"4-130-31-alte-elbe-bei-niegripp";"4-130-31";"Alte Elbe bei Niegripp";"Fließgewässer";"unmatched";"";"";"";"";"";"";"";"";"";"";"Kein OSM-v3-Kandidat vorhanden."
"4-130-32-niegripper-altkanal-teilflache";"4-130-32";"Niegripper Altkanal (Teilfläche)";"Fließgewässer";"unmatched";"";"";"";"";"";"";"";"";"";"";"Kein OSM-v3-Kandidat vorhanden."
"4-130-33-gr-gehrenscher-see";"4-130-33";"Gr. Gehrenscher See";"See";"unmatched";"";"";"";"";"";"";"";"";"";"";"Kein OSM-v3-Kandidat vorhanden."
"4-130-34-flickschuhteich-burg";"4-130-34";"Flickschuhteich Burg";"Teich";"review";"52.2711281";"11.8607563";"0.916";"295.1";"";"StandingWater_DESTGEOT000033mN";"StandingWater";"1";"0";"9999";"Amtliches Wasserobjekt vorhanden, Abstand/Name aber nicht eindeutig genug."
"4-130-36-mittellandkanal-km-322-82-km-324-46-a-bl-k-pl-z-5-31-nordufer";"4-130-36";"Mittellandkanal km 322,82 - km 324,46 A, Bl, K, Pl, Z 5,31 Nordufer";"Fließgewässer";"unmatched";"";"";"";"";"";"";"";"";"";"";"Kein OSM-v3-Kandidat vorhanden."
"4-170-04-muhlengraben-bei-mutzel";"4-170-04";"Mühlengraben bei Mützel";"Fließgewässer";"unmatched";"";"";"";"";"";"";"";"";"";"";"Kein OSM-v3-Kandidat vorhanden."
"4-170-06-kiesgrube-brettiner-chaussee-ein";"4-170-06";"Kiesgrube Brettiner Chaussee Ein-";"Kiesgrube";"review";"52.1700956";"11.6109462";"0.905";"";"";"";"";"0";"";"";"OSM-Kandidat vorhanden, aber im amtlichen Prüfbereich kein passendes HY-P-Objekt gefunden."
"4-170-08-altenplatower-altkanal";"4-170-08";"Altenplatower-Altkanal";"Fließgewässer";"unmatched";"";"";"";"";"";"";"";"";"";"";"Kein OSM-v3-Kandidat vorhanden."
"4-170-10-kiesgrube-zabakuck";"4-170-10";"Kiesgrube Zabakuck";"Kiesgrube";"unmatched";"";"";"";"";"";"";"";"";"";"";"Kein OSM-v3-Kandidat vorhanden."
"4-170-11-tucheim-parchener-bach-vom-ringels";"4-170-11";"Tucheim-Parchener-Bach vom Ringels-";"See";"unmatched";"";"";"";"";"";"";"";"";"";"";"Kein OSM-v3-Kandidat vorhanden."
"4-170-12-torschiffahrtskanal-vom-wehr-mutzel-bis-a-b-bl-h-pl-qu-3-00-zur-mundung-in-den-fiener-haupvorfluter";"4-170-12";"Torschiffahrtskanal vom Wehr Mützel bis A, B, Bl, H, Pl, Qu 3,00 zur Mündung in den Fiener Haupvorfluter";"Fließgewässer";"unmatched";"";"";"";"";"";"";"";"";"";"";"Kein OSM-v3-Kandidat vorhanden."
"4-170-13-fiener-hauptvorfluter-vom-wehr";"4-170-13";"Fiener Hauptvorfluter vom Wehr";"See";"review";"52.3884409";"11.9684783";"0.833";"191.2";"";"StandingWater_DESTGEOT0000gx0g";"StandingWater";"1";"0";"9999";"Amtliches Wasserobjekt vorhanden, Abstand/Name aber nicht eindeutig genug."
"4-170-14-hauptstremme-vom-rodorfer-altkanal-a-b-bl-h-pl-s-8-00-bis-zur-einmundung-des-galmer-grabens";"4-170-14";"Hauptstremme vom Roßdorfer Altkanal A, B, Bl, H, Pl, S 8,00 bis zur Einmündung des Galmer Grabens";"Fließgewässer";"unmatched";"";"";"";"";"";"";"";"";"";"";"Kein OSM-v3-Kandidat vorhanden."
"4-170-15-schlagenthiner-stremme-vom-rodorfer-a-b-bl-h-pl-s-7-00-altkanal-bis-zur-hauptstremme";"4-170-15";"Schlagenthiner Stremme vom Roßdorfer A, B, Bl, H, Pl, S 7,00 Altkanal bis zur Hauptstremme";"Fließgewässer";"review";"52.4822552";"12.2398619";"0.835";"6";"";"Watercourse_DESTGEOT00006aD9_lin";"Watercourse";"7";"0";"21.8";"Amtliches Wasserobjekt vorhanden, Abstand/Name aber nicht eindeutig genug."
"4-170-16-elbe-havel-kanal-von-km-360-bis-364-5-a-b-bl-h-k-71-92-brucke-b1-ortsausgang-genthin-und";"4-170-16";"Elbe-Havel-Kanal von km 360 bis 364, 5 A, B, Bl, H, K, 71,92 (Brücke B1 Ortsausgang Genthin) und";"Fließgewässer";"review";"52.4087394";"12.139385";"0.904";"0.1";"";"Watercourse_DESTGEOT0000604e_lin";"Watercourse";"10";"0";"53.3";"Amtliche HY-P-Geometrie liegt nahe am OSM-Kandidaten, aber nicht eindeutig genug für automatische Freigabe."
"4-170-17-2-teiche-im-parchener-park";"4-170-17";"2 Teiche im Parchener Park";"Teich";"review";"52.4096458";"12.1525042";"0.881";"229.1";"";"StandingWater_DESTGEOT000068ts";"StandingWater";"1";"0";"9999";"Amtliches Wasserobjekt vorhanden, Abstand/Name aber nicht eindeutig genug."
"4-171-01-kiesgrube-netzband-bei-derben";"4-171-01";"Kiesgrube Netzband bei Derben";"Kiesgrube";"unmatched";"";"";"";"";"";"";"";"";"";"";"Kein OSM-v3-Kandidat vorhanden."
"4-171-03-muhlenlanke-herrenseegraben-bei-parey-a-b-bl-gu-h-pl-ro-1-00";"4-171-03";"Mühlenlanke-Herrenseegraben bei Parey A, B, Bl, Gü, H, Pl, Ro 1,00";"Fließgewässer";"unmatched";"";"";"";"";"";"";"";"";"";"";"Kein OSM-v3-Kandidat vorhanden."
"4-171-04-kiesgrube-an-der-mts-in-parey";"4-171-04";"Kiesgrube an der MTS in Parey";"Kiesgrube";"review";"52.3773864";"11.9850074";"0.898";"";"";"";"";"0";"";"";"OSM-Kandidat vorhanden, aber im amtlichen Prüfbereich kein passendes HY-P-Objekt gefunden."
"4-171-05-alte-elbe-mit-tunnel-und";"4-171-05";"Alte Elbe mit Tunnel und";"Fließgewässer";"unmatched";"";"";"";"";"";"";"";"";"";"";"Kein OSM-v3-Kandidat vorhanden."
"4-171-08-feuerloschteich-bei-ferchland";"4-171-08";"Feuerlöschteich bei Ferchland";"Teich";"unmatched";"";"";"";"";"";"";"";"";"";"";"Kein OSM-v3-Kandidat vorhanden."
"4-171-12-baggerelbe-bei-derben";"4-171-12";"Baggerelbe bei Derben";"Fließgewässer";"unmatched";"";"";"";"";"";"";"";"";"";"";"Kein OSM-v3-Kandidat vorhanden."
"4-171-14-stromelbe-von-km-372-4";"4-171-14";"Stromelbe von km 372,4";"Fließgewässer";"review";"51.74643";"11.0094452";"0.883";"103";"";"Watercourse_DESTGEOT000014RI_lin";"Watercourse";"5";"0";"136.4";"Amtliche HY-P-Geometrie liegt nahe am OSM-Kandidaten, aber nicht eindeutig genug für automatische Freigabe."
"4-171-15-pareyer-verbindungskanal";"4-171-15";"Pareyer Verbindungskanal";"Fließgewässer";"unmatched";"";"";"";"";"";"";"";"";"";"";"Kein OSM-v3-Kandidat vorhanden."
"4-171-16-zerbener-altarm-am";"4-171-16";"Zerbener Altarm am";"See";"review";"51.7589429";"13.0912271";"0.906";"202.7";"";"StandingWater_DESTGEOT00005VgK";"StandingWater";"1";"0";"9999";"Amtliches Wasserobjekt vorhanden, Abstand/Name aber nicht eindeutig genug."
"4-171-18-waldmuhlenlanke-bei-parey";"4-171-18";"Waldmühlenlanke bei Parey";"See";"review";"52.3773864";"11.9850074";"0.898";"";"";"";"";"0";"";"";"OSM-Kandidat vorhanden, aber im amtlichen Prüfbereich kein passendes HY-P-Objekt gefunden."
"4-171-19-pappelloch-bei-parey";"4-171-19";"Pappelloch bei Parey";"See";"review";"52.3773864";"11.9850074";"0.898";"";"";"";"";"0";"";"";"OSM-Kandidat vorhanden, aber im amtlichen Prüfbereich kein passendes HY-P-Objekt gefunden."
"4-171-20-wolfsloch-1-und-2-bei-parey";"4-171-20";"Wolfsloch 1 und 2 bei Parey";"See";"review";"52.3773864";"11.9850074";"0.898";"";"";"";"";"0";"";"";"OSM-Kandidat vorhanden, aber im amtlichen Prüfbereich kein passendes HY-P-Objekt gefunden."
"4-171-21-erdegraben-bei-parey";"4-171-21";"Erdegraben bei Parey";"Fließgewässer";"review";"52.3818511";"11.9911974";"0.87";"418.1";"";"Watercourse_DESTGEOT00004fuN_pol";"Watercourse";"1";"0";"9999";"Amtliches Wasserobjekt vorhanden, Abstand/Name aber nicht eindeutig genug."
"4-171-22-hemslake-bei-parey";"4-171-22";"Hemslake bei Parey";"See";"review";"52.3773864";"11.9850074";"0.898";"";"";"";"";"0";"";"";"OSM-Kandidat vorhanden, aber im amtlichen Prüfbereich kein passendes HY-P-Objekt gefunden."
"4-171-23-badingslanke-bei-zerben";"4-171-23";"Badingslanke bei Zerben";"See";"unmatched";"";"";"";"";"";"";"";"";"";"";"Kein OSM-v3-Kandidat vorhanden."
"4-171-25-groes-wasserloch-parey-kuhn-s-loch";"4-171-25";"Großes Wasserloch Parey (Kühn´s Loch)";"See";"review";"52.3894247";"11.984425";"0.945";"146.7";"Kühnes Loch";"StandingWater_DESTGEOT0000dBD6";"StandingWater";"3";"0.167";"48.3";"Amtliches Wasserobjekt vorhanden, Abstand/Name aber nicht eindeutig genug."
"4-171-27-herrensee-parey";"4-171-27";"Herrensee Parey";"See";"review";"52.3773864";"11.9850074";"0.898";"";"";"";"";"0";"";"";"OSM-Kandidat vorhanden, aber im amtlichen Prüfbereich kein passendes HY-P-Objekt gefunden."
"4-172-01-elbe-havel-kanal-von-km-364-5";"4-172-01";"Elbe-Havel-Kanal von km 364,5";"Fließgewässer";"review";"53.6879895";"9.1814549";"0.848";"";"";"";"";"0";"";"";"OSM-Kandidat vorhanden, aber im amtlichen Prüfbereich kein passendes HY-P-Objekt gefunden."
"4-172-03-rodorfer-altkanal-von";"4-172-03";"Roßdorfer Altkanal von";"Fließgewässer";"unmatched";"";"";"";"";"";"";"";"";"";"";"Kein OSM-v3-Kandidat vorhanden."
"4-173-01-bergzower-altkanal-vom-abzweig";"4-173-01";"Bergzower Altkanal vom Abzweig";"Fließgewässer";"unmatched";"";"";"";"";"";"";"";"";"";"";"Kein OSM-v3-Kandidat vorhanden."
"4-173-02-elbe-havel-kanal-von-km-353-km-360";"4-173-02";"Elbe-Havel-Kanal von km 353 - km 360";"Fließgewässer";"review";"52.4967467";"12.0194681";"0.785";"98.5";"";"Watercourse_DESTGEOT000061OF_lin";"Watercourse";"3";"0";"7.8";"Amtliches Wasserobjekt vorhanden, Abstand/Name aber nicht eindeutig genug."
"4-280-01-umflutehle-von-einmundung-der";"4-280-01";"Umflutehle von Einmündung der";"See";"unmatched";"";"";"";"";"";"";"";"";"";"";"Kein OSM-v3-Kandidat vorhanden."
"4-490-02-ziegeleiteich-1-und-2-bei-leitzkau";"4-490-02";"Ziegeleiteich 1 und 2 bei Leitzkau";"Teich";"unmatched";"";"";"";"";"";"";"";"";"";"";"Kein OSM-v3-Kandidat vorhanden."
"4-490-03-schloteich-und-2-nebenteiche-in";"4-490-03";"Schloßteich und 2 Nebenteiche in";"Teich";"review";"52.2638312";"11.8326902";"0.885";"";"";"";"";"0";"";"";"OSM-Kandidat vorhanden, aber im amtlichen Prüfbereich kein passendes HY-P-Objekt gefunden."
"4-490-04-dornburger-see";"4-490-04";"Dornburger See";"See";"unmatched";"";"";"";"";"";"";"";"";"";"";"Kein OSM-v3-Kandidat vorhanden."
"4-491-01-prodeler-see-2-teiche";"4-491-01";"Prödeler See - 2 Teiche";"Teich";"unmatched";"";"";"";"";"";"";"";"";"";"";"Kein OSM-v3-Kandidat vorhanden."
"4-491-02-griebensee-bei-prodel";"4-491-02";"Griebensee bei Prödel";"See";"review";"52.0381599";"11.9134129";"0.885";"";"";"";"";"0";"";"";"OSM-Kandidat vorhanden, aber im amtlichen Prüfbereich kein passendes HY-P-Objekt gefunden."
"4-491-03-lubser-see";"4-491-03";"Lübser See";"See";"unmatched";"";"";"";"";"";"";"";"";"";"";"Kein OSM-v3-Kandidat vorhanden."
"4-492-01-pappelteich-bei-hobeck";"4-492-01";"Pappelteich bei Hobeck";"Teich";"unmatched";"";"";"";"";"";"";"";"";"";"";"Kein OSM-v3-Kandidat vorhanden."
"4-492-02-groer-teich-bei-dalchau";"4-492-02";"Großer Teich bei Dalchau";"Teich";"unmatched";"";"";"";"";"";"";"";"";"";"";"Kein OSM-v3-Kandidat vorhanden."
"4-492-03-kleiner-teich-bei-dalchau";"4-492-03";"Kleiner Teich bei Dalchau";"Teich";"review";"52.1124461";"11.9896018";"0.924";"";"";"";"";"0";"";"";"OSM-Kandidat vorhanden, aber im amtlichen Prüfbereich kein passendes HY-P-Objekt gefunden."
"4-492-04-teich-in-gobel";"4-492-04";"Teich in Göbel";"Teich";"review";"52.0753173";"12.0140574";"0.918";"46";"";"StandingWater_DESTGEOT00004TOm";"StandingWater";"2";"0";"18.5";"Amtliches Wasserobjekt vorhanden, Abstand/Name aber nicht eindeutig genug."
"4-492-05-kiesgrube-loburg";"4-492-05";"Kiesgrube Loburg";"Kiesgrube";"unmatched";"";"";"";"";"";"";"";"";"";"";"Kein OSM-v3-Kandidat vorhanden."
"5-100-02-ellernteich-in-reinstedt";"5-100-02";"Ellernteich in Reinstedt";"Teich";"unmatched";"";"";"";"";"";"";"";"";"";"";"Kein OSM-v3-Kandidat vorhanden."
"5-101-01-kiesgrube-zwischen-aschersleben";"5-101-01";"Kiesgrube zwischen Aschersleben";"Kiesgrube";"review";"51.8200904";"11.1442594";"0.732";"";"";"";"";"0";"";"";"OSM-Kandidat vorhanden, aber im amtlichen Prüfbereich kein passendes HY-P-Objekt gefunden."
"5-101-02-pappelteich-ermsleben";"5-101-02";"Pappelteich Ermsleben";"Teich";"unmatched";"";"";"";"";"";"";"";"";"";"";"Kein OSM-v3-Kandidat vorhanden."
"5-101-03-burgteich-ermsleben";"5-101-03";"Burgteich Ermsleben";"Teich";"unmatched";"";"";"";"";"";"";"";"";"";"";"Kein OSM-v3-Kandidat vorhanden."
"5-190-01-krummer-teich-bei-dingelstedt";"5-190-01";"Krummer Teich bei Dingelstedt";"Teich";"review";"51.9739839";"10.9796613";"0.901";"";"";"";"";"0";"";"";"OSM-Kandidat vorhanden, aber im amtlichen Prüfbereich kein passendes HY-P-Objekt gefunden."
"5-190-02-parkteich-mahndorf";"5-190-02";"Parkteich Mahndorf";"Teich";"unmatched";"";"";"";"";"";"";"";"";"";"";"Kein OSM-v3-Kandidat vorhanden."
"5-190-03-bode-vom-einlauf-des-goldbaches";"5-190-03";"Bode vom Einlauf des Goldbaches";"Fließgewässer";"unmatched";"";"";"";"";"";"";"";"";"";"";"Kein OSM-v3-Kandidat vorhanden."
"5-190-04-halberstadter-see-1-badesee";"5-190-04";"Halberstädter See 1 (Badesee)";"See";"unmatched";"";"";"";"";"";"";"";"";"";"";"Kein OSM-v3-Kandidat vorhanden."
"5-190-06-groer-graben-vom-zusammenfluss";"5-190-06";"Großer Graben vom Zusammenfluss";"Fließgewässer";"unmatched";"";"";"";"";"";"";"";"";"";"";"Kein OSM-v3-Kandidat vorhanden."
"5-190-08-halberstadter-see-ii";"5-190-08";"Halberstädter See II";"See";"review";"51.6575633";"11.1495517";"0.769";"244.8";"";"StandingWater_DESTGEOT00001ldu";"StandingWater";"1";"0";"9999";"Amtliches Wasserobjekt vorhanden, Abstand/Name aber nicht eindeutig genug."
"5-191-01-fischteich-osterwieck";"5-191-01";"Fischteich Osterwieck";"Teich";"review";"51.9646992";"10.7055165";"0.821";"40.4";"";"StandingWater_DESTGEOT00000HQX";"StandingWater";"1";"0";"9999";"Amtliche HY-P-Geometrie liegt nahe am OSM-Kandidaten, aber nicht eindeutig genug für automatische Freigabe."
"5-191-02-muhlenteich-deersheim";"5-191-02";"Mühlenteich Deersheim";"Teich";"unmatched";"";"";"";"";"";"";"";"";"";"";"Kein OSM-v3-Kandidat vorhanden."
"5-191-03-turmteich-eilenstedt";"5-191-03";"Turmteich Eilenstedt";"Teich";"review";"51.9851521";"11.0418283";"0.76";"37.7";"";"StandingWater_DESTGEOT00001bjH";"StandingWater";"1";"0";"9999";"Amtliche HY-P-Geometrie liegt nahe am OSM-Kandidaten, aber nicht eindeutig genug für automatische Freigabe."
"5-340-01-erichsburger-teich-bei-friedrichsbrunn";"5-340-01";"Erichsburger Teich bei Friedrichsbrunn";"Teich";"review";"51.6969464";"11.0261575";"0.901";"305.1";"";"StandingWater_DESTGEOT000013d8";"StandingWater";"1";"0";"9999";"Amtliches Wasserobjekt vorhanden, Abstand/Name aber nicht eindeutig genug."
"5-340-02-bergrat-muller-teich-bei-gernrode";"5-340-02";"Bergrat-Müller Teich bei Gernrode";"Teich";"review";"51.7255993";"11.1418533";"0.894";"";"";"";"";"0";"";"";"OSM-Kandidat vorhanden, aber im amtlichen Prüfbereich kein passendes HY-P-Objekt gefunden."
"5-340-03-neuer-teich-bei-gernrode";"5-340-03";"Neuer Teich bei Gernrode";"Teich";"review";"51.7255993";"11.1418533";"0.894";"";"";"";"";"0";"";"";"OSM-Kandidat vorhanden, aber im amtlichen Prüfbereich kein passendes HY-P-Objekt gefunden."
"5-340-05-kunstteich-in-ballenstedt";"5-340-05";"Kunstteich in Ballenstedt";"Teich";"unmatched";"";"";"";"";"";"";"";"";"";"";"Kein OSM-v3-Kandidat vorhanden."
"5-340-06-hauptseegraben-von-kreisgrenze";"5-340-06";"Hauptseegraben von Kreisgrenze";"Fließgewässer";"review";"51.686505";"11.2910271";"0.793";"120";"";"Watercourse_DESTGEOT00001Dro_lin";"Watercourse";"3";"0";"169.7";"Amtliche HY-P-Geometrie liegt nahe am OSM-Kandidaten, aber nicht eindeutig genug für automatische Freigabe."
"5-340-07-groer-dachsteich-bei-ballenstedt";"5-340-07";"Großer Dachsteich bei Ballenstedt";"Teich";"unmatched";"";"";"";"";"";"";"";"";"";"";"Kein OSM-v3-Kandidat vorhanden."
"5-340-08-kiesgrube-bei-dittfurt";"5-340-08";"Kiesgrube bei Dittfurt";"Kiesgrube";"unmatched";"";"";"";"";"";"";"";"";"";"";"Kein OSM-v3-Kandidat vorhanden."
"5-340-09-bode-vom-einlauf-des-quarmbaches";"5-340-09";"Bode vom Einlauf des Quarmbaches";"Fließgewässer";"unmatched";"";"";"";"";"";"";"";"";"";"";"Kein OSM-v3-Kandidat vorhanden."
"5-340-10-groer-siebersteinsteich-bei-ballenstedt-a-b-bl-h-k-4-20-pl-ro-s";"5-340-10";"Großer Siebersteinsteich bei Ballenstedt A, B, Bl, H, K, 4,20 Pl, Ro, S";"Teich";"unmatched";"";"";"";"";"";"";"";"";"";"";"Kein OSM-v3-Kandidat vorhanden."
"5-340-11-kleiner-siebersteinsteich-bei-ballenstedt-b-h-k-pl-s-z-1-80";"5-340-11";"Kleiner Siebersteinsteich bei Ballenstedt B, H, K, Pl, S, Z 1,80";"Teich";"review";"51.7176889";"11.229058";"0.852";"";"";"";"";"0";"";"";"OSM-Kandidat vorhanden, aber im amtlichen Prüfbereich kein passendes HY-P-Objekt gefunden."
"5-340-12-gondelteich-in-friedrichsbrunn";"5-340-12";"Gondelteich in Friedrichsbrunn";"Teich";"review";"51.6969464";"11.0261575";"0.901";"305.1";"";"StandingWater_DESTGEOT000013d8";"StandingWater";"1";"0";"9999";"Amtliches Wasserobjekt vorhanden, Abstand/Name aber nicht eindeutig genug."
"5-340-13-selke-von-kreisgrenze";"5-340-13";"Selke von Kreisgrenze";"Fließgewässer";"review";"52.0409719";"11.2349334";"0.843";"0.3";"";"Watercourse_DESTGEOT00001rs6_lin";"Watercourse";"3";"0";"3.7";"Amtliches Wasserobjekt vorhanden, Abstand/Name aber nicht eindeutig genug."
"5-340-14-gondelteich-thale";"5-340-14";"Gondelteich Thale";"Teich";"review";"51.7554484";"11.0496748";"0.796";"";"";"";"";"0";"";"";"OSM-Kandidat vorhanden, aber im amtlichen Prüfbereich kein passendes HY-P-Objekt gefunden."
"5-340-15-glockenteich-ballenstedt";"5-340-15";"Glockenteich Ballenstedt";"Teich";"review";"51.7176889";"11.229058";"0.852";"";"";"";"";"0";"";"";"OSM-Kandidat vorhanden, aber im amtlichen Prüfbereich kein passendes HY-P-Objekt gefunden."
"5-340-16-flottenteich-weddersleben";"5-340-16";"Flottenteich Weddersleben";"Teich";"review";"51.7741237";"11.0705289";"0.851";"";"";"";"";"0";"";"";"OSM-Kandidat vorhanden, aber im amtlichen Prüfbereich kein passendes HY-P-Objekt gefunden."
"5-340-17-kiessandtagebau-ditfurt-i";"5-340-17";"Kiessandtagebau Ditfurt I";"Kiesgrube";"unmatched";"";"";"";"";"";"";"";"";"";"";"Kein OSM-v3-Kandidat vorhanden."
"5-340-18-kiessandtagebau-ditfurt-ii";"5-340-18";"Kiessandtagebau Ditfurt II";"Kiesgrube";"review";"51.8371656";"11.2039636";"0.845";"";"";"";"";"0";"";"";"OSM-Kandidat vorhanden, aber im amtlichen Prüfbereich kein passendes HY-P-Objekt gefunden."
"5-340-19-petersstichel-thale";"5-340-19";"Petersstichel Thale";"See";"review";"51.7554484";"11.0496748";"0.796";"";"";"";"";"0";"";"";"OSM-Kandidat vorhanden, aber im amtlichen Prüfbereich kein passendes HY-P-Objekt gefunden."
"5-340-20-muhlgraben-thale-0-25";"5-340-20";"Mühlgraben Thale 0,25";"Fließgewässer";"review";"51.4708382";"11.8860993";"0.752";"215.6";"";"Watercourse_DESTGEOT00002LqT_lin";"Watercourse";"4";"0";"11";"Amtliches Wasserobjekt vorhanden, Abstand/Name aber nicht eindeutig genug."
"5-340-22-schloteich-ballenstedt";"5-340-22";"Schloßteich Ballenstedt";"Teich";"review";"51.7176889";"11.229058";"0.852";"";"";"";"";"0";"";"";"OSM-Kandidat vorhanden, aber im amtlichen Prüfbereich kein passendes HY-P-Objekt gefunden."
"5-450-01-luttgenbornecke-bei-bornecke";"5-450-01";"Lüttgenbörnecke bei Börnecke";"See";"unmatched";"";"";"";"";"";"";"";"";"";"";"Kein OSM-v3-Kandidat vorhanden."
"5-450-02-groer-schachtteich-bei-wienrode";"5-450-02";"Großer Schachtteich bei Wienrode";"Teich";"review";"51.7636161";"10.9835211";"0.778";"76.1";"Schachtteich";"StandingWater_DESTGEOT00000Q54";"StandingWater";"3";"0.364";"42.3";"Amtliche HY-P-Geometrie liegt nahe am OSM-Kandidaten, aber nicht eindeutig genug für automatische Freigabe."
"5-450-03-brockenstedter-muhle";"5-450-03";"Brockenstedter Mühle";"See";"review";"51.8379782";"10.9616178";"0.86";"323.7";"";"StandingWater_DESTGEOT00000SrH";"StandingWater";"1";"0";"9999";"Amtliches Wasserobjekt vorhanden, Abstand/Name aber nicht eindeutig genug."
"5-450-04-mulmker-parkteiche";"5-450-04";"Mulmker Parkteiche";"Teich";"unmatched";"";"";"";"";"";"";"";"";"";"";"Kein OSM-v3-Kandidat vorhanden."
"5-450-05-kleiner-schachtteich-bei-wienrode-a-b-h-k-pl-s-z-0-47";"5-450-05";"Kleiner Schachtteich bei Wienrode A, B, H, K, Pl, S, Z 0,47";"Teich";"review";"51.7636161";"10.9835211";"0.778";"76.1";"Schachtteich";"StandingWater_DESTGEOT00000Q54";"StandingWater";"3";"0.226";"42.3";"Amtliche HY-P-Geometrie liegt nahe am OSM-Kandidaten, aber nicht eindeutig genug für automatische Freigabe."
"5-450-06-wiesenteich-bei-wienrode";"5-450-06";"Wiesenteich bei Wienrode";"Teich";"review";"51.7636161";"10.9835211";"0.778";"76.1";"Schachtteich";"StandingWater_DESTGEOT00000Q54";"StandingWater";"3";"0";"42.3";"Amtliche HY-P-Geometrie liegt nahe am OSM-Kandidaten, aber nicht eindeutig genug für automatische Freigabe."
"6-100-01-bruchfeldsee-wilslebener-see";"6-100-01";"Bruchfeldsee (Wilslebener See)";"See";"unmatched";"";"";"";"";"";"";"";"";"";"";"Kein OSM-v3-Kandidat vorhanden."
"6-100-02-tonkuhle-badetonkuhle-in-aschersleben-a-h-k-pl-ro-s-0-30";"6-100-02";"Tonkuhle (Badetonkuhle) in Aschersleben A, H, K, Pl, Ro, S 0,30";"See";"unmatched";"";"";"";"";"";"";"";"";"";"";"Kein OSM-v3-Kandidat vorhanden."
"6-100-04-birkenweiher-gatersleben";"6-100-04";"Birkenweiher Gatersleben";"See";"unmatched";"";"";"";"";"";"";"";"";"";"";"Kein OSM-v3-Kandidat vorhanden."
"6-100-06-tonkuhle-nahry-aschersleben";"6-100-06";"Tonkuhle Nahry Aschersleben";"See";"review";"51.7519805";"11.4451652";"0.844";"";"";"";"";"0";"";"";"OSM-Kandidat vorhanden, aber im amtlichen Prüfbereich kein passendes HY-P-Objekt gefunden."
"6-100-07-hauptseegraben-von-einmundung";"6-100-07";"Hauptseegraben von Einmündung";"Fließgewässer";"unmatched";"";"";"";"";"";"";"";"";"";"";"Kein OSM-v3-Kandidat vorhanden."
"6-100-08-heckenteich-in-gatersleben";"6-100-08";"Heckenteich in Gatersleben";"Teich";"review";"51.8157237";"11.2912113";"0.928";"33";"";"StandingWater_DESTGEOT00001GLG";"StandingWater";"2";"0";"58.7";"Amtliche HY-P-Geometrie liegt nahe am OSM-Kandidaten, aber nicht eindeutig genug für automatische Freigabe."
"6-100-10-wipper-von-letzter-brucke-klein";"6-100-10";"Wipper von letzter Brücke Klein";"See";"unmatched";"";"";"";"";"";"";"";"";"";"";"Kein OSM-v3-Kandidat vorhanden."
"6-100-11-gondelteich-aschersleben";"6-100-11";"Gondelteich Aschersleben";"Teich";"review";"51.7519805";"11.4451652";"0.844";"";"";"";"";"0";"";"";"OSM-Kandidat vorhanden, aber im amtlichen Prüfbereich kein passendes HY-P-Objekt gefunden."
"6-100-12-kiesgrube-an-der-froser-strae";"6-100-12";"Kiesgrube an der Froser Straße";"Kiesgrube";"review";"51.7519805";"11.4451652";"0.775";"";"";"";"";"0";"";"";"OSM-Kandidat vorhanden, aber im amtlichen Prüfbereich kein passendes HY-P-Objekt gefunden."
"6-110-01-flanschenteich-bebitz";"6-110-01";"Flanschenteich Bebitz";"Teich";"review";"51.7204392";"11.7566212";"0.898";"222.9";"";"StandingWater_DESTGEOT00002wbT";"StandingWater";"1";"0";"9999";"Amtliches Wasserobjekt vorhanden, Abstand/Name aber nicht eindeutig genug."
"6-110-02-dammloch-beesenlaublingen";"6-110-02";"Dammloch Beesenlaublingen";"See";"unmatched";"";"";"";"";"";"";"";"";"";"";"Kein OSM-v3-Kandidat vorhanden."
"6-110-03-neues-tonloch-beesenlaublingen";"6-110-03";"Neues Tonloch Beesenlaublingen";"See";"review";"51.7130818";"11.6964286";"0.919";"";"";"";"";"0";"";"";"OSM-Kandidat vorhanden, aber im amtlichen Prüfbereich kein passendes HY-P-Objekt gefunden."
"6-110-04-altes-tonloch-beesenlaublingen";"6-110-04";"Altes Tonloch Beesenlaublingen";"See";"review";"51.7130818";"11.6964286";"0.919";"";"";"";"";"0";"";"";"OSM-Kandidat vorhanden, aber im amtlichen Prüfbereich kein passendes HY-P-Objekt gefunden."
"6-110-05-alter-tagebau-gerlebogk";"6-110-05";"Alter Tagebau Gerlebogk";"Kiesgrube";"unmatched";"";"";"";"";"";"";"";"";"";"";"Kein OSM-v3-Kandidat vorhanden."
"6-110-06-sportplatzteich-gerlebogk";"6-110-06";"Sportplatzteich Gerlebogk";"Teich";"review";"51.7034028";"11.8243895";"0.836";"280.4";"Gerlebogker See";"StandingWater_DESTGEOTR100ghpl";"StandingWater";"1";"0";"9999";"Amtliches Wasserobjekt vorhanden, Abstand/Name aber nicht eindeutig genug."
"6-110-07-villa-teich-gerlebogk";"6-110-07";"Villa-Teich Gerlebogk";"Teich";"review";"51.7034028";"11.8243895";"0.836";"280.4";"Gerlebogker See";"StandingWater_DESTGEOTR100ghpl";"StandingWater";"1";"0";"9999";"Amtliches Wasserobjekt vorhanden, Abstand/Name aber nicht eindeutig genug."
"6-110-08-lettenloch-bei-konnern";"6-110-08";"Lettenloch bei Könnern";"See";"review";"51.6724745";"11.7526287";"0.843";"40.2";"";"StandingWater_DESTGEOT00002u3s";"StandingWater";"1";"0";"9999";"Amtliche HY-P-Geometrie liegt nahe am OSM-Kandidaten, aber nicht eindeutig genug für automatische Freigabe."
"6-110-10-tonloch-hanse-leau";"6-110-10";"Tonloch Hanse, Leau";"See";"review";"51.7328563";"11.7953964";"0.938";"211.7";"";"StandingWater_DESTGEOT00002wc7";"StandingWater";"2";"0";"9.2";"Amtliches Wasserobjekt vorhanden, Abstand/Name aber nicht eindeutig genug."
"6-110-11-mariensee-preulitz";"6-110-11";"Mariensee Preußlitz";"See";"review";"51.7337659";"11.7992721";"0.89";"38.7";"";"StandingWater_DESTGEOT00002wc7";"StandingWater";"2";"0";"182.9";"Amtliche HY-P-Geometrie liegt nahe am OSM-Kandidaten, aber nicht eindeutig genug für automatische Freigabe."
"6-110-12-saalealtarm-zwischen-plotzkau";"6-110-12";"Saalealtarm zwischen Plötzkau";"Fließgewässer";"review";"51.753923";"11.6866785";"0.76";"31.1";"";"Watercourse_DESTGEOT00002aq8_lin";"Watercourse";"3";"0";"39.7";"Amtliches Wasserobjekt vorhanden, Abstand/Name aber nicht eindeutig genug."
"6-110-13-saalealtarm-aderstedt";"6-110-13";"Saalealtarm Aderstedt";"Fließgewässer";"unmatched";"";"";"";"";"";"";"";"";"";"";"Kein OSM-v3-Kandidat vorhanden."
"6-110-14-saale-von-kreisgrenze-saalekreis-bis";"6-110-14";"Saale von Kreisgrenze Saalekreis bis";"Fließgewässer";"review";"51.6571329";"12.3058934";"0.784";"9.8";"";"Watercourse_DESTGEOT00005hGj_lin";"Watercourse";"5";"0";"27.8";"Amtliches Wasserobjekt vorhanden, Abstand/Name aber nicht eindeutig genug."
"6-110-15-groer-wiendorfer-teich";"6-110-15";"Großer Wiendorfer Teich";"Teich";"unmatched";"";"";"";"";"";"";"";"";"";"";"Kein OSM-v3-Kandidat vorhanden."
"6-110-18-fuhne-vom-viadukt-bei-kleinwirschleben-a-b-bl-h-k-pl-ro-4-00-bis-mundung-in-die-saale";"6-110-18";"Fuhne vom Viadukt bei Kleinwirschleben A, B, Bl, H, K, Pl, Ro 4,00 bis Mündung in die Saale";"Fließgewässer";"unmatched";"";"";"";"";"";"";"";"";"";"";"Kein OSM-v3-Kandidat vorhanden."
"6-110-19-taiga-in-grona";"6-110-19";"Taiga in Gröna";"See";"review";"51.7672127";"11.7117624";"0.842";"50.6";"Taiga";"StandingWater_DESTGEOT00002wcJ";"StandingWater";"4";"0.357";"68.6";"Amtliche HY-P-Geometrie liegt nahe am OSM-Kandidaten, aber nicht eindeutig genug für automatische Freigabe."
"6-110-20-schwefelteich-bebitz";"6-110-20";"Schwefelteich Bebitz";"Teich";"review";"51.7204392";"11.7566212";"0.898";"222.9";"";"StandingWater_DESTGEOT00002wbT";"StandingWater";"1";"0";"9999";"Amtliches Wasserobjekt vorhanden, Abstand/Name aber nicht eindeutig genug."
"6-110-21-tonloch-huhn-leau";"6-110-21";"Tonloch Huhn Leau";"See";"review";"51.7328563";"11.7953964";"0.938";"211.7";"";"StandingWater_DESTGEOT00002wc7";"StandingWater";"2";"0";"9.2";"Amtliches Wasserobjekt vorhanden, Abstand/Name aber nicht eindeutig genug."
"6-110-22-kiesgrube-beesenlaublingen";"6-110-22";"Kiesgrube Beesenlaublingen";"Kiesgrube";"review";"51.7130818";"11.6964286";"0.919";"";"";"";"";"0";"";"";"OSM-Kandidat vorhanden, aber im amtlichen Prüfbereich kein passendes HY-P-Objekt gefunden."
"6-110-24-alter-ziegeleiteich-baalberge";"6-110-24";"Alter Ziegeleiteich Baalberge";"Teich";"review";"51.7485332";"11.7997753";"0.785";"259.6";"";"StandingWater_DESTGEOT00002wc8";"StandingWater";"1";"0";"9999";"Amtliches Wasserobjekt vorhanden, Abstand/Name aber nicht eindeutig genug."
"6-110-25-bebitzer-dorfteich";"6-110-25";"Bebitzer Dorfteich";"Teich";"unmatched";"";"";"";"";"";"";"";"";"";"";"Kein OSM-v3-Kandidat vorhanden."
"6-111-02-feldlache-in-der-aue-bei-nienburg";"6-111-02";"Feldlache in der Aue bei Nienburg";"See";"unmatched";"";"";"";"";"";"";"";"";"";"";"Kein OSM-v3-Kandidat vorhanden."
"6-111-04-bode-vom-beginn-des-muhlgrabens";"6-111-04";"Bode vom Beginn des Mühlgrabens";"Fließgewässer";"review";"51.729417";"11.8097803";"0.885";"9.5";"";"Watercourse_DESTGEOTR100aozM_lin";"Watercourse";"5";"0";"0.2";"Amtliches Wasserobjekt vorhanden, Abstand/Name aber nicht eindeutig genug."
"6-111-05-saalealtarm-nienburg";"6-111-05";"Saalealtarm Nienburg";"Fließgewässer";"unmatched";"";"";"";"";"";"";"";"";"";"";"Kein OSM-v3-Kandidat vorhanden."
"6-111-11-schachtsee-neugattersleben";"6-111-11";"Schachtsee Neugattersleben";"See";"review";"51.850437";"11.701479";"0.921";"1";"";"StandingWater_DESTGEOT0000dy7Z";"StandingWater";"3";"0";"56.3";"Amtliche HY-P-Geometrie liegt nahe am OSM-Kandidaten, aber nicht eindeutig genug für automatische Freigabe."
"6-111-12-alter-schacht-pauline-neugatersleben-h-k-ro-s-4-00";"6-111-12";"Alter Schacht „Pauline“ Neugatersleben H, K, Ro, S 4,00";"See";"unmatched";"";"";"";"";"";"";"";"";"";"";"Kein OSM-v3-Kandidat vorhanden."
"6-111-13-saale-von-einmundung-der-fuhne-bis";"6-111-13";"Saale von Einmündung der Fuhne bis";"Fließgewässer";"review";"51.6571329";"12.3058934";"0.784";"9.8";"";"Watercourse_DESTGEOT00005hGj_lin";"Watercourse";"5";"0";"27.8";"Amtliches Wasserobjekt vorhanden, Abstand/Name aber nicht eindeutig genug."
"6-112-01-dorfteich-brundel";"6-112-01";"Dorfteich Bründel";"Teich";"unmatched";"";"";"";"";"";"";"";"";"";"";"Kein OSM-v3-Kandidat vorhanden."
"6-112-03-saalealtarm-lesewitz-bei-plotzkau";"6-112-03";"Saalealtarm Lesewitz bei Plötzkau";"Fließgewässer";"review";"51.753923";"11.6866785";"0.76";"31.1";"";"Watercourse_DESTGEOT00002aq8_lin";"Watercourse";"3";"0";"39.7";"Amtliches Wasserobjekt vorhanden, Abstand/Name aber nicht eindeutig genug."
"6-113-02-groer-teich-hinter-der-fahrt-in-preulitz-a-h-k-ro-s-0-30";"6-113-02";"Großer Teich hinter der Fahrt in Preußlitz A, H, K, Ro, S 0,30";"Teich";"review";"51.7337659";"11.7992721";"0.89";"38.7";"";"StandingWater_DESTGEOT00002wc7";"StandingWater";"2";"0";"182.9";"Amtliche HY-P-Geometrie liegt nahe am OSM-Kandidaten, aber nicht eindeutig genug für automatische Freigabe."
"6-113-03-tonloch-preulitz";"6-113-03";"Tonloch Preußlitz";"See";"review";"51.7337659";"11.7992721";"0.919";"38.7";"";"StandingWater_DESTGEOT00002wc7";"StandingWater";"2";"0";"182.9";"Amtliche HY-P-Geometrie liegt nahe am OSM-Kandidaten, aber nicht eindeutig genug für automatische Freigabe."
"6-230-01-schloteiche-freckleben";"6-230-01";"Schloßteiche Freckleben";"Teich";"unmatched";"";"";"";"";"";"";"";"";"";"";"Kein OSM-v3-Kandidat vorhanden."
"6-400-01-schacht-9-bei-eggersdorf";"6-400-01";"Schacht 9 bei Eggersdorf";"See";"review";"51.9690772";"11.6958208";"0.808";"59.8";"";"StandingWater_DESTGEOT00002e7i";"StandingWater";"4";"0";"15.5";"Amtliches Wasserobjekt vorhanden, Abstand/Name aber nicht eindeutig genug."
"6-400-02-seehof-bei-wespen-barby";"6-400-02";"Seehof bei Wespen-Barby";"See";"review";"51.9583545";"11.8286441";"0.92";"92.4";"";"StandingWater_DESTGEOT00002ABg";"StandingWater";"1";"0";"9999";"Amtliche HY-P-Geometrie liegt nahe am OSM-Kandidaten, aber nicht eindeutig genug für automatische Freigabe."
"6-400-03-jagerschacht-bei-glothe-brumby";"6-400-03";"Jägerschacht bei Glöthe-Brumby";"See";"unmatched";"";"";"";"";"";"";"";"";"";"";"Kein OSM-v3-Kandidat vorhanden."
"6-400-05-parkteich-bei-brumby";"6-400-05";"Parkteich bei Brumby";"Teich";"review";"51.89944";"11.6800784";"0.729";"48.7";"Parkteich";"StandingWater_DESTGEOT00002e7d";"StandingWater";"3";"0.45";"94";"Amtliche HY-P-Geometrie liegt nahe am OSM-Kandidaten, aber nicht eindeutig genug für automatische Freigabe."
"6-400-06-kohls-see-bei-biere";"6-400-06";"Kohls See bei Biere";"See";"review";"51.979803";"11.6572328";"0.827";"";"";"";"";"0";"";"";"OSM-Kandidat vorhanden, aber im amtlichen Prüfbereich kein passendes HY-P-Objekt gefunden."
"6-400-07-erdkuten-grune-lungen-bei-calbe";"6-400-07";"Erdkuten (Grüne Lungen) bei Calbe";"See";"unmatched";"";"";"";"";"";"";"";"";"";"";"Kein OSM-v3-Kandidat vorhanden."
"6-400-08-damaschkeplan-2-teiche-bei-calbe";"6-400-08";"Damaschkeplan (2 Teiche) bei Calbe";"Teich";"unmatched";"";"";"";"";"";"";"";"";"";"";"Kein OSM-v3-Kandidat vorhanden."
"6-400-09-griebehner-teiche-bei-calbe";"6-400-09";"Griebehner Teiche bei Calbe";"Teich";"review";"51.8997679";"11.7824601";"0.842";"58.1";"";"StandingWater_DESTGEOT0000essl";"StandingWater";"1";"0";"9999";"Amtliche HY-P-Geometrie liegt nahe am OSM-Kandidaten, aber nicht eindeutig genug für automatische Freigabe."
"6-400-12-pfannenpfutze-bei-plotzky";"6-400-12";"Pfannenpfütze bei Plötzky";"See";"unmatched";"";"";"";"";"";"";"";"";"";"";"Kein OSM-v3-Kandidat vorhanden."
"6-400-13-beamtenteich-bei-tornitz";"6-400-13";"Beamtenteich bei Tornitz";"Teich";"review";"51.9285398";"11.8472597";"0.902";"";"";"";"";"0";"";"";"OSM-Kandidat vorhanden, aber im amtlichen Prüfbereich kein passendes HY-P-Objekt gefunden."
"6-400-14-gruner-teich-bei-tornitz";"6-400-14";"Grüner Teich bei Tornitz";"Teich";"review";"51.9285398";"11.8472597";"0.902";"";"";"";"";"0";"";"";"OSM-Kandidat vorhanden, aber im amtlichen Prüfbereich kein passendes HY-P-Objekt gefunden."
"6-400-15-pappelteich-bei-tornitz";"6-400-15";"Pappelteich bei Tornitz";"Teich";"review";"51.9285398";"11.8472597";"0.902";"";"";"";"";"0";"";"";"OSM-Kandidat vorhanden, aber im amtlichen Prüfbereich kein passendes HY-P-Objekt gefunden."
"6-400-18-rothe-bei-schonebeck";"6-400-18";"Röthe bei Schönebeck";"See";"unmatched";"";"";"";"";"";"";"";"";"";"";"Kein OSM-v3-Kandidat vorhanden."
"6-400-21-norderney-in-schwarz";"6-400-21";"Norderney in Schwarz";"See";"unmatched";"";"";"";"";"";"";"";"";"";"";"Kein OSM-v3-Kandidat vorhanden."
"6-400-22-elbe-von-km-305-km-320-beidseitig";"6-400-22";"Elbe von km 305 - km 320 beidseitig";"Fließgewässer";"unmatched";"";"";"";"";"";"";"";"";"";"";"Kein OSM-v3-Kandidat vorhanden."
"6-400-23-kiessandtagebau-pommelter-strae";"6-400-23";"Kiessandtagebau Pömmelter Straße";"Kiesgrube";"review";"52.0143767";"11.7756628";"0.835";"45.7";"";"StandingWater_DESTGEOT00002BP5";"StandingWater";"3";"0";"154.4";"Amtliche HY-P-Geometrie liegt nahe am OSM-Kandidaten, aber nicht eindeutig genug für automatische Freigabe."
"6-400-24-saalealtarm-tippelskirchen";"6-400-24";"Saalealtarm Tippelskirchen";"Fließgewässer";"review";"51.8826486";"11.7973263";"0.819";"2.8";"";"Watercourse_DESTGEOTR10087XO_lin";"Watercourse";"5";"0";"25.4";"Amtliches Wasserobjekt vorhanden, Abstand/Name aber nicht eindeutig genug."
"6-400-25-elbumflut-von-alte-fahre-bis";"6-400-25";"Elbumflut von Alte Fähre bis";"See";"unmatched";"";"";"";"";"";"";"";"";"";"";"Kein OSM-v3-Kandidat vorhanden."
"6-400-30-kuchenpfuhl-elbenau";"6-400-30";"Küchenpfuhl Elbenau";"Fließgewässer";"review";"52.049093";"11.7624151";"0.928";"85.4";"";"Watercourse_DESTGEOT00002CL1_lin";"Watercourse";"2";"0";"225";"Amtliche HY-P-Geometrie liegt nahe am OSM-Kandidaten, aber nicht eindeutig genug für automatische Freigabe."
"6-400-32-3-locher-bei-ranies";"6-400-32";"3 Löcher bei Ranies";"See";"unmatched";"";"";"";"";"";"";"";"";"";"";"Kein OSM-v3-Kandidat vorhanden."
"6-400-33-stilles-wasser-elbenau";"6-400-33";"Stilles Wasser Elbenau";"Fließgewässer";"review";"52.049093";"11.7624151";"0.928";"85.4";"";"Watercourse_DESTGEOT00002CL1_lin";"Watercourse";"2";"0";"225";"Amtliche HY-P-Geometrie liegt nahe am OSM-Kandidaten, aber nicht eindeutig genug für automatische Freigabe."
"6-400-34-kiessee-tornitz";"6-400-34";"Kiessee Tornitz";"Kiesgrube";"review";"51.9285398";"11.8472597";"0.902";"";"";"";"";"0";"";"";"OSM-Kandidat vorhanden, aber im amtlichen Prüfbereich kein passendes HY-P-Objekt gefunden."
"6-400-35-elbealtarm-grunewalde";"6-400-35";"Elbealtarm Grünewalde";"Fließgewässer";"unmatched";"";"";"";"";"";"";"";"";"";"";"Kein OSM-v3-Kandidat vorhanden."
"6-400-36-angerteich-in-glothe";"6-400-36";"Angerteich in Glöthe";"Teich";"review";"51.9012252";"11.664212";"0.889";"17.1";"";"StandingWater_DESTGEOT00002e7u";"StandingWater";"5";"0";"20.4";"Amtliches Wasserobjekt vorhanden, Abstand/Name aber nicht eindeutig genug."
"6-400-39-tilsschacht-brumby";"6-400-39";"Tilsschacht Brumby";"See";"review";"51.8967879";"11.6894225";"0.793";"";"";"";"";"0";"";"";"OSM-Kandidat vorhanden, aber im amtlichen Prüfbereich kein passendes HY-P-Objekt gefunden."
"6-400-40-awg-seen-1-2-und-3-gommern-plotzky";"6-400-40";"AWG Seen 1, 2 und 3 Gommern-Plötzky";"See";"unmatched";"";"";"";"";"";"";"";"";"";"";"Kein OSM-v3-Kandidat vorhanden."
"6-400-43-schachtteich-eggersdorf";"6-400-43";"Schachtteich Eggersdorf";"Teich";"review";"51.9690772";"11.6958208";"0.808";"59.8";"";"StandingWater_DESTGEOT00002e7i";"StandingWater";"4";"0";"15.5";"Amtliches Wasserobjekt vorhanden, Abstand/Name aber nicht eindeutig genug."
"6-400-44-kirchbreite-bei-barby";"6-400-44";"Kirchbreite bei Barby";"See";"review";"51.9639384";"11.884897";"0.889";"";"";"";"";"0";"";"";"OSM-Kandidat vorhanden, aber im amtlichen Prüfbereich kein passendes HY-P-Objekt gefunden."
"6-400-45-gotzenthiegraben";"6-400-45";"Götzenthiegraben";"Fließgewässer";"unmatched";"";"";"";"";"";"";"";"";"";"";"Kein OSM-v3-Kandidat vorhanden."
"6-400-46-westufer-albertinensee";"6-400-46";"Westufer Albertinensee";"See";"unmatched";"";"";"";"";"";"";"";"";"";"";"Kein OSM-v3-Kandidat vorhanden."
"6-400-47-tonlocher-glothe";"6-400-47";"Tonlöcher Glöthe";"See";"review";"51.9012252";"11.664212";"0.889";"17.1";"";"StandingWater_DESTGEOT00002e7u";"StandingWater";"5";"0";"20.4";"Amtliches Wasserobjekt vorhanden, Abstand/Name aber nicht eindeutig genug."
"6-401-01-bruch-1-bei-breitenhagen";"6-401-01";"Bruch 1 bei Breitenhagen";"See";"unmatched";"";"";"";"";"";"";"";"";"";"";"Kein OSM-v3-Kandidat vorhanden."
"6-401-02-bruch-2-bei-breitenhagen";"6-401-02";"Bruch 2 bei Breitenhagen";"See";"review";"51.9227195";"11.9340061";"0.893";"4.3";"";"StandingWater_DESTGEOT00002YuZ";"StandingWater";"2";"0";"50.6";"Amtliche HY-P-Geometrie liegt nahe am OSM-Kandidaten, aber nicht eindeutig genug für automatische Freigabe."
"6-401-03-bruch-3-bei-breitenhagen";"6-401-03";"Bruch 3 bei Breitenhagen";"See";"review";"51.9227195";"11.9340061";"0.893";"4.3";"";"StandingWater_DESTGEOT00002YuZ";"StandingWater";"2";"0";"50.6";"Amtliche HY-P-Geometrie liegt nahe am OSM-Kandidaten, aber nicht eindeutig genug für automatische Freigabe."
"6-401-04-badebruch-bei-breitenhagen";"6-401-04";"Badebruch bei Breitenhagen";"See";"review";"51.9224946";"11.9354344";"0.9";"7.2";"";"StandingWater_DESTGEOT00002Yv0";"StandingWater";"2";"0";"47.8";"Amtliche HY-P-Geometrie liegt nahe am OSM-Kandidaten, aber nicht eindeutig genug für automatische Freigabe."
"6-401-07-kleiner-dorfsee-gro-rosenburg";"6-401-07";"Kleiner Dorfsee Groß Rosenburg";"See";"review";"51.9192744";"11.8942849";"0.86";"26.6";"";"StandingWater_DESTGEOT00002YvN";"StandingWater";"2";"0";"37.9";"Amtliches Wasserobjekt vorhanden, Abstand/Name aber nicht eindeutig genug."
"6-401-08-landgraben-von-einmundung-des";"6-401-08";"Landgraben von Einmündung des";"Fließgewässer";"review";"51.9109962";"11.678006";"0.849";"7.2";"";"Watercourse_DESTGEOT00002eB9_lin";"Watercourse";"6";"0";"68.8";"Amtliche HY-P-Geometrie liegt nahe am OSM-Kandidaten, aber nicht eindeutig genug für automatische Freigabe."
"6-401-09-taube-von-700m-oberhalb-der";"6-401-09";"Taube von 700m oberhalb der";"See";"review";"51.6966288";"11.5442764";"0.771";"11.4";"";"StandingWater_DESTGEOTR1008QbS";"StandingWater";"2";"0";"43.9";"Amtliche HY-P-Geometrie liegt nahe am OSM-Kandidaten, aber nicht eindeutig genug für automatische Freigabe."
"6-402-01-dolphus-bei-barby";"6-402-01";"Dolphus bei Barby";"See";"review";"51.9639384";"11.884897";"0.889";"";"";"";"";"0";"";"";"OSM-Kandidat vorhanden, aber im amtlichen Prüfbereich kein passendes HY-P-Objekt gefunden."
"6-402-02-barbyer-landgraben-von";"6-402-02";"Barbyer Landgraben von";"Fließgewässer";"review";"52.0217743";"11.668936";"0.731";"2.3";"";"Watercourse_DESTGEOT00002fct_lin";"Watercourse";"5";"0";"14.5";"Amtliches Wasserobjekt vorhanden, Abstand/Name aber nicht eindeutig genug."
"6-402-03-hafen-barby";"6-402-03";"Hafen Barby";"See";"review";"51.9639384";"11.884897";"0.889";"";"";"";"";"0";"";"";"OSM-Kandidat vorhanden, aber im amtlichen Prüfbereich kein passendes HY-P-Objekt gefunden."
"6-402-04-kiesgrube-barby-sud";"6-402-04";"Kiesgrube Barby-Süd";"Kiesgrube";"unmatched";"";"";"";"";"";"";"";"";"";"";"Kein OSM-v3-Kandidat vorhanden."
"6-402-07-saale-von-werkleitz-bis-elbmundung";"6-402-07";"Saale von Werkleitz bis Elbmündung";"Fließgewässer";"unmatched";"";"";"";"";"";"";"";"";"";"";"Kein OSM-v3-Kandidat vorhanden."
"6-410-02-warmsdorfer-teich";"6-410-02";"Warmsdorfer Teich";"Teich";"unmatched";"";"";"";"";"";"";"";"";"";"";"Kein OSM-v3-Kandidat vorhanden."
"6-410-03-ritterflurteich-bei-stafurt";"6-410-03";"Ritterflurteich bei Staßfurt";"Teich";"review";"51.8493784";"11.5856065";"0.849";"295";"Innenstadt-See";"StandingWater_DESTGEOT00002bzC";"StandingWater";"1";"0";"9999";"Amtliches Wasserobjekt vorhanden, Abstand/Name aber nicht eindeutig genug."
"6-410-05-tiefbau-jacobsgrube-bei-gro-bornecke-a-b-bl-h-k-pl-s-z-8-12";"6-410-05";"Tiefbau Jacobsgrube bei Groß Börnecke A, B, Bl, H, K, Pl, S, Z 8,12";"Kiesgrube";"review";"51.8864851";"11.4983029";"0.754";"32.4";"";"StandingWater_DESTGEOT00001Zgc";"StandingWater";"2";"0";"33.3";"Amtliches Wasserobjekt vorhanden, Abstand/Name aber nicht eindeutig genug."
"6-410-06-salzteich-bei-loderburg";"6-410-06";"Salzteich bei Löderburg";"Teich";"unmatched";"";"";"";"";"";"";"";"";"";"";"Kein OSM-v3-Kandidat vorhanden."
"6-410-07-lache-bei-hohenerxleben";"6-410-07";"Lache bei Hohenerxleben";"See";"unmatched";"";"";"";"";"";"";"";"";"";"";"Kein OSM-v3-Kandidat vorhanden."
"6-410-08-badeteteich-bei-westeregeln";"6-410-08";"Badeteteich bei Westeregeln";"Teich";"review";"51.9581172";"11.3910919";"0.863";"36.2";"";"StandingWater_DESTGEOT00001HaV";"StandingWater";"1";"0";"9999";"Amtliche HY-P-Geometrie liegt nahe am OSM-Kandidaten, aber nicht eindeutig genug für automatische Freigabe."
"6-410-09-3-kulke-bei-westeregeln";"6-410-09";"3 Kulke bei Westeregeln";"See";"review";"51.9581172";"11.3910919";"0.863";"36.2";"";"StandingWater_DESTGEOT00001HaV";"StandingWater";"1";"0";"9999";"Amtliche HY-P-Geometrie liegt nahe am OSM-Kandidaten, aber nicht eindeutig genug für automatische Freigabe."
"6-410-10-tagebau-bei-westeregeln";"6-410-10";"Tagebau bei Westeregeln";"Kiesgrube";"review";"51.9581172";"11.3910919";"0.863";"36.2";"";"StandingWater_DESTGEOT00001HaV";"StandingWater";"1";"0";"9999";"Amtliche HY-P-Geometrie liegt nahe am OSM-Kandidaten, aber nicht eindeutig genug für automatische Freigabe."
"6-410-11-groer-schachtsee-bei-wolmirsleben";"6-410-11";"Großer Schachtsee bei Wolmirsleben";"See";"review";"51.9543283";"11.4607953";"0.785";"158.1";"Großer Schachtsee";"StandingWater_DESTGEOTR100fUGV";"StandingWater";"2";"0.514";"176.3";"Amtliches Wasserobjekt vorhanden, Abstand/Name aber nicht eindeutig genug."
"6-410-14-bode-vom-wehr-egeln-nord";"6-410-14";"Bode vom Wehr Egeln-Nord";"Fließgewässer";"review";"51.9638934";"11.4260338";"0.92";"2";"";"Watercourse_DESTGEOT00001Yqz_lin";"Watercourse";"8";"0";"10.4";"Amtliches Wasserobjekt vorhanden, Abstand/Name aber nicht eindeutig genug."
"6-410-15-bode-vom-wehr-rothenforde";"6-410-15";"Bode vom Wehr Rothenförde";"Fließgewässer";"review";"51.9054306";"11.5163125";"0.827";"24.9";"";"Watercourse_DESTGEOTR100cDpG_lin";"Watercourse";"3";"0";"54.6";"Amtliche HY-P-Geometrie liegt nahe am OSM-Kandidaten, aber nicht eindeutig genug für automatische Freigabe."
"6-410-17-seemann-bei-loderburg";"6-410-17";"Seemann bei Löderburg";"See";"review";"51.8846144";"11.5429027";"0.863";"15.9";"";"StandingWater_DESTGEOT00001Zgf";"StandingWater";"3";"0";"18.4";"Amtliches Wasserobjekt vorhanden, Abstand/Name aber nicht eindeutig genug."
"6-410-18-steinbruch-borne";"6-410-18";"Steinbruch Borne";"See";"unmatched";"";"";"";"";"";"";"";"";"";"";"Kein OSM-v3-Kandidat vorhanden."
"6-410-19-muhlgraben-von-egeln-nord";"6-410-19";"Mühlgraben von Egeln-Nord";"Fließgewässer";"review";"51.9644973";"11.431551";"0.835";"44.2";"";"Watercourse_DESTGEOT00001Yt7_lin";"Watercourse";"8";"0";"99.3";"Amtliche HY-P-Geometrie liegt nahe am OSM-Kandidaten, aber nicht eindeutig genug für automatische Freigabe."
"6-410-20-undank-in-loderburg";"6-410-20";"Undank in Löderburg";"See";"review";"51.8846144";"11.5429027";"0.863";"15.9";"";"StandingWater_DESTGEOT00001Zgf";"StandingWater";"3";"0";"18.4";"Amtliches Wasserobjekt vorhanden, Abstand/Name aber nicht eindeutig genug."
"6-410-21-kiesschacht-gusten";"6-410-21";"Kiesschacht Güsten";"Kiesgrube";"review";"51.8008209";"11.6052567";"0.917";"53.4";"";"StandingWater_DESTGEOT00002bzh";"StandingWater";"2";"0";"140.6";"Amtliche HY-P-Geometrie liegt nahe am OSM-Kandidaten, aber nicht eindeutig genug für automatische Freigabe."
"6-410-22-regenruckhaltebecken-am";"6-410-22";"Regenrückhaltebecken am";"See";"unmatched";"";"";"";"";"";"";"";"";"";"";"Kein OSM-v3-Kandidat vorhanden."
"6-410-24-loderburger-weiher";"6-410-24";"Löderburger Weiher";"See";"unmatched";"";"";"";"";"";"";"";"";"";"";"Kein OSM-v3-Kandidat vorhanden."
"6-410-25-wassergraben-bei-hohenerxleben";"6-410-25";"Wassergräben bei Hohenerxleben";"See";"review";"51.856242";"11.6431266";"0.839";"74.7";"Gänselache";"StandingWater_DESTGEOT00002bzq";"StandingWater";"1";"0";"9999";"Amtliche HY-P-Geometrie liegt nahe am OSM-Kandidaten, aber nicht eindeutig genug für automatische Freigabe."
"6-411-01-laake-bei-loderburg";"6-411-01";"Laake bei Löderburg";"See";"review";"51.8799935";"11.5458709";"0.869";"92.8";"Laake";"StandingWater_DESTGEOT00001XvT";"StandingWater";"3";"0.263";"166";"Amtliche HY-P-Geometrie liegt nahe am OSM-Kandidaten, aber nicht eindeutig genug für automatische Freigabe."
"6-411-02-loderburger-see";"6-411-02";"Löderburger See";"See";"unmatched";"";"";"";"";"";"";"";"";"";"";"Kein OSM-v3-Kandidat vorhanden."
"6-411-03-kreuzteich-loderburg";"6-411-03";"Kreuzteich Löderburg";"Teich";"review";"51.8846144";"11.5429027";"0.863";"15.9";"";"StandingWater_DESTGEOT00001Zgf";"StandingWater";"3";"0";"18.4";"Amtliches Wasserobjekt vorhanden, Abstand/Name aber nicht eindeutig genug."
"6-411-04-athenslebener-seen-lsg-beachten";"6-411-04";"Athenslebener Seen – LSG beachten";"See";"unmatched";"";"";"";"";"";"";"";"";"";"";"Kein OSM-v3-Kandidat vorhanden."
"7-120-01-alte-mulde-bei-rosa";"7-120-01";"Alte Mulde bei Rösa";"Fließgewässer";"unmatched";"";"";"";"";"";"";"";"";"";"";"Kein OSM-v3-Kandidat vorhanden."
"7-120-04-alte-mulde-roitzschjora";"7-120-04";"Alte Mulde Roitzschjora";"Fließgewässer";"review";"51.5968684";"12.482236";"0.932";"165.6";"";"Watercourse_DESTGEOT00005rIL_pol";"Watercourse";"2";"0";"122.9";"Amtliches Wasserobjekt vorhanden, Abstand/Name aber nicht eindeutig genug."
"7-120-05-kurr-pouch";"7-120-05";"Kurr Pouch";"See";"unmatched";"";"";"";"";"";"";"";"";"";"";"Kein OSM-v3-Kandidat vorhanden."
"7-120-06-unterer-ziegeleiteich-muldenstein";"7-120-06";"Unterer Ziegeleiteich Muldenstein";"Fließgewässer";"review";"51.6773853";"12.3270411";"0.812";"47.1";"";"Watercourse_DESTGEOTR1007PyP_lin";"Watercourse";"6";"0";"81.9";"Amtliche HY-P-Geometrie liegt nahe am OSM-Kandidaten, aber nicht eindeutig genug für automatische Freigabe."
"7-120-08-strandbad-sandersdorf";"7-120-08";"Strandbad Sandersdorf";"See";"review";"51.630661";"12.2339895";"0.836";"36.3";"";"StandingWater_DESTGEOT000050w3";"StandingWater";"2";"0";"167";"Amtliche HY-P-Geometrie liegt nahe am OSM-Kandidaten, aber nicht eindeutig genug für automatische Freigabe."
"7-120-10-ehemalige-kiesgrube-sandersdorf";"7-120-10";"ehemalige Kiesgrube Sandersdorf";"Kiesgrube";"unmatched";"";"";"";"";"";"";"";"";"";"";"Kein OSM-v3-Kandidat vorhanden."
"7-120-11-ehemaliges-schwimmbad-raguhn";"7-120-11";"ehemaliges Schwimmbad Raguhn";"See";"unmatched";"";"";"";"";"";"";"";"";"";"";"Kein OSM-v3-Kandidat vorhanden."
"7-120-12-spittelwasser-jenitz";"7-120-12";"Spittelwasser Jeßnitz";"See";"review";"51.7009112";"12.2963931";"0.812";"15.4";"Schlossteich";"StandingWater_DESTGEOTR100e4p3";"StandingWater";"2";"0";"63.6";"Amtliche HY-P-Geometrie liegt nahe am OSM-Kandidaten, aber nicht eindeutig genug für automatische Freigabe."
"7-120-14-leipziger-teich-zorbig";"7-120-14";"Leipziger Teich Zörbig";"Teich";"unmatched";"";"";"";"";"";"";"";"";"";"";"Kein OSM-v3-Kandidat vorhanden."
"7-120-15-grube-theodor-bei-roitzsch";"7-120-15";"Grube Theodor bei Roitzsch";"Kiesgrube";"review";"51.5744151";"12.2681017";"0.908";"";"";"";"";"0";"";"";"OSM-Kandidat vorhanden, aber im amtlichen Prüfbereich kein passendes HY-P-Objekt gefunden."
"7-120-16-burgermeisterteich-jenitz";"7-120-16";"Bürgermeisterteich Jeßnitz";"Teich";"review";"51.6820736";"12.2944564";"0.871";"";"";"";"";"0";"";"";"OSM-Kandidat vorhanden, aber im amtlichen Prüfbereich kein passendes HY-P-Objekt gefunden."
"7-120-17-lober-bei-jenitz";"7-120-17";"Lober bei Jeßnitz";"See";"review";"51.6820736";"12.2944564";"0.871";"";"";"";"";"0";"";"";"OSM-Kandidat vorhanden, aber im amtlichen Prüfbereich kein passendes HY-P-Objekt gefunden."
"7-120-18-groer-richard-bei-sandersdorf";"7-120-18";"Großer Richard bei Sandersdorf";"See";"unmatched";"";"";"";"";"";"";"";"";"";"";"Kein OSM-v3-Kandidat vorhanden."
"7-120-19-lober-leine-kanal";"7-120-19";"Lober-Leine-Kanal";"Fließgewässer";"unmatched";"";"";"";"";"";"";"";"";"";"";"Kein OSM-v3-Kandidat vorhanden."
"7-120-20-altes-wasser-priorau";"7-120-20";"Altes Wasser Priorau";"See";"review";"51.7485628";"12.3023578";"0.949";"92.8";"Alte Wasser Priorau";"StandingWater_DESTGEOT00005k8T";"StandingWater";"2";"0.5";"100.4";"Amtliche HY-P-Geometrie liegt nahe am OSM-Kandidaten, aber nicht eindeutig genug für automatische Freigabe."
"7-120-21-mulde-v-landesgr-sachsen-bis-stausee";"7-120-21";"Mulde v. Landesgr. Sachsen bis Stausee,";"Fließgewässer";"unmatched";"";"";"";"";"";"";"";"";"";"";"Kein OSM-v3-Kandidat vorhanden."
"7-120-22-mulde-von-ca-750m-oberhalb-wehr";"7-120-22";"Mulde von ca. 750m oberhalb Wehr";"Fließgewässer";"unmatched";"";"";"";"";"";"";"";"";"";"";"Kein OSM-v3-Kandidat vorhanden."
"7-120-23-mulde-von-ca-500m-oberhalb-brucke";"7-120-23";"Mulde von ca. 500m oberhalb Brücke";"Fließgewässer";"review";"51.9735125";"11.9166926";"0.854";"30.5";"";"Watercourse_DESTGEOTR10087UW_lin";"Watercourse";"4";"0";"32.2";"Amtliches Wasserobjekt vorhanden, Abstand/Name aber nicht eindeutig genug."
"7-120-24-tagebaurestloch-richard-i";"7-120-24";"Tagebaurestloch Richard I";"Kiesgrube";"review";"51.6277647";"12.2660986";"0.909";"";"";"";"";"0";"";"";"OSM-Kandidat vorhanden, aber im amtlichen Prüfbereich kein passendes HY-P-Objekt gefunden."
"7-120-26-pappelloch-rosa";"7-120-26";"Pappelloch Rösa";"See";"unmatched";"";"";"";"";"";"";"";"";"";"";"Kein OSM-v3-Kandidat vorhanden."
"7-120-27-kiesgrube-salzfurtkapelle";"7-120-27";"Kiesgrube Salzfurtkapelle";"Kiesgrube";"review";"51.6940546";"12.1774283";"0.751";"413";"";"StandingWater_DESTGEOT000050vH";"StandingWater";"1";"0";"9999";"Amtliches Wasserobjekt vorhanden, Abstand/Name aber nicht eindeutig genug."
"7-120-29-tagebaurestloch-kockern";"7-120-29";"Tagebaurestloch Köckern";"Kiesgrube";"unmatched";"";"";"";"";"";"";"";"";"";"";"Kein OSM-v3-Kandidat vorhanden."
"7-120-31-kiesgrube-loberitz";"7-120-31";"Kiesgrube Löberitz";"Kiesgrube";"review";"51.6566928";"12.1623036";"0.83";"57.5";"";"StandingWater_DESTGEOT0000d9lx";"StandingWater";"1";"0";"9999";"Amtliche HY-P-Geometrie liegt nahe am OSM-Kandidaten, aber nicht eindeutig genug für automatische Freigabe."
"7-120-32-luthers-linde-muldenstein";"7-120-32";"Luthers Linde Muldenstein";"Fließgewässer";"unmatched";"";"";"";"";"";"";"";"";"";"";"Kein OSM-v3-Kandidat vorhanden."
"7-120-35-leine-in-bitterfeld-privatstrecke-beachten-ad-d-h-1-66";"7-120-35";"Leine in Bitterfeld Privatstrecke beachten! Ad, D, H 1,66";"See";"review";"51.7138485";"12.2875305";"0.855";"";"";"";"";"0";"";"";"OSM-Kandidat vorhanden, aber im amtlichen Prüfbereich kein passendes HY-P-Objekt gefunden."
"7-120-38-geerensee-friedersdorf";"7-120-38";"Geerensee Friedersdorf";"See";"unmatched";"";"";"";"";"";"";"";"";"";"";"Kein OSM-v3-Kandidat vorhanden."
"7-120-40-groer-teich-bitterfeld";"7-120-40";"Großer Teich Bitterfeld";"Teich";"review";"51.6192197";"12.3325537";"0.85";"";"";"";"";"0";"";"";"OSM-Kandidat vorhanden, aber im amtlichen Prüfbereich kein passendes HY-P-Objekt gefunden."
"7-120-41-waldteich-thalheim";"7-120-41";"Waldteich Thalheim";"Teich";"unmatched";"";"";"";"";"";"";"";"";"";"";"Kein OSM-v3-Kandidat vorhanden."
"7-120-42-tranke-thalheim";"7-120-42";"Tränke Thalheim";"See";"unmatched";"";"";"";"";"";"";"";"";"";"";"Kein OSM-v3-Kandidat vorhanden."
"7-120-43-dorfteich-thalheim";"7-120-43";"Dorfteich Thalheim";"Teich";"review";"51.6480236";"12.2284216";"0.902";"";"";"";"";"0";"";"";"OSM-Kandidat vorhanden, aber im amtlichen Prüfbereich kein passendes HY-P-Objekt gefunden."
"7-120-50-dorfteich-beyersdorf";"7-120-50";"Dorfteich Beyersdorf";"Teich";"unmatched";"";"";"";"";"";"";"";"";"";"";"Kein OSM-v3-Kandidat vorhanden."
"7-120-51-dorfteich-kockern";"7-120-51";"Dorfteich Köckern";"Teich";"unmatched";"";"";"";"";"";"";"";"";"";"";"Kein OSM-v3-Kandidat vorhanden."
"7-120-52-generalsteich-schrenz";"7-120-52";"Generalsteich Schrenz";"Teich";"unmatched";"";"";"";"";"";"";"";"";"";"";"Kein OSM-v3-Kandidat vorhanden."
"7-120-53-teich-am-park-schrenz";"7-120-53";"Teich am Park Schrenz";"Teich";"review";"51.5953834";"12.0811945";"0.77";"";"";"";"";"0";"";"";"OSM-Kandidat vorhanden, aber im amtlichen Prüfbereich kein passendes HY-P-Objekt gefunden."
"7-120-54-teich-am-etp-schrenz";"7-120-54";"Teich am ETP Schrenz";"Teich";"review";"51.5953834";"12.0811945";"0.77";"";"";"";"";"0";"";"";"OSM-Kandidat vorhanden, aber im amtlichen Prüfbereich kein passendes HY-P-Objekt gefunden."
"7-120-55-kragenteich-roitzsch";"7-120-55";"Kragenteich Roitzsch";"Teich";"review";"51.5744151";"12.2681017";"0.908";"";"";"";"";"0";"";"";"OSM-Kandidat vorhanden, aber im amtlichen Prüfbereich kein passendes HY-P-Objekt gefunden."
"7-120-56-tonkiete-schortewitz";"7-120-56";"Tonkiete Schortewitz";"See";"review";"51.6489287";"12.0292168";"0.96";"66.3";"";"StandingWater_DESTGEOT00004Li4";"StandingWater";"2";"0";"36.1";"Amtliches Wasserobjekt vorhanden, Abstand/Name aber nicht eindeutig genug."
"7-121-01-vergimeinnicht-postgrube";"7-121-01";"Vergißmeinnicht (Postgrube)";"Kiesgrube";"unmatched";"";"";"";"";"";"";"";"";"";"";"Kein OSM-v3-Kandidat vorhanden."
"7-121-02-deutsche-grube-zscherndorf";"7-121-02";"Deutsche Grube Zscherndorf";"Kiesgrube";"unmatched";"";"";"";"";"";"";"";"";"";"";"Kein OSM-v3-Kandidat vorhanden."
"7-122-01-kiesgrube-dessauer-str-loberitz";"7-122-01";"Kiesgrube Dessauer Str. Löberitz";"Kiesgrube";"unmatched";"";"";"";"";"";"";"";"";"";"";"Kein OSM-v3-Kandidat vorhanden."
"7-140-01-moster-altes-wasser";"7-140-01";"Möster altes Wasser";"See";"review";"51.7662703";"12.2893034";"0.934";"189.2";"Altes Wasser";"StandingWater_DESTGEOT0000530w";"StandingWater";"2";"0.632";"295";"Amtliches Wasserobjekt vorhanden, Abstand/Name aber nicht eindeutig genug."
"7-271-02-zuckerteich-bei-osternienburg";"7-271-02";"Zuckerteich bei Osternienburg";"Teich";"unmatched";"";"";"";"";"";"";"";"";"";"";"Kein OSM-v3-Kandidat vorhanden."
"7-272-01-magdalenenteich-in-aken";"7-272-01";"Magdalenenteich in Aken";"Teich";"unmatched";"";"";"";"";"";"";"";"";"";"";"Kein OSM-v3-Kandidat vorhanden."
"7-272-02-nachthainichte-bei-aken";"7-272-02";"Nachthainichte bei Aken";"See";"review";"51.8543298";"12.0582917";"0.817";"19.5";"";"StandingWater_DESTGEOT00004NNX";"StandingWater";"8";"0";"9";"Amtliches Wasserobjekt vorhanden, Abstand/Name aber nicht eindeutig genug."
"7-272-03-groe-kabel-langes-loch-bei-aken";"7-272-03";"Große Kabel (Langes Loch) bei Aken";"See";"review";"51.8543298";"12.0582917";"0.817";"19.5";"";"StandingWater_DESTGEOT00004NNX";"StandingWater";"8";"0";"9";"Amtliches Wasserobjekt vorhanden, Abstand/Name aber nicht eindeutig genug."
"7-272-04-kleine-kabel-bei-aken";"7-272-04";"Kleine Kabel bei Aken";"See";"review";"51.8543298";"12.0582917";"0.817";"19.5";"";"StandingWater_DESTGEOT00004NNX";"StandingWater";"8";"0";"9";"Amtliches Wasserobjekt vorhanden, Abstand/Name aber nicht eindeutig genug."
"7-272-05-taube-von-700m-unterhalb-einmundung";"7-272-05";"Taube von 700m unterhalb Einmündung";"See";"unmatched";"";"";"";"";"";"";"";"";"";"";"Kein OSM-v3-Kandidat vorhanden."
"7-273-01-baufeld-worbzig-1-groe-kiesgrube";"7-273-01";"Baufeld Wörbzig 1 - Große Kiesgrube";"Kiesgrube";"unmatched";"";"";"";"";"";"";"";"";"";"";"Kein OSM-v3-Kandidat vorhanden."
"7-273-02-baufeld-worbzig-2-kleinere-kiesgrube";"7-273-02";"Baufeld Wörbzig 2 - Kleinere Kiesgrube";"Kiesgrube";"unmatched";"";"";"";"";"";"";"";"";"";"";"Kein OSM-v3-Kandidat vorhanden."
"7-273-03-baufeld-worbzig-3-kiesgrube-rechts";"7-273-03";"Baufeld Wörbzig 3 - Kiesgrube rechts-";"Kiesgrube";"review";"51.7945407";"10.8310263";"0.855";"";"";"";"";"0";"";"";"OSM-Kandidat vorhanden, aber im amtlichen Prüfbereich kein passendes HY-P-Objekt gefunden."
"7-273-05-karoline-bei-piethen-boote-ohne-motor";"7-273-05";"Karoline bei Piethen - Boote ohne Motor";"See";"review";"51.6703744";"11.9352208";"0.889";"218";"";"StandingWater_DESTGEOTR100bPIM";"StandingWater";"3";"0";"36.7";"Amtliches Wasserobjekt vorhanden, Abstand/Name aber nicht eindeutig genug."
"7-273-06-sohl-bei-piethen";"7-273-06";"Sohl bei Piethen";"See";"review";"51.6703744";"11.9352208";"0.889";"218";"";"StandingWater_DESTGEOTR100bPIM";"StandingWater";"3";"0";"36.7";"Amtliches Wasserobjekt vorhanden, Abstand/Name aber nicht eindeutig genug."
"7-273-07-betonwerkteich-3-4-bei-grobzig";"7-273-07";"Betonwerkteich 3 + 4 bei Gröbzig";"Teich";"unmatched";"";"";"";"";"";"";"";"";"";"";"Kein OSM-v3-Kandidat vorhanden."
"7-273-08-tagebau-edderitz-boote-ohne-motor";"7-273-08";"Tagebau Edderitz - Boote ohne Motor";"Kiesgrube";"unmatched";"";"";"";"";"";"";"";"";"";"";"Kein OSM-v3-Kandidat vorhanden."
"7-273-09-sandkiete-ii-bei-grobzig";"7-273-09";"Sandkiete II bei Gröbzig";"See";"review";"51.6794837";"11.8739599";"0.864";"15.5";"";"StandingWater_DESTGEOTR1007TuW";"StandingWater";"3";"0";"58";"Amtliche HY-P-Geometrie liegt nahe am OSM-Kandidaten, aber nicht eindeutig genug für automatische Freigabe."
"7-273-10-schachtteich-bei-piethen";"7-273-10";"Schachtteich bei Piethen";"Teich";"review";"51.6703744";"11.9352208";"0.889";"218";"";"StandingWater_DESTGEOTR100bPIM";"StandingWater";"3";"0";"36.7";"Amtliches Wasserobjekt vorhanden, Abstand/Name aber nicht eindeutig genug."
"7-273-11-fuhne-von-einmundung-der-riede";"7-273-11";"Fuhne von Einmündung der Riede";"See";"review";"51.5953834";"12.0811945";"0.837";"";"";"";"";"0";"";"";"OSM-Kandidat vorhanden, aber im amtlichen Prüfbereich kein passendes HY-P-Objekt gefunden."
"7-273-12-sportplatzteich-in-gorzig";"7-273-12";"Sportplatzteich in Görzig";"Teich";"unmatched";"";"";"";"";"";"";"";"";"";"";"Kein OSM-v3-Kandidat vorhanden."
"7-273-17-dorfteich-reinsdorf";"7-273-17";"Dorfteich Reinsdorf";"Teich";"review";"51.6602206";"12.0017972";"0.816";"283.6";"";"StandingWater_DESTGEOT00002SlQ";"StandingWater";"1";"0";"9999";"Amtliches Wasserobjekt vorhanden, Abstand/Name aber nicht eindeutig genug."
"7-273-18-pelzteich-gorzig";"7-273-18";"Pelzteich Görzig";"Teich";"unmatched";"";"";"";"";"";"";"";"";"";"";"Kein OSM-v3-Kandidat vorhanden."
"7-273-20-teich-in-weddershausen";"7-273-20";"Teich in Weddershausen";"Teich";"unmatched";"";"";"";"";"";"";"";"";"";"";"Kein OSM-v3-Kandidat vorhanden."
"7-273-24-gutsteich-gorzig";"7-273-24";"Gutsteich Görzig";"Teich";"review";"51.6602206";"12.0017972";"0.815";"283.6";"";"StandingWater_DESTGEOT00002SlQ";"StandingWater";"1";"0";"9999";"Amtliches Wasserobjekt vorhanden, Abstand/Name aber nicht eindeutig genug."
"7-275-00-ackermannsteich-elsnigk";"7-275-00";"Ackermannsteich Elsnigk";"Teich";"review";"51.785869";"12.0570474";"0.898";"14.4";"";"StandingWater_DESTGEOTR100ccBb";"StandingWater";"3";"0";"23.2";"Amtliches Wasserobjekt vorhanden, Abstand/Name aber nicht eindeutig genug."
"7-275-01-grubenteich-bei-osternienburg";"7-275-01";"Grubenteich bei Osternienburg";"Kiesgrube";"unmatched";"";"";"";"";"";"";"";"";"";"";"Kein OSM-v3-Kandidat vorhanden."
"7-275-02-kleine-sandfurchen-bei-osternienburg";"7-275-02";"Kleine Sandfürchen bei Osternienburg";"See";"unmatched";"";"";"";"";"";"";"";"";"";"";"Kein OSM-v3-Kandidat vorhanden."
"7-275-03-bruckmannsteich-und-pumpenteich-bei";"7-275-03";"Brückmannsteich und Pumpenteich bei";"Teich";"review";"51.8733238";"12.0764048";"0.92";"80.6";"";"StandingWater_DESTGEOT00004NMO";"StandingWater";"1";"0";"9999";"Amtliche HY-P-Geometrie liegt nahe am OSM-Kandidaten, aber nicht eindeutig genug für automatische Freigabe."
"7-275-06-baggerteich-bei-trebbichau-aken";"7-275-06";"Baggerteich bei Trebbichau/Aken";"Teich";"unmatched";"";"";"";"";"";"";"";"";"";"";"Kein OSM-v3-Kandidat vorhanden."
"7-275-07-groer-und-kleiner-parkteich";"7-275-07";"Großer und Kleiner Parkteich";"Teich";"unmatched";"";"";"";"";"";"";"";"";"";"";"Kein OSM-v3-Kandidat vorhanden."
"7-275-08-drei-locher-in-micheln";"7-275-08";"Drei Löcher in Micheln";"See";"review";"51.8126905";"11.9951105";"0.853";"43.4";"";"StandingWater_DESTGEOT00002Wo6";"StandingWater";"3";"0";"149.2";"Amtliche HY-P-Geometrie liegt nahe am OSM-Kandidaten, aber nicht eindeutig genug für automatische Freigabe."
"7-275-09-entfallt";"7-275-09";"entfällt";"See";"unmatched";"";"";"";"";"";"";"";"";"";"";"Kein OSM-v3-Kandidat vorhanden."
"7-275-10-sonntalteich-bei-micheln";"7-275-10";"Sonntalteich bei Micheln";"Teich";"review";"51.8126905";"11.9951105";"0.853";"43.4";"";"StandingWater_DESTGEOT00002Wo6";"StandingWater";"3";"0";"149.2";"Amtliche HY-P-Geometrie liegt nahe am OSM-Kandidaten, aber nicht eindeutig genug für automatische Freigabe."
"7-275-11-hasenteich-bei-osternienburg";"7-275-11";"Hasenteich bei Osternienburg";"Teich";"review";"51.7984866";"12.0403478";"0.875";"33.5";"";"StandingWater_DESTGEOT00004NNz";"StandingWater";"6";"0";"46.5";"Amtliche HY-P-Geometrie liegt nahe am OSM-Kandidaten, aber nicht eindeutig genug für automatische Freigabe."
"7-275-18-maxdorfer-teich";"7-275-18";"Maxdorfer Teich";"Teich";"unmatched";"";"";"";"";"";"";"";"";"";"";"Kein OSM-v3-Kandidat vorhanden."
"7-275-24-busch-raten-dornbock";"7-275-24";"Busch-Räten Dornbock";"See";"unmatched";"";"";"";"";"";"";"";"";"";"";"Kein OSM-v3-Kandidat vorhanden."
"7-276-02-schulteich-bei-trebbichau-aken";"7-276-02";"Schulteich bei Trebbichau/Aken";"Teich";"unmatched";"";"";"";"";"";"";"";"";"";"";"Kein OSM-v3-Kandidat vorhanden."
"7-276-05-teich-am-kulturzentrum-grobadegast";"7-276-05";"Teich am Kulturzentrum Großbadegast";"Teich";"unmatched";"";"";"";"";"";"";"";"";"";"";"Kein OSM-v3-Kandidat vorhanden."
"7-276-06-muhlteich-merzien";"7-276-06";"Mühlteich Merzien";"Teich";"unmatched";"";"";"";"";"";"";"";"";"";"";"Kein OSM-v3-Kandidat vorhanden."
"7-400-01-alte-elbe-bei-dornburg";"7-400-01";"Alte Elbe bei Dornburg";"Fließgewässer";"unmatched";"";"";"";"";"";"";"";"";"";"";"Kein OSM-v3-Kandidat vorhanden."
"7-490-04-nuthe-im-landkreis-anhalt-bitterfeld-a-a-b-bf-d-h-k-pl-19-50-bis-walternienburg-mit-ausnahme-der-strecke-brucke-kameritz-bis-ca-3-km-flussaufwarts-salmostrecken-beachten";"7-490-04";"Nuthe im Landkreis Anhalt-Bitterfeld Ä, A, B, Bf, D, H, K, Pl 19,50 bis Walternienburg mit Ausnahme der Strecke Brücke Kämeritz bis ca. 3 km Flussaufwärts - Salmostrecken beachten!";"See";"unmatched";"";"";"";"";"";"";"";"";"";"";"Kein OSM-v3-Kandidat vorhanden."
"7-490-06-bonscher-teich";"7-490-06";"Bonscher Teich";"Teich";"unmatched";"";"";"";"";"";"";"";"";"";"";"Kein OSM-v3-Kandidat vorhanden."
"7-490-07-ziegeleiteich-bei-niederlepte";"7-490-07";"Ziegeleiteich bei Niederlepte";"Teich";"unmatched";"";"";"";"";"";"";"";"";"";"";"Kein OSM-v3-Kandidat vorhanden."
"7-490-08-unterer-muhlenteich-bei-dobritz";"7-490-08";"Unterer Mühlenteich bei Dobritz";"Teich";"unmatched";"";"";"";"";"";"";"";"";"";"";"Kein OSM-v3-Kandidat vorhanden."
"7-491-01-godnitzer-see";"7-491-01";"Gödnitzer See";"See";"unmatched";"";"";"";"";"";"";"";"";"";"";"Kein OSM-v3-Kandidat vorhanden."
"7-491-03-pfaffensee-bei-steckby";"7-491-03";"Pfaffensee bei Steckby";"See";"unmatched";"";"";"";"";"";"";"";"";"";"";"Kein OSM-v3-Kandidat vorhanden."
"8-180-02-ehemaliger-badeteich-an-der";"8-180-02";"Ehemaliger Badeteich an der";"Teich";"unmatched";"";"";"";"";"";"";"";"";"";"";"Kein OSM-v3-Kandidat vorhanden."
"8-180-03-birnbaummuhlenteich-grafenhainichen-a-b-bl-h-k-pl-ro-s-0-53";"8-180-03";"Birnbaummühlenteich Gräfenhainichen A, B, Bl, H, K, Pl, Ro, S 0,53";"Teich";"review";"52.4901938";"11.7037949";"0.81";"";"";"";"";"0";"";"";"OSM-Kandidat vorhanden, aber im amtlichen Prüfbereich kein passendes HY-P-Objekt gefunden."
"8-180-04-strohwalder-teich-grafenhainichen";"8-180-04";"Strohwalder Teich Gräfenhainichen";"Teich";"review";"51.733025";"12.4521901";"0.855";"";"";"";"";"0";"";"";"OSM-Kandidat vorhanden, aber im amtlichen Prüfbereich kein passendes HY-P-Objekt gefunden."
"8-180-05-affenteich-grafenhainichen";"8-180-05";"Affenteich Gräfenhainichen";"Teich";"review";"51.733025";"12.4521901";"0.855";"";"";"";"";"0";"";"";"OSM-Kandidat vorhanden, aber im amtlichen Prüfbereich kein passendes HY-P-Objekt gefunden."
"8-180-06-buchholzteich-grafenhainichen";"8-180-06";"Buchholzteich Gräfenhainichen";"Teich";"review";"51.733025";"12.4521901";"0.855";"";"";"";"";"0";"";"";"OSM-Kandidat vorhanden, aber im amtlichen Prüfbereich kein passendes HY-P-Objekt gefunden."
"8-181-01-reudener-grube";"8-181-01";"Reudener Grube";"Kiesgrube";"unmatched";"";"";"";"";"";"";"";"";"";"";"Kein OSM-v3-Kandidat vorhanden."
"8-181-02-tiefer-kolk-in-selbitz";"8-181-02";"Tiefer Kolk in Selbitz";"See";"unmatched";"";"";"";"";"";"";"";"";"";"";"Kein OSM-v3-Kandidat vorhanden."
"8-181-03-muhlenteich-radis";"8-181-03";"Mühlenteich Radis";"Teich";"unmatched";"";"";"";"";"";"";"";"";"";"";"Kein OSM-v3-Kandidat vorhanden."
"8-181-04-tagebaurestloch-golpa-ii-gurke";"8-181-04";"Tagebaurestloch Golpa II (Gurke)";"Kiesgrube";"unmatched";"";"";"";"";"";"";"";"";"";"";"Kein OSM-v3-Kandidat vorhanden."
"8-181-05-tagebaurestloch-druschplatzteich";"8-181-05";"Tagebaurestloch Druschplatzteich";"Kiesgrube";"review";"51.7196249";"12.3986165";"0.847";"378.4";"";"StandingWater_DESTGEOTR100fCS2";"StandingWater";"1";"0";"9999";"Amtliches Wasserobjekt vorhanden, Abstand/Name aber nicht eindeutig genug."
"8-181-06-jagerteich-bei-sollichau";"8-181-06";"Jägerteich bei Söllichau";"Teich";"unmatched";"";"";"";"";"";"";"";"";"";"";"Kein OSM-v3-Kandidat vorhanden."
"8-181-07-unterer-dorfteich-sollichau";"8-181-07";"Unterer Dorfteich Söllichau";"Teich";"review";"51.6357095";"12.6383932";"0.827";"322";"";"StandingWater_DESTGEOT00005Aua";"StandingWater";"1";"0";"9999";"Amtliches Wasserobjekt vorhanden, Abstand/Name aber nicht eindeutig genug."
"8-181-08-muhlteich-in-tornau";"8-181-08";"Mühlteich in Tornau";"Teich";"unmatched";"";"";"";"";"";"";"";"";"";"";"Kein OSM-v3-Kandidat vorhanden."
"8-181-09-ganseteich-in-sollichau";"8-181-09";"Gänseteich in Söllichau";"Teich";"review";"51.6357095";"12.6383932";"0.827";"322";"";"StandingWater_DESTGEOT00005Aua";"StandingWater";"1";"0";"9999";"Amtliches Wasserobjekt vorhanden, Abstand/Name aber nicht eindeutig genug."
"8-181-12-schleifbach-bei-sollichau";"8-181-12";"Schleifbach bei Söllichau";"See";"review";"51.6357095";"12.6383932";"0.827";"322";"";"StandingWater_DESTGEOT00005Aua";"StandingWater";"1";"0";"9999";"Amtliches Wasserobjekt vorhanden, Abstand/Name aber nicht eindeutig genug."
"8-181-13-barbarasee-bei-grafenhainichen-boote";"8-181-13";"Barbarasee bei Gräfenhainichen Boote";"See";"unmatched";"";"";"";"";"";"";"";"";"";"";"Kein OSM-v3-Kandidat vorhanden."
"8-182-01-alte-grube-mohlau";"8-182-01";"Alte Grube Möhlau";"Kiesgrube";"unmatched";"";"";"";"";"";"";"";"";"";"";"Kein OSM-v3-Kandidat vorhanden."
"8-182-02-mohlauer-see";"8-182-02";"Möhlauer See";"See";"unmatched";"";"";"";"";"";"";"";"";"";"";"Kein OSM-v3-Kandidat vorhanden."
"8-183-01-badeteich-vockerode";"8-183-01";"Badeteich Vockerode";"Teich";"unmatched";"";"";"";"";"";"";"";"";"";"";"Kein OSM-v3-Kandidat vorhanden."
"8-183-02-elbe-von-km-244-5-km-248-3-linksseitig-a-bl-h-pl-z-w-q-52-00";"8-183-02";"Elbe von km 244, 5 - km 248, 3 linksseitig A, Bl, H, Pl, Z, W, Q 52,00";"Fließgewässer";"unmatched";"";"";"";"";"";"";"";"";"";"";"Kein OSM-v3-Kandidat vorhanden."
"8-183-03-rehsener-see";"8-183-03";"Rehsener See";"See";"unmatched";"";"";"";"";"";"";"";"";"";"";"Kein OSM-v3-Kandidat vorhanden."
"8-183-04-margaretenhofteich-bei-oranienbaum";"8-183-04";"Margaretenhofteich bei Oranienbaum";"Teich";"review";"51.800217";"12.4017377";"0.888";"131.9";"";"StandingWater_DESTGEOT00005o7J";"StandingWater";"1";"0";"9999";"Amtliches Wasserobjekt vorhanden, Abstand/Name aber nicht eindeutig genug."
"8-183-05-talkenloch-bei-kakau";"8-183-05";"Talkenloch bei Kakau";"See";"review";"51.8028305";"12.4298212";"0.899";"";"";"";"";"0";"";"";"OSM-Kandidat vorhanden, aber im amtlichen Prüfbereich kein passendes HY-P-Objekt gefunden."
"8-183-06-alter-graben-worlitz";"8-183-06";"Alter Graben Wörlitz";"Fließgewässer";"review";"51.8403817";"12.4122004";"0.851";"0.2";"";"Watercourse_DESTGEOT0000cmof_lin";"Watercourse";"6";"0";"49.2";"Amtliche HY-P-Geometrie liegt nahe am OSM-Kandidaten, aber nicht eindeutig genug für automatische Freigabe."
"8-183-07-am-fliegraben-diestelsee-bei-worlitz";"8-183-07";"Am Fließgraben-Diestelsee bei Wörlitz";"Fließgewässer";"review";"51.8403817";"12.4122004";"0.851";"0.2";"";"Watercourse_DESTGEOT0000cmof_lin";"Watercourse";"6";"0";"49.2";"Amtliche HY-P-Geometrie liegt nahe am OSM-Kandidaten, aber nicht eindeutig genug für automatische Freigabe."
"8-183-08-fuhrtgraben-bei-worlitz";"8-183-08";"Fuhrtgraben bei Wörlitz";"Fließgewässer";"review";"51.8403817";"12.4122004";"0.851";"0.2";"";"Watercourse_DESTGEOT0000cmof_lin";"Watercourse";"6";"0";"49.2";"Amtliche HY-P-Geometrie liegt nahe am OSM-Kandidaten, aber nicht eindeutig genug für automatische Freigabe."
"8-183-09-stammhainigte-bei-worlitz";"8-183-09";"Stammhainigte bei Wörlitz";"See";"unmatched";"";"";"";"";"";"";"";"";"";"";"Kein OSM-v3-Kandidat vorhanden."
"8-183-10-groe-brage-bei-worlitz";"8-183-10";"Große Bräge bei Wörlitz";"See";"review";"51.8392199";"12.4247973";"0.871";"471.4";"Wörlitzer See";"StandingWater_DESTGEOTR100gxex";"StandingWater";"1";"0";"9999";"Amtliches Wasserobjekt vorhanden, Abstand/Name aber nicht eindeutig genug."
"8-183-11-groes-hakenloch-bei-vockerode";"8-183-11";"Großes Hakenloch bei Vockerode";"See";"unmatched";"";"";"";"";"";"";"";"";"";"";"Kein OSM-v3-Kandidat vorhanden."
"8-183-12-schiffinge-bei-vockerode";"8-183-12";"Schiffinge bei Vockerode";"See";"review";"51.8421383";"12.3472439";"0.877";"";"";"";"";"0";"";"";"OSM-Kandidat vorhanden, aber im amtlichen Prüfbereich kein passendes HY-P-Objekt gefunden."
"8-183-13-kapengraben-von-ehem-b107-bis-zur";"8-183-13";"Kapengraben von ehem. B107 bis zur";"Fließgewässer";"unmatched";"";"";"";"";"";"";"";"";"";"";"Kein OSM-v3-Kandidat vorhanden."
"8-183-14-fliegraben-von-straenbrucke";"8-183-14";"Fließgraben von Straßenbrücke";"Fließgewässer";"unmatched";"";"";"";"";"";"";"";"";"";"";"Kein OSM-v3-Kandidat vorhanden."
"8-183-16-hauptgraben-von-worlitz-bis-kakau";"8-183-16";"Hauptgraben von Wörlitz bis Kakau";"Fließgewässer";"review";"51.8069817";"12.4327648";"0.89";"19.7";"";"Watercourse_DESTGEOT00005o1l_lin";"Watercourse";"11";"0";"37.6";"Amtliches Wasserobjekt vorhanden, Abstand/Name aber nicht eindeutig genug."
"8-183-17-4-wallstiche-an-den-mittelholzern";"8-183-17";"4 Wallstiche an den Mittelhölzern";"See";"review";"51.8392199";"12.4247973";"0.871";"471.4";"Wörlitzer See";"StandingWater_DESTGEOTR100gxex";"StandingWater";"1";"0";"9999";"Amtliches Wasserobjekt vorhanden, Abstand/Name aber nicht eindeutig genug."
"8-184-01-roter-see-bei-rotta";"8-184-01";"Roter See bei Rotta";"See";"unmatched";"";"";"";"";"";"";"";"";"";"";"Kein OSM-v3-Kandidat vorhanden."
"8-184-03-bergwitzsee";"8-184-03";"Bergwitzsee";"See";"unmatched";"";"";"";"";"";"";"";"";"";"";"Kein OSM-v3-Kandidat vorhanden."
"8-250-04-neues-bad-bei-jessen";"8-250-04";"Neues Bad bei Jessen";"See";"unmatched";"";"";"";"";"";"";"";"";"";"";"Kein OSM-v3-Kandidat vorhanden."
"8-250-05-saulug-bei-jessen";"8-250-05";"Saulug bei Jessen";"See";"review";"51.7889189";"12.9639886";"0.845";"40.1";"";"StandingWater_DESTGEOT0000exyd";"StandingWater";"3";"0";"111.2";"Amtliche HY-P-Geometrie liegt nahe am OSM-Kandidaten, aber nicht eindeutig genug für automatische Freigabe."
"8-250-07-neuer-arm-in-jessen";"8-250-07";"Neuer Arm in Jessen";"See";"review";"51.7889189";"12.9639886";"0.845";"40.1";"";"StandingWater_DESTGEOT0000exyd";"StandingWater";"3";"0";"111.2";"Amtliche HY-P-Geometrie liegt nahe am OSM-Kandidaten, aber nicht eindeutig genug für automatische Freigabe."
"8-250-08-schwarze-elster-von-lg-bis-zur-ein";"8-250-08";"Schwarze Elster von LG bis zur Ein-";"See";"unmatched";"";"";"";"";"";"";"";"";"";"";"Kein OSM-v3-Kandidat vorhanden."
"8-250-09-schwarze-elster-von-straenbrucke";"8-250-09";"Schwarze Elster von Straßenbrücke";"See";"unmatched";"";"";"";"";"";"";"";"";"";"";"Kein OSM-v3-Kandidat vorhanden."
"8-250-11-schopfwerk-gerbisbach";"8-250-11";"Schöpfwerk Gerbisbach";"See";"unmatched";"";"";"";"";"";"";"";"";"";"";"Kein OSM-v3-Kandidat vorhanden."
"8-250-12-neugraben-von-landesgrenze-bis";"8-250-12";"Neugraben von Landesgrenze bis";"Fließgewässer";"review";"51.6571329";"12.3058934";"0.784";"9.8";"";"Watercourse_DESTGEOT00005hGj_lin";"Watercourse";"5";"0";"27.8";"Amtliches Wasserobjekt vorhanden, Abstand/Name aber nicht eindeutig genug."
"8-250-13-landlache-vom-plossiger-graben-bis";"8-250-13";"Landlache vom Plossiger Graben bis";"Fließgewässer";"review";"51.6571329";"12.3058934";"0.784";"9.8";"";"Watercourse_DESTGEOT00005hGj_lin";"Watercourse";"5";"0";"27.8";"Amtliches Wasserobjekt vorhanden, Abstand/Name aber nicht eindeutig genug."
"8-250-14-baggerteich-bei-brandis";"8-250-14";"Baggerteich bei Brandis";"Teich";"review";"51.3742077";"11.9890859";"0.879";"";"";"";"";"0";"";"";"OSM-Kandidat vorhanden, aber im amtlichen Prüfbereich kein passendes HY-P-Objekt gefunden."
"8-250-16-hufeisenteich-jessen-grabo";"8-250-16";"Hufeisenteich Jessen/Grabo";"Teich";"unmatched";"";"";"";"";"";"";"";"";"";"";"Kein OSM-v3-Kandidat vorhanden."
"8-250-18-kremnitz-holzdorf";"8-250-18";"Kremnitz Holzdorf";"See";"review";"51.7617936";"13.1081107";"0.769";"37";"";"StandingWater_DESTGEOT00005Vgp";"StandingWater";"1";"0";"9999";"Amtliche HY-P-Geometrie liegt nahe am OSM-Kandidaten, aber nicht eindeutig genug für automatische Freigabe."
"8-251-01-kiestagebau-elbekies-bei-prettin";"8-251-01";"Kiestagebau Elbekies bei Prettin";"Fließgewässer";"review";"51.6591039";"12.9310159";"0.881";"2.6";"";"Watercourse_DESTGEOT00005Q5J_lin";"Watercourse";"5";"0";"62";"Amtliche HY-P-Geometrie liegt nahe am OSM-Kandidaten, aber nicht eindeutig genug für automatische Freigabe."
"8-251-02-kiestagbau-badesee-bei-prettin";"8-251-02";"Kiestagbau (Badesee) bei Prettin";"Kiesgrube";"unmatched";"";"";"";"";"";"";"";"";"";"";"Kein OSM-v3-Kandidat vorhanden."
"8-251-03-elbe-km-168-2-km-182-0-rechtss";"8-251-03";"Elbe km 168, 2 - km 182, 0 rechtss.";"Fließgewässer";"unmatched";"";"";"";"";"";"";"";"";"";"";"Kein OSM-v3-Kandidat vorhanden."
"8-252-01-alte-elbe-in-iserbegka-bei-elster";"8-252-01";"Alte Elbe in Iserbegka bei Elster";"Fließgewässer";"review";"51.8252467";"12.8383738";"0.801";"7.3";"";"Watercourse_DESTGEOTR100fUy6_lin";"Watercourse";"4";"0";"35.6";"Amtliches Wasserobjekt vorhanden, Abstand/Name aber nicht eindeutig genug."
"8-253-01-das-loch-annaburg";"8-253-01";"Das Loch Annaburg";"See";"unmatched";"";"";"";"";"";"";"";"";"";"";"Kein OSM-v3-Kandidat vorhanden."
"8-253-04-gewasser-meiner-lehrmann";"8-253-04";"Gewässer Meißner, Lehrmann";"See";"unmatched";"";"";"";"";"";"";"";"";"";"";"Kein OSM-v3-Kandidat vorhanden."
"8-360-01-wasserloch-klieken";"8-360-01";"Wasserloch Klieken";"See";"unmatched";"";"";"";"";"";"";"";"";"";"";"Kein OSM-v3-Kandidat vorhanden."
"8-360-02-dorfteich-klieken";"8-360-02";"Dorfteich Klieken";"Teich";"review";"51.8881487";"12.3691807";"0.948";"14.3";"";"StandingWater_DESTGEOT00005oUQ";"StandingWater";"2";"0";"57.5";"Amtliche HY-P-Geometrie liegt nahe am OSM-Kandidaten, aber nicht eindeutig genug für automatische Freigabe."
"8-360-03-silbersee-bei-zieko";"8-360-03";"Silbersee bei Zieko";"See";"review";"51.9151337";"12.4107055";"0.857";"12.4";"";"StandingWater_DESTGEOT00005oVf";"StandingWater";"2";"0";"23.8";"Amtliches Wasserobjekt vorhanden, Abstand/Name aber nicht eindeutig genug."
"8-360-07-steinmuhlenteich-bei-duben";"8-360-07";"Steinmühlenteich bei Düben";"Teich";"review";"51.9229512";"12.3909361";"0.863";"";"";"";"";"0";"";"";"OSM-Kandidat vorhanden, aber im amtlichen Prüfbereich kein passendes HY-P-Objekt gefunden."
"8-360-09-tongrube-mollensdorf";"8-360-09";"Tongrube Möllensdorf";"Kiesgrube";"unmatched";"";"";"";"";"";"";"";"";"";"";"Kein OSM-v3-Kandidat vorhanden."
"8-361-02-kohlengrube-coswig-flamingbad";"8-361-02";"Kohlengrube Coswig (Flämingbad)";"Kiesgrube";"review";"51.8953884";"12.4275045";"0.834";"14.3";"";"StandingWater_DESTGEOT00005oVg";"StandingWater";"3";"0";"39.1";"Amtliches Wasserobjekt vorhanden, Abstand/Name aber nicht eindeutig genug."
"8-460-01-klinkerteich-bei-bad-schmiedeberg";"8-460-01";"Klinkerteich bei Bad Schmiedeberg";"Teich";"unmatched";"";"";"";"";"";"";"";"";"";"";"Kein OSM-v3-Kandidat vorhanden."
"8-460-02-brauteich-schlograben-und";"8-460-02";"Brauteich, Schloßgraben und";"Fließgewässer";"review";"51.961923";"12.7437947";"0.932";"0.1";"";"Watercourse_DESTGEOTR10099No_lin";"Watercourse";"8";"0";"1.5";"Amtliches Wasserobjekt vorhanden, Abstand/Name aber nicht eindeutig genug."
"8-460-10-fleischerwerder-bei-dabrun";"8-460-10";"Fleischerwerder bei Dabrun";"See";"review";"51.8287999";"12.7242829";"0.83";"6.7";"";"StandingWater_DESTGEOT00005Nbp";"StandingWater";"7";"0";"44.1";"Amtliche HY-P-Geometrie liegt nahe am OSM-Kandidaten, aber nicht eindeutig genug für automatische Freigabe."
"8-460-11-booser-ri-im-ot-boos-dabrun";"8-460-11";"Booser Riß im OT Boos/Dabrun";"See";"unmatched";"";"";"";"";"";"";"";"";"";"";"Kein OSM-v3-Kandidat vorhanden."
"8-460-12-3-waldteiche-bei-reinsdorf";"8-460-12";"3 Waldteiche bei Reinsdorf";"Teich";"unmatched";"";"";"";"";"";"";"";"";"";"";"Kein OSM-v3-Kandidat vorhanden."
"8-460-13-groer-aca-teich-bei-reinsdorf";"8-460-13";"Großer (ACA) Teich bei Reinsdorf";"Teich";"unmatched";"";"";"";"";"";"";"";"";"";"";"Kein OSM-v3-Kandidat vorhanden."
"8-460-14-teich-bleddin";"8-460-14";"Teich Bleddin";"Teich";"review";"51.7876459";"12.784032";"0.902";"6.4";"";"StandingWater_DESTGEOTR100eNRl";"StandingWater";"6";"0";"46.3";"Amtliche HY-P-Geometrie liegt nahe am OSM-Kandidaten, aber nicht eindeutig genug für automatische Freigabe."
"8-460-15-schluft-bei-bleddin";"8-460-15";"Schluft bei Bleddin";"See";"review";"51.7876459";"12.784032";"0.902";"6.4";"";"StandingWater_DESTGEOTR100eNRl";"StandingWater";"6";"0";"46.3";"Amtliche HY-P-Geometrie liegt nahe am OSM-Kandidaten, aber nicht eindeutig genug für automatische Freigabe."
"8-460-16-bleddiner-ri";"8-460-16";"Bleddiner Riß";"See";"review";"51.7910406";"12.7924639";"0.954";"44.7";"Bleddiner Riß";"StandingWater_DESTGEOT00005Nbl";"StandingWater";"2";"1";"270.4";"Amtliche HY-P-Geometrie liegt nahe am OSM-Kandidaten, aber nicht eindeutig genug für automatische Freigabe."
"8-460-17-sandkolk-bleddin";"8-460-17";"Sandkolk Bleddin";"See";"review";"51.7876459";"12.784032";"0.902";"6.4";"";"StandingWater_DESTGEOTR100eNRl";"StandingWater";"6";"0";"46.3";"Amtliche HY-P-Geometrie liegt nahe am OSM-Kandidaten, aber nicht eindeutig genug für automatische Freigabe."
"8-460-23-moschkolk-bei-wartenburg";"8-460-23";"Moschkolk bei Wartenburg";"See";"unmatched";"";"";"";"";"";"";"";"";"";"";"Kein OSM-v3-Kandidat vorhanden."
"8-460-24-blaues-auge-bei-reinharz";"8-460-24";"Blaues Auge bei Reinharz";"See";"unmatched";"";"";"";"";"";"";"";"";"";"";"Kein OSM-v3-Kandidat vorhanden."
"8-460-27-kolk-in-den-krebshornwiesen";"8-460-27";"Kolk in den Krebshornwiesen";"See";"unmatched";"";"";"";"";"";"";"";"";"";"";"Kein OSM-v3-Kandidat vorhanden."
"8-460-28-kleiner-ri-bei-dabrun-schleienloch";"8-460-28";"Kleiner Riß bei Dabrun (Schleienloch)";"See";"review";"51.8287999";"12.7242829";"0.83";"6.7";"";"StandingWater_DESTGEOT00005Nbp";"StandingWater";"7";"0";"44.1";"Amtliche HY-P-Geometrie liegt nahe am OSM-Kandidaten, aber nicht eindeutig genug für automatische Freigabe."
"8-460-33-schluft-priesitz";"8-460-33";"Schluft Priesitz";"See";"review";"51.707121";"12.83869";"0.89";"13.1";"";"StandingWater_DESTGEOT00005LkL";"StandingWater";"5";"0";"7.6";"Amtliches Wasserobjekt vorhanden, Abstand/Name aber nicht eindeutig genug."
"8-460-35-3-weinbergeiche-abtsdorf";"8-460-35";"3 Weinbergeiche Abtsdorf";"See";"unmatched";"";"";"";"";"";"";"";"";"";"";"Kein OSM-v3-Kandidat vorhanden."
"8-460-36-tiefer-kolk-bei-trebitz";"8-460-36";"Tiefer Kolk bei Trebitz";"See";"unmatched";"";"";"";"";"";"";"";"";"";"";"Kein OSM-v3-Kandidat vorhanden."
"8-460-37-sandekolk-bei-dabrun";"8-460-37";"Sandekolk bei Dabrun";"See";"review";"51.8287999";"12.7242829";"0.83";"6.7";"";"StandingWater_DESTGEOT00005Nbp";"StandingWater";"7";"0";"44.1";"Amtliche HY-P-Geometrie liegt nahe am OSM-Kandidaten, aber nicht eindeutig genug für automatische Freigabe."
"8-460-38-fliegraben-vom-wachsdorfer";"8-460-38";"Fließgraben vom Wachsdorfer";"Fließgewässer";"unmatched";"";"";"";"";"";"";"";"";"";"";"Kein OSM-v3-Kandidat vorhanden."
"8-460-39-kolk-seegrehna";"8-460-39";"Kolk Seegrehna";"See";"unmatched";"";"";"";"";"";"";"";"";"";"";"Kein OSM-v3-Kandidat vorhanden."
"8-460-40-forsterloch-bei-seegrehna";"8-460-40";"Försterloch bei Seegrehna";"See";"unmatched";"";"";"";"";"";"";"";"";"";"";"Kein OSM-v3-Kandidat vorhanden."
"8-460-42-krummer-see-bodemar-bei-seegrehna-a-bl-h-k-pl-s-1-24";"8-460-42";"Krummer See (Bodemar) bei Seegrehna A, Bl, H, K, Pl, S 1,24";"Fließgewässer";"review";"51.4708382";"11.8860993";"0.755";"215.6";"";"Watercourse_DESTGEOT00002LqT_lin";"Watercourse";"4";"0";"11";"Amtliches Wasserobjekt vorhanden, Abstand/Name aber nicht eindeutig genug."
"8-460-43-blumenwinkel-bei-seegrehna";"8-460-43";"Blumenwinkel bei Seegrehna";"See";"unmatched";"";"";"";"";"";"";"";"";"";"";"Kein OSM-v3-Kandidat vorhanden."
"8-460-44-drehkolk-bei-seegrehna";"8-460-44";"Drehkolk bei Seegrehna";"See";"unmatched";"";"";"";"";"";"";"";"";"";"";"Kein OSM-v3-Kandidat vorhanden."
"8-460-45-hauskolk-bei-seegrehna";"8-460-45";"Hauskolk bei Seegrehna";"See";"unmatched";"";"";"";"";"";"";"";"";"";"";"Kein OSM-v3-Kandidat vorhanden."
"8-460-46-alter-bruckenkopf-muschelteich-pratau-b-bl-h-pl-1-24";"8-460-46";"Alter Brückenkopf (Muschelteich) Pratau B, Bl, H, Pl 1,24";"Teich";"unmatched";"";"";"";"";"";"";"";"";"";"";"Kein OSM-v3-Kandidat vorhanden."
"8-460-47-tonteich-bulzig";"8-460-47";"Tonteich Bülzig";"Teich";"unmatched";"";"";"";"";"";"";"";"";"";"";"Kein OSM-v3-Kandidat vorhanden."
"8-460-49-groer-see-bleesern-bei-seegrehna";"8-460-49";"Großer See (Bleesern) bei Seegrehna";"See";"unmatched";"";"";"";"";"";"";"";"";"";"";"Kein OSM-v3-Kandidat vorhanden."
"8-460-50-schwarzes-wasser-bei-seegrehna";"8-460-50";"Schwarzes Wasser bei Seegrehna";"See";"unmatched";"";"";"";"";"";"";"";"";"";"";"Kein OSM-v3-Kandidat vorhanden."
"8-460-51-sandebreite-bei-seegrehna";"8-460-51";"Sandebreite bei Seegrehna";"See";"unmatched";"";"";"";"";"";"";"";"";"";"";"Kein OSM-v3-Kandidat vorhanden."
"8-460-53-alte-elbe-merschwitz";"8-460-53";"Alte Elbe Merschwitz";"Fließgewässer";"unmatched";"";"";"";"";"";"";"";"";"";"";"Kein OSM-v3-Kandidat vorhanden."
"8-460-54-alte-badeanstalt-kemberg";"8-460-54";"Alte Badeanstalt Kemberg";"See";"review";"51.7716825";"12.625912";"0.924";"6.6";"";"StandingWater_DESTGEOT0000fU9f";"StandingWater";"4";"0";"15.3";"Amtliches Wasserobjekt vorhanden, Abstand/Name aber nicht eindeutig genug."
"8-460-55-wendel-wittenberg";"8-460-55";"Wendel Wittenberg";"See";"review";"51.8620156";"12.6926851";"0.894";"60.7";"Wendel";"StandingWater_DESTGEOTR100fOib";"StandingWater";"10";"0.353";"10.4";"Amtliches Wasserobjekt vorhanden, Abstand/Name aber nicht eindeutig genug."
"8-460-56-booser-graben-vom-booser-ri-zur-elbe";"8-460-56";"Booser Graben vom Booser Riß zur Elbe";"Fließgewässer";"unmatched";"";"";"";"";"";"";"";"";"";"";"Kein OSM-v3-Kandidat vorhanden."
"8-460-57-espenkolk-i-und-ii-bei-gallin-muhlanger";"8-460-57";"Espenkolk I und II bei Gallin/Mühlanger";"See";"review";"51.8384308";"12.7623931";"0.865";"206.2";"";"StandingWater_DESTGEOT00005Nae";"StandingWater";"2";"0";"143";"Amtliches Wasserobjekt vorhanden, Abstand/Name aber nicht eindeutig genug."
"8-460-58-wilde-kolke-i-bei-dabrun-melzwig";"8-460-58";"Wilde Kölke I bei Dabrun/Melzwig";"See";"review";"51.8287999";"12.7242829";"0.854";"6.7";"";"StandingWater_DESTGEOT00005Nbp";"StandingWater";"7";"0";"44.1";"Amtliche HY-P-Geometrie liegt nahe am OSM-Kandidaten, aber nicht eindeutig genug für automatische Freigabe."
"8-460-59-tiefes-loch-bleddin";"8-460-59";"Tiefes Loch Bleddin";"See";"review";"51.7876459";"12.784032";"0.902";"6.4";"";"StandingWater_DESTGEOTR100eNRl";"StandingWater";"6";"0";"46.3";"Amtliche HY-P-Geometrie liegt nahe am OSM-Kandidaten, aber nicht eindeutig genug für automatische Freigabe."
"8-460-63-schwarzes-loch-1-3";"8-460-63";"Schwarzes Loch (1-3)";"See";"unmatched";"";"";"";"";"";"";"";"";"";"";"Kein OSM-v3-Kandidat vorhanden."
"8-460-67-katzenergel-bei-seegrehna";"8-460-67";"Katzenergel bei Seegrehna";"See";"unmatched";"";"";"";"";"";"";"";"";"";"";"Kein OSM-v3-Kandidat vorhanden."
"8-460-73-zahna-von-der-strae-zahna";"8-460-73";"Zahna von der Straße Zahna-";"See";"unmatched";"";"";"";"";"";"";"";"";"";"";"Kein OSM-v3-Kandidat vorhanden."
"8-460-75-rehkolk-apollensdorf";"8-460-75";"Rehkolk Apollensdorf";"See";"review";"51.8720593";"12.5418473";"0.895";"236.4";"";"StandingWater_DESTGEOT00005xfC";"StandingWater";"2";"0";"89.2";"Amtliches Wasserobjekt vorhanden, Abstand/Name aber nicht eindeutig genug."
"8-460-76-wolfskolk-seegrehna";"8-460-76";"Wolfskolk Seegrehna";"See";"unmatched";"";"";"";"";"";"";"";"";"";"";"Kein OSM-v3-Kandidat vorhanden."
"9-150-02-monchsteich-hausbergteich-bischofrode-a-k-ro-s-0-50";"9-150-02";"Mönchsteich (Hausbergteich) Bischofrode A, K, Ro, S 0,50";"Teich";"unmatched";"";"";"";"";"";"";"";"";"";"";"Kein OSM-v3-Kandidat vorhanden."
"9-150-03-gemeindebad-neptun-helbra";"9-150-03";"Gemeindebad Neptun Helbra";"See";"unmatched";"";"";"";"";"";"";"";"";"";"";"Kein OSM-v3-Kandidat vorhanden."
"9-150-04-parkbad-anna-helbra";"9-150-04";"Parkbad Anna Helbra";"See";"review";"51.5613221";"11.4800467";"0.915";"0.1";"";"StandingWater_DESTGEOT00001Qv0";"StandingWater";"2";"0";"61.4";"Amtliche HY-P-Geometrie liegt nahe am OSM-Kandidaten, aber nicht eindeutig genug für automatische Freigabe."
"9-150-05-ottilienteich-bei-roblingen";"9-150-05";"Ottilienteich bei Röblingen";"Teich";"review";"51.4535698";"11.6731185";"0.789";"";"";"";"";"0";"";"";"OSM-Kandidat vorhanden, aber im amtlichen Prüfbereich kein passendes HY-P-Objekt gefunden."
"9-150-06-marthateich-bei-wansleben";"9-150-06";"Marthateich bei Wansleben";"Teich";"unmatched";"";"";"";"";"";"";"";"";"";"";"Kein OSM-v3-Kandidat vorhanden."
"9-150-08-restl-tonlocher-ost-bei-wansleben";"9-150-08";"restl. Tonlöcher Ost bei Wansleben";"See";"unmatched";"";"";"";"";"";"";"";"";"";"";"Kein OSM-v3-Kandidat vorhanden."
"9-150-09-grube-bornstedt-neugluck";"9-150-09";"Grube Bornstedt Neuglück";"Kiesgrube";"unmatched";"";"";"";"";"";"";"";"";"";"";"Kein OSM-v3-Kandidat vorhanden."
"9-150-11-minnabad-volkstedt";"9-150-11";"Minnabad Volkstedt";"See";"review";"51.5696092";"11.5423583";"0.847";"";"";"";"";"0";"";"";"OSM-Kandidat vorhanden, aber im amtlichen Prüfbereich kein passendes HY-P-Objekt gefunden."
"9-150-12-kleinwasserspeicher-ziegelrode";"9-150-12";"Kleinwasserspeicher Ziegelrode";"See";"unmatched";"";"";"";"";"";"";"";"";"";"";"Kein OSM-v3-Kandidat vorhanden."
"9-150-13-hofteich-in-stedten";"9-150-13";"Hofteich in Stedten";"Teich";"unmatched";"";"";"";"";"";"";"";"";"";"";"Kein OSM-v3-Kandidat vorhanden."
"9-150-15-mittelgraben-v-stollengraben-bis";"9-150-15";"Mittelgraben v. Stollengraben bis";"Fließgewässer";"review";"51.6571329";"12.3058934";"0.784";"9.8";"";"Watercourse_DESTGEOT00005hGj_lin";"Watercourse";"5";"0";"27.8";"Amtliches Wasserobjekt vorhanden, Abstand/Name aber nicht eindeutig genug."
"9-150-17-sudlicher-ringkanal-von";"9-150-17";"Südlicher Ringkanal von";"Fließgewässer";"unmatched";"";"";"";"";"";"";"";"";"";"";"Kein OSM-v3-Kandidat vorhanden."
"9-150-18-tonloch-lauraberg-roblingen";"9-150-18";"Tonloch Lauraberg Röblingen";"See";"review";"51.4535698";"11.6731185";"0.789";"";"";"";"";"0";"";"";"OSM-Kandidat vorhanden, aber im amtlichen Prüfbereich kein passendes HY-P-Objekt gefunden."
"9-150-19-helmsdorfer-teiche";"9-150-19";"Helmsdorfer Teiche";"Teich";"unmatched";"";"";"";"";"";"";"";"";"";"";"Kein OSM-v3-Kandidat vorhanden."
"9-150-21-groes-tonloch-wansleben";"9-150-21";"Großes Tonloch Wansleben";"See";"unmatched";"";"";"";"";"";"";"";"";"";"";"Kein OSM-v3-Kandidat vorhanden."
"9-150-22-nonnental-hornurg";"9-150-22";"Nonnental Hornurg";"See";"unmatched";"";"";"";"";"";"";"";"";"";"";"Kein OSM-v3-Kandidat vorhanden."
"9-151-01-rudels-teich-bei-helfta";"9-151-01";"Rüdels Teich bei Helfta";"Teich";"review";"51.5056173";"11.5730922";"0.866";"273.1";"";"StandingWater_DESTGEOT000025Ev";"StandingWater";"2";"0";"41.6";"Amtliches Wasserobjekt vorhanden, Abstand/Name aber nicht eindeutig genug."
"9-230-01-parkteich-in-wiederstedt";"9-230-01";"Parkteich in Wiederstedt";"Teich";"unmatched";"";"";"";"";"";"";"";"";"";"";"Kein OSM-v3-Kandidat vorhanden."
"9-230-02-tonloch-bei-hettstedt";"9-230-02";"Tonloch bei Hettstedt";"See";"unmatched";"";"";"";"";"";"";"";"";"";"";"Kein OSM-v3-Kandidat vorhanden."
"9-230-05-mansfelder-teich";"9-230-05";"Mansfelder Teich";"Teich";"unmatched";"";"";"";"";"";"";"";"";"";"";"Kein OSM-v3-Kandidat vorhanden."
"9-230-07-wippertalsperre";"9-230-07";"Wippertalsperre";"See";"unmatched";"";"";"";"";"";"";"";"";"";"";"Kein OSM-v3-Kandidat vorhanden."
"9-230-08-schaferteich-sylda";"9-230-08";"Schäferteich Sylda";"Teich";"review";"51.679334";"11.4230811";"0.908";"73.9";"";"StandingWater_DESTGEOT00001U3B";"StandingWater";"1";"0";"9999";"Amtliche HY-P-Geometrie liegt nahe am OSM-Kandidaten, aber nicht eindeutig genug für automatische Freigabe."
"9-230-09-dorfteich-sylda";"9-230-09";"Dorfteich Sylda";"Teich";"review";"51.679334";"11.4230811";"0.908";"73.9";"";"StandingWater_DESTGEOT00001U3B";"StandingWater";"1";"0";"9999";"Amtliche HY-P-Geometrie liegt nahe am OSM-Kandidaten, aber nicht eindeutig genug für automatische Freigabe."
"9-230-11-amtsteich-bei-vatterode";"9-230-11";"Amtsteich bei Vatterode";"Teich";"unmatched";"";"";"";"";"";"";"";"";"";"";"Kein OSM-v3-Kandidat vorhanden."
"9-230-13-huttenteich-sylda";"9-230-13";"Hüttenteich Sylda";"Teich";"review";"51.679334";"11.4230811";"0.908";"73.9";"";"StandingWater_DESTGEOT00001U3B";"StandingWater";"1";"0";"9999";"Amtliche HY-P-Geometrie liegt nahe am OSM-Kandidaten, aber nicht eindeutig genug für automatische Freigabe."
"9-230-14-dorfteich-greifenhagen";"9-230-14";"Dorfteich Greifenhagen";"Teich";"unmatched";"";"";"";"";"";"";"";"";"";"";"Kein OSM-v3-Kandidat vorhanden."
"9-230-15-ochsenpfuhlbachteich-vatterode";"9-230-15";"Ochsenpfuhlbachteich Vatterode";"Teich";"review";"51.5992349";"11.426009";"0.854";"";"";"";"";"0";"";"";"OSM-Kandidat vorhanden, aber im amtlichen Prüfbereich kein passendes HY-P-Objekt gefunden."
"9-351-01-unterer-hofteich-in-sittichenbach";"9-351-01";"Unterer Hofteich in Sittichenbach";"Teich";"unmatched";"";"";"";"";"";"";"";"";"";"";"Kein OSM-v3-Kandidat vorhanden."
"9-351-02-fischteich-rothenschirmbach";"9-351-02";"Fischteich Rothenschirmbach";"Teich";"unmatched";"";"";"";"";"";"";"";"";"";"";"Kein OSM-v3-Kandidat vorhanden."
"9-352-01-oberer-hofteich-in-sittichenbach";"9-352-01";"Oberer Hofteich in Sittichenbach";"Teich";"unmatched";"";"";"";"";"";"";"";"";"";"";"Kein OSM-v3-Kandidat vorhanden."
"9-390-02-see-hackpuffel";"9-390-02";"See Hackpüffel";"See";"unmatched";"";"";"";"";"";"";"";"";"";"";"Kein OSM-v3-Kandidat vorhanden."
"9-390-03-toter-arm-lange-helme-bei";"9-390-03";"Toter Arm „Lange Helme“ bei";"See";"unmatched";"";"";"";"";"";"";"";"";"";"";"Kein OSM-v3-Kandidat vorhanden."
"9-390-08-schloteich-rottleberode";"9-390-08";"Schloßteich Rottleberode";"Teich";"unmatched";"";"";"";"";"";"";"";"";"";"";"Kein OSM-v3-Kandidat vorhanden."
"9-390-09-entfallt";"9-390-09";"entfällt";"See";"unmatched";"";"";"";"";"";"";"";"";"";"";"Kein OSM-v3-Kandidat vorhanden."
"9-390-10-altarm-am-hornissenberg-bei-kelbra";"9-390-10";"Altarm am Hornissenberg bei Kelbra";"See";"review";"51.4390267";"11.0361459";"0.856";"";"";"";"";"0";"";"";"OSM-Kandidat vorhanden, aber im amtlichen Prüfbereich kein passendes HY-P-Objekt gefunden."
"9-390-11-neuvorwerksteich-bei-allstedt";"9-390-11";"Neuvorwerksteich bei Allstedt";"Teich";"unmatched";"";"";"";"";"";"";"";"";"";"";"Kein OSM-v3-Kandidat vorhanden."
"9-390-12-teich-karlsrode";"9-390-12";"Teich Karlsrode";"Teich";"unmatched";"";"";"";"";"";"";"";"";"";"";"Kein OSM-v3-Kandidat vorhanden."
"9-390-18-feuerloschteich-in-dittichenrode";"9-390-18";"Feuerlöschteich in Dittichenrode";"Teich";"review";"51.4689026";"11.1009878";"0.831";"";"";"";"";"0";"";"";"OSM-Kandidat vorhanden, aber im amtlichen Prüfbereich kein passendes HY-P-Objekt gefunden."
"9-390-19-dorfteich-rotha";"9-390-19";"Dorfteich Rotha";"Teich";"review";"51.5409166";"11.1474381";"0.937";"172.7";"";"StandingWater_DESTGEOT00001jjj";"StandingWater";"2";"0";"128.4";"Amtliches Wasserobjekt vorhanden, Abstand/Name aber nicht eindeutig genug."
"9-390-20-kunstteich-bei-wettelrode";"9-390-20";"Kunstteich bei Wettelrode";"Teich";"review";"51.5142656";"11.2755607";"0.824";"";"";"";"";"0";"";"";"OSM-Kandidat vorhanden, aber im amtlichen Prüfbereich kein passendes HY-P-Objekt gefunden."
"9-390-21-zweier-und-dreierteich-am-rosarium";"9-390-21";"Zweier- und Dreierteich am Rosarium";"Teich";"review";"51.474971";"11.3099336";"0.837";"98.3";"Zweier Teich";"StandingWater_DESTGEOT00001xvY";"StandingWater";"2";"0.2";"20.9";"Amtliches Wasserobjekt vorhanden, Abstand/Name aber nicht eindeutig genug."
"9-390-22-helme-ab-200m-unterhalb-straen";"9-390-22";"Helme ab 200m unterhalb Straßen-";"See";"unmatched";"";"";"";"";"";"";"";"";"";"";"Kein OSM-v3-Kandidat vorhanden."
"9-390-23-3-tonlocher-bei-morungen";"9-390-23";"3 Tonlöcher bei Morungen –";"See";"review";"51.5082876";"11.2316396";"0.788";"19.6";"";"StandingWater_DESTGEOT00001fJ4";"StandingWater";"2";"0";"45.6";"Amtliche HY-P-Geometrie liegt nahe am OSM-Kandidaten, aber nicht eindeutig genug für automatische Freigabe."
"9-390-24-alte-kiesgrube-berga";"9-390-24";"Alte Kiesgrube Berga";"Kiesgrube";"review";"51.4572795";"11.0018156";"0.87";"";"";"";"";"0";"";"";"OSM-Kandidat vorhanden, aber im amtlichen Prüfbereich kein passendes HY-P-Objekt gefunden."
"9-390-25-teich-in-beyernaumburg-othal";"9-390-25";"Teich in Beyernaumburg/Othal";"Teich";"unmatched";"";"";"";"";"";"";"";"";"";"";"Kein OSM-v3-Kandidat vorhanden."
"9-390-28-toter-helmearm-bei-bennungen";"9-390-28";"Toter Helmearm bei Bennungen";"See";"unmatched";"";"";"";"";"";"";"";"";"";"";"Kein OSM-v3-Kandidat vorhanden."
"9-390-29-alte-kiesgrube-katarienenrieth";"9-390-29";"Alte Kiesgrube Katarienenrieth";"Kiesgrube";"unmatched";"";"";"";"";"";"";"";"";"";"";"Kein OSM-v3-Kandidat vorhanden."
"9-390-32-stausee-kelbra";"9-390-32";"Stausee Kelbra";"See";"review";"51.4390267";"11.0361459";"0.856";"";"";"";"";"0";"";"";"OSM-Kandidat vorhanden, aber im amtlichen Prüfbereich kein passendes HY-P-Objekt gefunden."
"10-210-01-kiesgrube-in-rattmannsdorf";"10-210-01";"Kiesgrube in Rattmannsdorf";"Kiesgrube";"review";"51.416118";"11.9547373";"0.839";"50";"";"StandingWater_DESTGEOT00000ryH";"StandingWater";"5";"0";"34.7";"Amtliches Wasserobjekt vorhanden, Abstand/Name aber nicht eindeutig genug."
"10-210-02-kiesgrube-gansteich-zwintschona";"10-210-02";"Kiesgrube (Gänsteich) Zwintschöna";"Kiesgrube";"unmatched";"";"";"";"";"";"";"";"";"";"";"Kein OSM-v3-Kandidat vorhanden."
"10-210-03-friedrichsbad-in-zwintschona";"10-210-03";"Friedrichsbad in Zwintschöna";"See";"review";"51.4499103";"12.0488239";"0.888";"66.5";"";"StandingWater_DESTGEOT00004Gvn";"StandingWater";"3";"0";"217.5";"Amtliche HY-P-Geometrie liegt nahe am OSM-Kandidaten, aber nicht eindeutig genug für automatische Freigabe."
"10-210-04-dorfteich-in-zwintschona";"10-210-04";"Dorfteich in Zwintschöna";"Teich";"review";"51.4499103";"12.0488239";"0.888";"66.5";"";"StandingWater_DESTGEOT00004Gvn";"StandingWater";"3";"0";"217.5";"Amtliche HY-P-Geometrie liegt nahe am OSM-Kandidaten, aber nicht eindeutig genug für automatische Freigabe."
"10-210-05-muhlteich-in-zwintschona";"10-210-05";"Mühlteich in Zwintschöna";"Teich";"review";"51.4499103";"12.0488239";"0.888";"66.5";"";"StandingWater_DESTGEOT00004Gvn";"StandingWater";"3";"0";"217.5";"Amtliche HY-P-Geometrie liegt nahe am OSM-Kandidaten, aber nicht eindeutig genug für automatische Freigabe."
"10-210-06-kiesgrube-rockendorf-bei-hohenweiden";"10-210-06";"Kiesgrube Rockendorf bei Hohenweiden";"Kiesgrube";"unmatched";"";"";"";"";"";"";"";"";"";"";"Kein OSM-v3-Kandidat vorhanden."
"10-210-07-kiesgrube-in-ropzig";"10-210-07";"Kiesgrube in Röpzig";"Kiesgrube";"unmatched";"";"";"";"";"";"";"";"";"";"";"Kein OSM-v3-Kandidat vorhanden."
"10-210-08-wallendorfer-see-aktuelle";"10-210-08";"Wallendorfer See - Aktuelle";"See";"unmatched";"";"";"";"";"";"";"";"";"";"";"Kein OSM-v3-Kandidat vorhanden."
"10-210-10-dorfteich-plonitz";"10-210-10";"Dorfteich Plößnitz";"Teich";"review";"51.5348193";"12.0593357";"0.912";"330.6";"";"StandingWater_DESTGEOT00004Im9";"StandingWater";"1";"0";"9999";"Amtliches Wasserobjekt vorhanden, Abstand/Name aber nicht eindeutig genug."
"10-210-11-dorfteich-hohenthurm";"10-210-11";"Dorfteich Hohenthurm";"Teich";"unmatched";"";"";"";"";"";"";"";"";"";"";"Kein OSM-v3-Kandidat vorhanden."
"10-290-03-krugs-teich-in-schafstadt";"10-290-03";"Krugs Teich in Schafstädt";"Teich";"review";"51.3828756";"11.7752528";"0.925";"276.3";"";"StandingWater_DESTGEOT00000jts";"StandingWater";"2";"0";"14.6";"Amtliches Wasserobjekt vorhanden, Abstand/Name aber nicht eindeutig genug."
"10-290-05-gr-und-kl-muhlteich-schkopau";"10-290-05";"Gr. und Kl. Mühlteich Schkopau";"Teich";"unmatched";"";"";"";"";"";"";"";"";"";"";"Kein OSM-v3-Kandidat vorhanden."
"10-290-06-parkteich-in-braunsbedra";"10-290-06";"Parkteich in Braunsbedra";"Teich";"review";"51.2887039";"11.8746476";"0.79";"";"";"";"";"0";"";"";"OSM-Kandidat vorhanden, aber im amtlichen Prüfbereich kein passendes HY-P-Objekt gefunden."
"10-290-08-dorfteich-zollschen";"10-290-08";"Dorfteich Zöllschen";"Teich";"unmatched";"";"";"";"";"";"";"";"";"";"";"Kein OSM-v3-Kandidat vorhanden."
"10-290-09-groes-kohlenloch-bei-tollwitz";"10-290-09";"Großes Kohlenloch bei Tollwitz";"See";"unmatched";"";"";"";"";"";"";"";"";"";"";"Kein OSM-v3-Kandidat vorhanden."
"10-290-10-kleines-kohlenloch-bei-tollwitz";"10-290-10";"Kleines Kohlenloch bei Tollwitz";"See";"review";"51.2783797";"12.1074995";"0.895";"9.8";"";"StandingWater_DESTGEOT00004vk8";"StandingWater";"4";"0";"25.5";"Amtliches Wasserobjekt vorhanden, Abstand/Name aber nicht eindeutig genug."
"10-290-11-pfutze-bei-tollwitz";"10-290-11";"Pfütze bei Tollwitz";"See";"review";"51.2783797";"12.1074995";"0.895";"9.8";"";"StandingWater_DESTGEOT00004vk8";"StandingWater";"4";"0";"25.5";"Amtliches Wasserobjekt vorhanden, Abstand/Name aber nicht eindeutig genug."
"10-290-13-saale-leipzig-kanal";"10-290-13";"Saale-Leipzig-Kanal";"Fließgewässer";"unmatched";"";"";"";"";"";"";"";"";"";"";"Kein OSM-v3-Kandidat vorhanden."
"10-290-14-saale-im-altkreis-merseburg";"10-290-14";"Saale im Altkreis Merseburg";"Fließgewässer";"review";"51.3592592";"12.0032226";"0.844";"0.3";"";"Watercourse_DESTGEOT00004yBh_pol";"Watercourse";"13";"0";"8.2";"Amtliches Wasserobjekt vorhanden, Abstand/Name aber nicht eindeutig genug."
"10-290-16-kanal-wusteneutsch-km-1-32-1-62";"10-290-16";"Kanal Wüsteneutsch km 1, 32 - 1, 62";"Fließgewässer";"review";"51.5180425";"12.0827055";"0.758";"360.6";"";"Watercourse_DESTGEOT00004FSz_lin";"Watercourse";"1";"0";"9999";"Amtliches Wasserobjekt vorhanden, Abstand/Name aber nicht eindeutig genug."
"10-290-17-schenkteich-in-zweimen";"10-290-17";"Schenkteich in Zweimen";"Teich";"unmatched";"";"";"";"";"";"";"";"";"";"";"Kein OSM-v3-Kandidat vorhanden."
"10-290-18-hirtenteich-in-zweimen";"10-290-18";"Hirtenteich in Zweimen";"Teich";"review";"51.3546752";"12.1372834";"0.885";"168.4";"";"StandingWater_DESTGEOT00004y4S";"StandingWater";"1";"0";"9999";"Amtliches Wasserobjekt vorhanden, Abstand/Name aber nicht eindeutig genug."
"10-290-20-kuhteich-feldsee-bei-wallendorf";"10-290-20";"Kuhteich (Feldsee) bei Wallendorf";"Teich";"unmatched";"";"";"";"";"";"";"";"";"";"";"Kein OSM-v3-Kandidat vorhanden."
"10-290-22-geisel-von-quelle-bei-mucheln-bis";"10-290-22";"Geisel von Quelle bei Mücheln bis";"See";"review";"51.5660773";"12.0688254";"0.887";"124.8";"";"StandingWater_DESTGEOT00004Imb";"StandingWater";"1";"0";"9999";"Amtliches Wasserobjekt vorhanden, Abstand/Name aber nicht eindeutig genug."
"10-290-23-luppe-von-landesgrenze-sachsen";"10-290-23";"Luppe von Landesgrenze Sachsen";"See";"review";"51.6963947";"11.2059699";"0.851";"";"";"";"";"0";"";"";"OSM-Kandidat vorhanden, aber im amtlichen Prüfbereich kein passendes HY-P-Objekt gefunden."
"10-290-24-weie-elster-von-landesgrenze-sachsen";"10-290-24";"Weiße Elster von Landesgrenze Sachsen";"See";"review";"51.6963947";"11.2059699";"0.851";"";"";"";"";"0";"";"";"OSM-Kandidat vorhanden, aber im amtlichen Prüfbereich kein passendes HY-P-Objekt gefunden."
"10-290-25-umgehungskanal-merseburg";"10-290-25";"Umgehungskanal Merseburg";"Fließgewässer";"review";"51.3592592";"12.0032226";"0.844";"0.3";"";"Watercourse_DESTGEOT00004yBh_pol";"Watercourse";"13";"0";"8.2";"Amtliches Wasserobjekt vorhanden, Abstand/Name aber nicht eindeutig genug."
"10-290-26-saalealtarm-leuna";"10-290-26";"Saalealtarm Leuna";"Fließgewässer";"review";"51.3321433";"12.0140891";"0.848";"4.2";"";"Watercourse_DESTGEOT00004vsy_lin";"Watercourse";"5";"0";"17";"Amtliches Wasserobjekt vorhanden, Abstand/Name aber nicht eindeutig genug."
"10-290-28-vorderer-und-hinterer-gotthardsteich";"10-290-28";"Vorderer und Hinterer Gotthardsteich";"Teich";"unmatched";"";"";"";"";"";"";"";"";"";"";"Kein OSM-v3-Kandidat vorhanden."
"10-290-29-grokaynaer-see-sudteil-nsg";"10-290-29";"Großkaynaer See – Südteil NSG!";"See";"unmatched";"";"";"";"";"";"";"";"";"";"";"Kein OSM-v3-Kandidat vorhanden."
"10-290-32-schachtteich-milzau";"10-290-32";"Schachtteich Milzau";"Teich";"review";"51.3758149";"11.9017413";"0.908";"";"";"";"";"0";"";"";"OSM-Kandidat vorhanden, aber im amtlichen Prüfbereich kein passendes HY-P-Objekt gefunden."
"10-290-34-spitzteich-zweimen";"10-290-34";"Spitzteich Zweimen";"Teich";"review";"51.3546752";"12.1372834";"0.885";"168.4";"";"StandingWater_DESTGEOT00004y4S";"StandingWater";"1";"0";"9999";"Amtliches Wasserobjekt vorhanden, Abstand/Name aber nicht eindeutig genug."
"10-290-36-dorfteich-oebles-schlechtewitz";"10-290-36";"Dorfteich Oebles-Schlechtewitz";"Teich";"unmatched";"";"";"";"";"";"";"";"";"";"";"Kein OSM-v3-Kandidat vorhanden."
"10-290-38-teich-1-schladebach";"10-290-38";"Teich 1 Schladebach";"Teich";"unmatched";"";"";"";"";"";"";"";"";"";"";"Kein OSM-v3-Kandidat vorhanden."
"10-290-39-teich-1-witzschkersdorf";"10-290-39";"Teich 1 Witzschkersdorf";"Teich";"unmatched";"";"";"";"";"";"";"";"";"";"";"Kein OSM-v3-Kandidat vorhanden."
"10-290-44-teich-in-thalschutz";"10-290-44";"Teich in Thalschütz";"Teich";"review";"51.2955783";"12.1304009";"0.922";"";"";"";"";"0";"";"";"OSM-Kandidat vorhanden, aber im amtlichen Prüfbereich kein passendes HY-P-Objekt gefunden."
"10-290-45-teich-in-rampitz";"10-290-45";"Teich in Rampitz";"Teich";"unmatched";"";"";"";"";"";"";"";"";"";"";"Kein OSM-v3-Kandidat vorhanden."
"10-290-46-teich-in-gohren";"10-290-46";"Teich in Göhren";"Teich";"review";"51.3546752";"12.1372834";"0.917";"168.4";"";"StandingWater_DESTGEOT00004y4S";"StandingWater";"1";"0";"9999";"Amtliches Wasserobjekt vorhanden, Abstand/Name aber nicht eindeutig genug."
"10-290-47-ranitzer-see-nordteil";"10-290-47";"Raßnitzer See (Nordteil)";"See";"unmatched";"";"";"";"";"";"";"";"";"";"";"Kein OSM-v3-Kandidat vorhanden."
"10-290-48-malerteich-in-gunthersdorf";"10-290-48";"Malerteich in Günthersdorf";"Teich";"review";"51.337113";"12.180005";"0.906";"";"";"";"";"0";"";"";"OSM-Kandidat vorhanden, aber im amtlichen Prüfbereich kein passendes HY-P-Objekt gefunden."
"10-290-49-dorfteich-krollwitz";"10-290-49";"Dorfteich Kröllwitz";"Teich";"unmatched";"";"";"";"";"";"";"";"";"";"";"Kein OSM-v3-Kandidat vorhanden."
"10-290-50-staubecken-tollwitz";"10-290-50";"Staubecken Tollwitz";"See";"review";"51.2783797";"12.1074995";"0.895";"9.8";"";"StandingWater_DESTGEOT00004vk8";"StandingWater";"4";"0";"25.5";"Amtliches Wasserobjekt vorhanden, Abstand/Name aber nicht eindeutig genug."
"10-290-52-geiseltalsee-teilflache";"10-290-52";"Geiseltalsee (Teilfläche)";"See";"unmatched";"";"";"";"";"";"";"";"";"";"";"Kein OSM-v3-Kandidat vorhanden."
"10-290-53-kiessee-1-wallendorf";"10-290-53";"Kiessee 1 Wallendorf";"Kiesgrube";"review";"51.3551805";"12.0840786";"0.915";"41.9";"Tonschacht";"StandingWater_DESTGEOT00004y4I";"StandingWater";"1";"0";"9999";"Amtliche HY-P-Geometrie liegt nahe am OSM-Kandidaten, aber nicht eindeutig genug für automatische Freigabe."
"10-290-54-kiessee-wallendorf-sudl-gastrasse";"10-290-54";"Kiessee Wallendorf südl. Gastrasse";"Kiesgrube";"unmatched";"";"";"";"";"";"";"";"";"";"";"Kein OSM-v3-Kandidat vorhanden."
"10-290-55-kiessee-2-wallendorf";"10-290-55";"Kiessee 2 Wallendorf";"Kiesgrube";"review";"51.3551805";"12.0840786";"0.915";"41.9";"Tonschacht";"StandingWater_DESTGEOT00004y4I";"StandingWater";"1";"0";"9999";"Amtliche HY-P-Geometrie liegt nahe am OSM-Kandidaten, aber nicht eindeutig genug für automatische Freigabe."
"10-290-57-ockendorfer-teich-leuna";"10-290-57";"Ockendorfer Teich Leuna";"Teich";"review";"51.3269353";"12.0291405";"0.854";"133.6";"";"StandingWater_DESTGEOT00004vjt";"StandingWater";"2";"0";"96.9";"Amtliches Wasserobjekt vorhanden, Abstand/Name aber nicht eindeutig genug."
"10-351-01-froschteich-farnstadt";"10-351-01";"Froschteich Farnstädt";"Teich";"unmatched";"";"";"";"";"";"";"";"";"";"";"Kein OSM-v3-Kandidat vorhanden."
"10-351-02-hofeteich-farnstadt";"10-351-02";"Hofeteich Farnstädt";"Teich";"unmatched";"";"";"";"";"";"";"";"";"";"";"Kein OSM-v3-Kandidat vorhanden."
"10-352-01-naturstrandbad-bei-obhausen-kopie-vom-a-bl-h-k-pl-ro-s-z-20-00-fs-und-fes-sichtbar-im-auto-auslegen";"10-352-01";"Naturstrandbad bei Obhausen Kopie vom A, Bl, H, K, Pl, Ro,S, Z 20,00 FS und FES sichtbar im Auto auslegen";"See";"unmatched";"";"";"";"";"";"";"";"";"";"";"Kein OSM-v3-Kandidat vorhanden."
"10-352-02-teich-thalgarten-in-querfurt";"10-352-02";"Teich Thalgarten in Querfurt";"Teich";"review";"51.3821953";"11.6092281";"0.791";"159.3";"";"StandingWater_DESTGEOT00000bNF";"StandingWater";"1";"0";"9999";"Amtliches Wasserobjekt vorhanden, Abstand/Name aber nicht eindeutig genug."
"10-353-02-langer-teich-in-landgrafroda";"10-353-02";"Langer Teich in Landgrafroda";"Teich";"review";"51.3512116";"11.4287773";"0.918";"12.9";"";"StandingWater_DESTGEOT000007mh";"StandingWater";"3";"0";"38.3";"Amtliches Wasserobjekt vorhanden, Abstand/Name aber nicht eindeutig genug."
"10-353-03-schmoner-stausee";"10-353-03";"Schmoner Stausee";"See";"unmatched";"";"";"";"";"";"";"";"";"";"";"Kein OSM-v3-Kandidat vorhanden."
"10-353-04-muhlenteich-in-schmon";"10-353-04";"Mühlenteich in Schmon";"Teich";"unmatched";"";"";"";"";"";"";"";"";"";"";"Kein OSM-v3-Kandidat vorhanden."
"10-353-05-backerteich-landgrafroda";"10-353-05";"Bäckerteich Landgrafroda";"Teich";"review";"51.3512116";"11.4287773";"0.918";"12.9";"";"StandingWater_DESTGEOT000007mh";"StandingWater";"3";"0";"38.3";"Amtliches Wasserobjekt vorhanden, Abstand/Name aber nicht eindeutig genug."
"10-370-01-rosts-loch-in-lieskau";"10-370-01";"Rost‘s Loch in Lieskau";"See";"review";"51.5008778";"11.8448777";"0.875";"37.8";"";"StandingWater_DESTGEOT00002so1";"StandingWater";"2";"0";"152.4";"Amtliche HY-P-Geometrie liegt nahe am OSM-Kandidaten, aber nicht eindeutig genug für automatische Freigabe."
"10-370-02-grundel-teich-bei-teutschenthal";"10-370-02";"Gründel Teich bei Teutschenthal";"Teich";"review";"51.4496079";"11.8085724";"0.842";"";"";"";"";"0";"";"";"OSM-Kandidat vorhanden, aber im amtlichen Prüfbereich kein passendes HY-P-Objekt gefunden."
"10-370-03-steinbruch-am-gutzer-berg-bei-landsberg-a-b-h-k-pl-ro-s-3-20";"10-370-03";"Steinbruch am Gützer Berg bei Landsberg A, B, H, K, Pl, Ro, S 3,20";"See";"unmatched";"";"";"";"";"";"";"";"";"";"";"Kein OSM-v3-Kandidat vorhanden."
"10-370-04-schmiedern-am-gutzer-berg";"10-370-04";"Schmiedern am Gützer Berg";"See";"review";"51.5307052";"12.1595916";"0.837";"385.5";"";"StandingWater_DESTGEOTR1008dzl";"StandingWater";"1";"0";"9999";"Amtliches Wasserobjekt vorhanden, Abstand/Name aber nicht eindeutig genug."
"10-370-05-obere-steinbreite-bei-brachwitz";"10-370-05";"Obere Steinbreite bei Brachwitz";"See";"review";"51.5392813";"11.8829435";"0.825";"";"";"";"";"0";"";"";"OSM-Kandidat vorhanden, aber im amtlichen Prüfbereich kein passendes HY-P-Objekt gefunden."
"10-370-06-steinbruche-am-spitzberg-bei-landsberg-b-bl-k-pl-ro-0-85";"10-370-06";"Steinbrüche am Spitzberg bei Landsberg B, Bl, K, Pl, Ro 0,85";"See";"review";"51.5307052";"12.1595916";"0.837";"385.5";"";"StandingWater_DESTGEOTR1008dzl";"StandingWater";"1";"0";"9999";"Amtliches Wasserobjekt vorhanden, Abstand/Name aber nicht eindeutig genug."
"10-370-07-ihlau-bei-wettin";"10-370-07";"Ihlau bei Wettin";"See";"unmatched";"";"";"";"";"";"";"";"";"";"";"Kein OSM-v3-Kandidat vorhanden."
"10-370-09-steinbruch-bei-niemberg";"10-370-09";"Steinbruch bei Niemberg";"See";"unmatched";"";"";"";"";"";"";"";"";"";"";"Kein OSM-v3-Kandidat vorhanden."
"10-370-10-lauterbachsloch-ii-bei-gimritz";"10-370-10";"Lauterbachsloch II bei Gimritz";"See";"unmatched";"";"";"";"";"";"";"";"";"";"";"Kein OSM-v3-Kandidat vorhanden."
"10-370-11-tonloch-bei-teicha";"10-370-11";"Tonloch bei Teicha";"Teich";"unmatched";"";"";"";"";"";"";"";"";"";"";"Kein OSM-v3-Kandidat vorhanden."
"10-370-12-blaues-tonloch-bei-salzmunde";"10-370-12";"Blaues Tonloch bei Salzmünde";"See";"unmatched";"";"";"";"";"";"";"";"";"";"";"Kein OSM-v3-Kandidat vorhanden."
"10-370-13-vorderer-schacht-bei-dollnitz";"10-370-13";"Vorderer Schacht bei Döllnitz";"See";"review";"51.4061681";"12.0224734";"0.864";"170.6";"";"StandingWater_DESTGEOT00004y4A";"StandingWater";"6";"0";"31.9";"Amtliches Wasserobjekt vorhanden, Abstand/Name aber nicht eindeutig genug."
"10-370-14-pappelgrund-bei-teutschenthal";"10-370-14";"Pappelgrund bei Teutschenthal";"See";"review";"51.4496079";"11.8085724";"0.842";"";"";"";"";"0";"";"";"OSM-Kandidat vorhanden, aber im amtlichen Prüfbereich kein passendes HY-P-Objekt gefunden."
"10-370-16-erlengrund-bei-teutschenthal";"10-370-16";"Erlengrund bei Teutschenthal";"See";"review";"51.4496079";"11.8085724";"0.842";"";"";"";"";"0";"";"";"OSM-Kandidat vorhanden, aber im amtlichen Prüfbereich kein passendes HY-P-Objekt gefunden."
"10-370-18-gewasser-an-der-seilbahn-i";"10-370-18";"Gewässer an der Seilbahn I";"See";"review";"51.5473413";"11.906682";"0.879";"40.4";"";"StandingWater_DESTGEOT00002QqZ";"StandingWater";"4";"0";"137.7";"Amtliche HY-P-Geometrie liegt nahe am OSM-Kandidaten, aber nicht eindeutig genug für automatische Freigabe."
"10-370-20-saalealtarm-dobis-nsg-beachten";"10-370-20";"Saalealtarm Dobis – NSG beachten-";"Fließgewässer";"unmatched";"";"";"";"";"";"";"";"";"";"";"Kein OSM-v3-Kandidat vorhanden."
"10-370-21-salza-von-straenbrucke-wansleben";"10-370-21";"Salza von Straßenbrücke Wansleben/";"See";"unmatched";"";"";"";"";"";"";"";"";"";"";"Kein OSM-v3-Kandidat vorhanden."
"10-370-22-kiestagebau-bei-plotz";"10-370-22";"Kiestagebau bei Plötz";"Kiesgrube";"unmatched";"";"";"";"";"";"";"";"";"";"";"Kein OSM-v3-Kandidat vorhanden."
"10-370-23-2-dorfteiche-in-niemberg";"10-370-23";"2 Dorfteiche in Niemberg";"Teich";"review";"51.5578506";"12.1031993";"0.877";"";"";"";"";"0";"";"";"OSM-Kandidat vorhanden, aber im amtlichen Prüfbereich kein passendes HY-P-Objekt gefunden."
"10-370-25-tonloch-morl";"10-370-25";"Tonloch Morl";"See";"review";"51.5473413";"11.906682";"0.879";"40.4";"";"StandingWater_DESTGEOT00002QqZ";"StandingWater";"4";"0";"137.7";"Amtliche HY-P-Geometrie liegt nahe am OSM-Kandidaten, aber nicht eindeutig genug für automatische Freigabe."
"10-370-26-2-teiche-im-ot-hohen";"10-370-26";"2 Teiche im OT Hohen";"Teich";"unmatched";"";"";"";"";"";"";"";"";"";"";"Kein OSM-v3-Kandidat vorhanden."
"10-370-27-saalealtarm-stollen-wettin";"10-370-27";"Saalealtarm Stollen Wettin";"Fließgewässer";"unmatched";"";"";"";"";"";"";"";"";"";"";"Kein OSM-v3-Kandidat vorhanden."
"10-370-29-westenteiche-brachstedt";"10-370-29";"Westenteiche Brachstedt";"Teich";"unmatched";"";"";"";"";"";"";"";"";"";"";"Kein OSM-v3-Kandidat vorhanden."
"10-370-30-dorfteich-nauendorf";"10-370-30";"Dorfteich Nauendorf";"Teich";"unmatched";"";"";"";"";"";"";"";"";"";"";"Kein OSM-v3-Kandidat vorhanden."
"10-370-31-parkteiche-ostrau";"10-370-31";"Parkteiche Ostrau";"Teich";"unmatched";"";"";"";"";"";"";"";"";"";"";"Kein OSM-v3-Kandidat vorhanden."
"10-370-32-steinbruch-ostrau";"10-370-32";"Steinbruch Ostrau";"See";"review";"51.6200395";"12.0124822";"0.886";"12.7";"";"StandingWater_DESTGEOT00004Liu";"StandingWater";"4";"0";"32.5";"Amtliches Wasserobjekt vorhanden, Abstand/Name aber nicht eindeutig genug."
"10-370-33-seilbahn-iii-u-ii-bei-morl";"10-370-33";"Seilbahn III u. II bei Morl";"See";"review";"51.5473413";"11.906682";"0.879";"40.4";"";"StandingWater_DESTGEOT00002QqZ";"StandingWater";"4";"0";"137.7";"Amtliche HY-P-Geometrie liegt nahe am OSM-Kandidaten, aber nicht eindeutig genug für automatische Freigabe."
"10-370-38-dorfteich-schwerz";"10-370-38";"Dorfteich Schwerz";"Teich";"unmatched";"";"";"";"";"";"";"";"";"";"";"Kein OSM-v3-Kandidat vorhanden."
"10-370-39-dorfteich-dammendorf";"10-370-39";"Dorfteich Dammendorf";"Teich";"unmatched";"";"";"";"";"";"";"";"";"";"";"Kein OSM-v3-Kandidat vorhanden."
"10-370-40-teich-im-industriegebiet-sietzsch";"10-370-40";"Teich im Industriegebiet Sietzsch";"Teich";"unmatched";"";"";"";"";"";"";"";"";"";"";"Kein OSM-v3-Kandidat vorhanden."
"10-370-41-dorfteich-lohnsdorf";"10-370-41";"Dorfteich Lohnsdorf";"Teich";"review";"51.4987534";"12.1713851";"0.924";"329.4";"";"StandingWater_DESTGEOTR100d4ws";"StandingWater";"2";"0";"49.3";"Amtliches Wasserobjekt vorhanden, Abstand/Name aber nicht eindeutig genug."
"10-370-44-teiche-am-wasserwerk";"10-370-44";"Teiche am Wasserwerk";"Teich";"unmatched";"";"";"";"";"";"";"";"";"";"";"Kein OSM-v3-Kandidat vorhanden."
"10-370-45-teich-am-rodelberg";"10-370-45";"Teich am Rodelberg";"Fließgewässer";"review";"51.7971634";"12.2597306";"0.928";"19.2";"";"Watercourse_DESTGEOT000054UX_lin";"Watercourse";"7";"0";"18.1";"Amtliches Wasserobjekt vorhanden, Abstand/Name aber nicht eindeutig genug."
"10-370-48-muller-s-loch-lieskau";"10-370-48";"Müller´s Loch Lieskau";"See";"unmatched";"";"";"";"";"";"";"";"";"";"";"Kein OSM-v3-Kandidat vorhanden."
"10-370-49-goethebruch-petersberg";"10-370-49";"Goethebruch Petersberg";"See";"unmatched";"";"";"";"";"";"";"";"";"";"";"Kein OSM-v3-Kandidat vorhanden."
"10-370-51-napresse-dollnitz";"10-370-51";"Naßpresse Döllnitz";"See";"review";"51.4088558";"12.0483502";"0.854";"";"";"";"";"0";"";"";"OSM-Kandidat vorhanden, aber im amtlichen Prüfbereich kein passendes HY-P-Objekt gefunden."
"10-370-52-entenfang-bei-langenbogen";"10-370-52";"Entenfang bei Langenbogen";"See";"review";"51.4848343";"11.7610091";"0.838";"51.6";"";"StandingWater_DESTGEOTR100eyi8";"StandingWater";"1";"0";"9999";"Amtliche HY-P-Geometrie liegt nahe am OSM-Kandidaten, aber nicht eindeutig genug für automatische Freigabe."
"10-370-54-webersche-sandgrube-beidersee";"10-370-54";"Webersche Sandgrube Beidersee";"Kiesgrube";"unmatched";"";"";"";"";"";"";"";"";"";"";"Kein OSM-v3-Kandidat vorhanden."
"10-371-01-muhlteich-krosigk";"10-371-01";"Mühlteich Krosigk";"Teich";"unmatched";"";"";"";"";"";"";"";"";"";"";"Kein OSM-v3-Kandidat vorhanden."
"11-240-02-auensee-bei-granschutz";"11-240-02";"Auensee bei Granschütz";"See";"unmatched";"";"";"";"";"";"";"";"";"";"";"Kein OSM-v3-Kandidat vorhanden."
"11-240-03-vollert-bei-trebnitz";"11-240-03";"Vollert bei Trebnitz";"See";"review";"51.0932918";"12.0750421";"0.834";"348.2";"Jugendteich";"StandingWater_DESTGEOT00004r2N";"StandingWater";"1";"0";"9999";"Amtliches Wasserobjekt vorhanden, Abstand/Name aber nicht eindeutig genug."
"11-240-04-restloch-tornau";"11-240-04";"Restloch Tornau";"See";"review";"51.1905176";"12.1483066";"0.838";"62.8";"";"StandingWater_DESTGEOT00004DO3";"StandingWater";"1";"0";"9999";"Amtliche HY-P-Geometrie liegt nahe am OSM-Kandidaten, aber nicht eindeutig genug für automatische Freigabe."
"11-240-05-klarteich-taucha";"11-240-05";"Klärteich Taucha";"Teich";"unmatched";"";"";"";"";"";"";"";"";"";"";"Kein OSM-v3-Kandidat vorhanden."
"11-240-06-feuerloschteich-gerstewitz";"11-240-06";"Feuerlöschteich Gerstewitz";"Teich";"review";"51.1920387";"12.0228088";"0.806";"";"";"";"";"0";"";"";"OSM-Kandidat vorhanden, aber im amtlichen Prüfbereich kein passendes HY-P-Objekt gefunden."
"11-241-02-mondsee-pirkau-bei-hohenmolsen";"11-241-02";"Mondsee Pirkau bei Hohenmölsen";"See";"review";"51.1528562";"12.1022227";"0.845";"401.1";"";"StandingWater_DESTGEOT00004r3e";"StandingWater";"1";"0";"9999";"Amtliches Wasserobjekt vorhanden, Abstand/Name aber nicht eindeutig genug."
"11-241-04-eisensee-bei-hohenmolsen";"11-241-04";"Eisensee bei Hohenmölsen";"See";"review";"51.1528562";"12.1022227";"0.845";"401.1";"";"StandingWater_DESTGEOT00004r3e";"StandingWater";"1";"0";"9999";"Amtliches Wasserobjekt vorhanden, Abstand/Name aber nicht eindeutig genug."
"11-241-05-an-der-einheit-bei-grimma";"11-241-05";"An der Einheit bei Grimma";"See";"unmatched";"";"";"";"";"";"";"";"";"";"";"Kein OSM-v3-Kandidat vorhanden."
"11-241-06-tagebaurestloch-kamerad-bei-dobris";"11-241-06";"Tagebaurestloch Kamerad bei Döbris";"Kiesgrube";"unmatched";"";"";"";"";"";"";"";"";"";"";"Kein OSM-v3-Kandidat vorhanden."
"11-300-01-parkteich-zu-grojena";"11-300-01";"Parkteich zu Großjena";"Teich";"review";"51.1881542";"11.7884486";"0.914";"";"";"";"";"0";"";"";"OSM-Kandidat vorhanden, aber im amtlichen Prüfbereich kein passendes HY-P-Objekt gefunden."
"11-300-02-baggerteich-in-naumburg";"11-300-02";"Baggerteich in Naumburg";"Teich";"review";"51.1557146";"11.8088372";"0.881";"";"";"";"";"0";"";"";"OSM-Kandidat vorhanden, aber im amtlichen Prüfbereich kein passendes HY-P-Objekt gefunden."
"11-300-03-grubenteich-bei-neidschutz";"11-300-03";"Grubenteich bei Neidschütz";"Kiesgrube";"unmatched";"";"";"";"";"";"";"";"";"";"";"Kein OSM-v3-Kandidat vorhanden."
"11-300-07-kl-saale-v-bad-kosen-b-almrich";"11-300-07";"Kl. Saale v. Bad Kösen b. Almrich";"Fließgewässer";"unmatched";"";"";"";"";"";"";"";"";"";"";"Kein OSM-v3-Kandidat vorhanden."
"11-300-08-herren-und-bauernteich-in";"11-300-08";"Herren- und Bauernteich in";"Teich";"review";"51.2097205";"11.7686241";"0.895";"";"";"";"";"0";"";"";"OSM-Kandidat vorhanden, aber im amtlichen Prüfbereich kein passendes HY-P-Objekt gefunden."
"11-310-01-unstrutaltarm-bei-memleben";"11-310-01";"Unstrutaltarm bei Memleben/";"Fließgewässer";"unmatched";"";"";"";"";"";"";"";"";"";"";"Kein OSM-v3-Kandidat vorhanden."
"11-310-02-toter-arm-bei-nebra";"11-310-02";"Toter Arm bei Nebra";"See";"review";"51.28326";"11.5840475";"0.845";"";"";"";"";"0";"";"";"OSM-Kandidat vorhanden, aber im amtlichen Prüfbereich kein passendes HY-P-Objekt gefunden."
"11-310-04-unstrutflutkanal-von-landesgrenze";"11-310-04";"Unstrutflutkanal von Landesgrenze";"Fließgewässer";"unmatched";"";"";"";"";"";"";"";"";"";"";"Kein OSM-v3-Kandidat vorhanden."
"11-310-05-unstrut-von-landesgrenze-thuringen";"11-310-05";"Unstrut von Landesgrenze Thüringen";"Fließgewässer";"review";"51.8826486";"11.7973263";"0.789";"2.8";"";"Watercourse_DESTGEOTR10087XO_lin";"Watercourse";"5";"0";"25.4";"Amtliches Wasserobjekt vorhanden, Abstand/Name aber nicht eindeutig genug."
"11-310-06-weie-grube-altenroda";"11-310-06";"Weiße Grube Altenroda";"Kiesgrube";"unmatched";"";"";"";"";"";"";"";"";"";"";"Kein OSM-v3-Kandidat vorhanden."
"11-440-01-tagebaurestloch-bei-gostau";"11-440-01";"Tagebaurestloch bei Gostau";"Kiesgrube";"review";"51.2353894";"12.1158912";"0.8";"";"";"";"";"0";"";"";"OSM-Kandidat vorhanden, aber im amtlichen Prüfbereich kein passendes HY-P-Objekt gefunden."
"11-440-02-saale-von-eisenbahnbrucke-bei-eulau";"11-440-02";"Saale von Eisenbahnbrücke bei Eulau";"Fließgewässer";"review";"51.1825493";"11.8561033";"0.892";"19.1";"";"Watercourse_DESTGEOT00000nRR_lin";"Watercourse";"5";"0";"36";"Amtliches Wasserobjekt vorhanden, Abstand/Name aber nicht eindeutig genug."
"11-440-03-teich-im-rieth-schkortleben";"11-440-03";"Teich im Rieth Schkortleben";"Teich";"unmatched";"";"";"";"";"";"";"";"";"";"";"Kein OSM-v3-Kandidat vorhanden."
"11-440-05-alter-saalearm-uichteritz";"11-440-05";"Alter Saalearm Uichteritz";"Fließgewässer";"review";"51.1844322";"11.9072087";"0.771";"0.1";"";"Watercourse_DESTGEOT00000nR2_lin";"Watercourse";"11";"0";"50.6";"Amtliche HY-P-Geometrie liegt nahe am OSM-Kandidaten, aber nicht eindeutig genug für automatische Freigabe."
"11-441-01-meuchener-teich";"11-441-01";"Meuchener Teich";"Teich";"unmatched";"";"";"";"";"";"";"";"";"";"";"Kein OSM-v3-Kandidat vorhanden."
"11-443-01-saale-von-kleinkorbetha-bis-einlauf";"11-443-01";"Saale von Kleinkorbetha bis Einlauf";"Fließgewässer";"unmatched";"";"";"";"";"";"";"";"";"";"";"Kein OSM-v3-Kandidat vorhanden."
"11-443-02-alte-saale-tebnitz-nsg-beachten";"11-443-02";"Alte Saale Tebnitz – NSG beachten!";"Fließgewässer";"unmatched";"";"";"";"";"";"";"";"";"";"";"Kein OSM-v3-Kandidat vorhanden."
"11-480-01-rohmsdorfer-teich";"11-480-01";"Rohmsdorfer Teich";"Teich";"unmatched";"";"";"";"";"";"";"";"";"";"";"Kein OSM-v3-Kandidat vorhanden."
"11-480-02-naturbad-rehmsdorf";"11-480-02";"Naturbad Rehmsdorf";"See";"review";"51.0586596";"12.2122211";"0.96";"39.7";"";"StandingWater_DESTGEOT00004As4";"StandingWater";"1";"0";"9999";"Amtliche HY-P-Geometrie liegt nahe am OSM-Kandidaten, aber nicht eindeutig genug für automatische Freigabe."
"11-480-04-weie-elster-im-kreisgebiet";"11-480-04";"Weiße Elster im Kreisgebiet";"See";"unmatched";"";"";"";"";"";"";"";"";"";"";"Kein OSM-v3-Kandidat vorhanden."
"11-480-06-kaynaer-teiche";"11-480-06";"Kaynaer Teiche";"Teich";"unmatched";"";"";"";"";"";"";"";"";"";"";"Kein OSM-v3-Kandidat vorhanden."
"11-480-07-weickelsdorfer-teich";"11-480-07";"Weickelsdorfer Teich";"Teich";"unmatched";"";"";"";"";"";"";"";"";"";"";"Kein OSM-v3-Kandidat vorhanden."
"11-480-08-parkteich-hollsteitz";"11-480-08";"Parkteich Hollsteitz";"Teich";"unmatched";"";"";"";"";"";"";"";"";"";"";"Kein OSM-v3-Kandidat vorhanden."
"11-480-09-phonix-nord";"11-480-09";"Phönix Nord";"See";"review";"51.0784786";"12.2595029";"0.835";"101.3";"";"StandingWater_DESTGEOT00004CMp";"StandingWater";"1";"0";"9999";"Amtliche HY-P-Geometrie liegt nahe am OSM-Kandidaten, aber nicht eindeutig genug für automatische Freigabe."
"11-480-10-inselteich-thierbach";"11-480-10";"Inselteich Thierbach";"Teich";"unmatched";"";"";"";"";"";"";"";"";"";"";"Kein OSM-v3-Kandidat vorhanden."
"11-480-12-alter-elsterarm-profen";"11-480-12";"Alter Elsterarm Profen";"See";"unmatched";"";"";"";"";"";"";"";"";"";"";"Kein OSM-v3-Kandidat vorhanden."
"11-480-13-revierparkteich-profen";"11-480-13";"Revierparkteich Profen";"Teich";"review";"51.1269549";"12.2176128";"0.924";"";"";"";"";"0";"";"";"OSM-Kandidat vorhanden, aber im amtlichen Prüfbereich kein passendes HY-P-Objekt gefunden."
"11-480-14-elstermuhlgraben-elsteraue";"11-480-14";"Elstermühlgraben Elsteraue";"Fließgewässer";"unmatched";"";"";"";"";"";"";"";"";"";"";"Kein OSM-v3-Kandidat vorhanden."
"11-480-17-elstermuhlgraben";"11-480-17";"Elstermühlgraben";"Fließgewässer";"unmatched";"";"";"";"";"";"";"";"";"";"";"Kein OSM-v3-Kandidat vorhanden."
"11-480-18-hasselteich-droyig";"11-480-18";"Hasselteich Droyßig";"Teich";"review";"51.0427356";"12.0259026";"0.913";"";"";"";"";"0";"";"";"OSM-Kandidat vorhanden, aber im amtlichen Prüfbereich kein passendes HY-P-Objekt gefunden."
"11-480-19-teich-in-altgroitzschen";"11-480-19";"Teich in Altgroitzschen";"Teich";"unmatched";"";"";"";"";"";"";"";"";"";"";"Kein OSM-v3-Kandidat vorhanden."
"11-480-20-wal-in-gobitz";"11-480-20";"Wal in Göbitz";"See";"review";"51.0852901";"12.1850361";"0.935";"";"";"";"";"0";"";"";"OSM-Kandidat vorhanden, aber im amtlichen Prüfbereich kein passendes HY-P-Objekt gefunden."
"11-482-01-hainbergsee-sachsen-anhalt-bereich-a-b-h-k-s-z-6-30";"11-482-01";"Hainbergsee (Sachsen-Anhalt-Bereich) A, B, H, K, S, Z 6,30";"See";"review";"51.4784373";"11.8854531";"0.865";"449.1";"Steinbruchsee";"StandingWater_DESTGEOT00002KP4";"StandingWater";"1";"0";"9999";"Amtliches Wasserobjekt vorhanden, Abstand/Name aber nicht eindeutig genug."
"11-482-02-muhlgraben-wetterzeube";"11-482-02";"Mühlgraben Wetterzeube";"Fließgewässer";"review";"51.0096261";"12.0181537";"0.87";"14.9";"";"Watercourse_DESTGEOT00004pq8_lin";"Watercourse";"2";"0";"58";"Amtliche HY-P-Geometrie liegt nahe am OSM-Kandidaten, aber nicht eindeutig genug für automatische Freigabe."
"11-482-03-muhlgraben-gobitz-ostrau";"11-482-03";"Mühlgraben Göbitz-Ostrau";"Fließgewässer";"unmatched";"";"";"";"";"";"";"";"";"";"";"Kein OSM-v3-Kandidat vorhanden."
"11-482-04-grasteich-spora";"11-482-04";"Grasteich Spora";"Teich";"review";"51.027054";"12.26299";"0.878";"291.8";"Penkwitzer See";"StandingWater_DESTGEOT00004ArR";"StandingWater";"1";"0";"9999";"Amtliches Wasserobjekt vorhanden, Abstand/Name aber nicht eindeutig genug."
"11-482-05-flograben-von-lg-thuringen-bis";"11-482-05";"Floßgraben von LG Thüringen bis";"Fließgewässer";"review";"51.6571329";"12.3058934";"0.784";"9.8";"";"Watercourse_DESTGEOT00005hGj_lin";"Watercourse";"5";"0";"27.8";"Amtliches Wasserobjekt vorhanden, Abstand/Name aber nicht eindeutig genug."
"12-140-01-scholitzer-see-und-hintersee";"12-140-01";"Scholitzer See und Hintersee";"See";"unmatched";"";"";"";"";"";"";"";"";"";"";"Kein OSM-v3-Kandidat vorhanden."
"12-140-02-diepold";"12-140-02";"Diepold";"See";"unmatched";"";"";"";"";"";"";"";"";"";"";"Kein OSM-v3-Kandidat vorhanden."
"12-140-03-lorkteich-goer-lork";"12-140-03";"Lorkteich (Goßer Lork)";"Teich";"unmatched";"";"";"";"";"";"";"";"";"";"";"Kein OSM-v3-Kandidat vorhanden."
"12-140-04-stillinge-nord";"12-140-04";"Stillinge Nord";"See";"review";"51.9081688";"12.2480566";"0.924";"313.2";"";"StandingWater_DESTGEOT000059dp";"StandingWater";"1";"0";"9999";"Amtliches Wasserobjekt vorhanden, Abstand/Name aber nicht eindeutig genug."
"12-140-05-rehsumpf";"12-140-05";"Rehsumpf";"See";"review";"51.8509086";"12.2699735";"0.864";"68.3";"";"StandingWater_DESTGEOT0000fQpJ";"StandingWater";"6";"0";"0";"Amtliches Wasserobjekt vorhanden, Abstand/Name aber nicht eindeutig genug."
"12-140-06-wallwitzsee-im-beckerbruch-sudseite-a-bl-h-k-pl-ro-z-4-00";"12-140-06";"Wallwitzsee im Beckerbruch –Südseite- A, Bl, H, K, Pl, Ro, Z 4,00";"See";"unmatched";"";"";"";"";"";"";"";"";"";"";"Kein OSM-v3-Kandidat vorhanden."
"12-140-07-mulde-von-ca-150-m-unterhalb-abzweig-a-b-bl-d-h-pl-20-00-jonitzer-mulde-bis-tiergartenbrucke-und-q-z-von-unterhalb-brucke-b185-bis-250m-oberhalb-einmundung-jonitzer-mulde-und-von-einmundung-lorkgraben-bis-tannenhagerbrucke-sowie-jonitzer-mulde-von-abzweig-aus-der-mulde-bis-oberhalb-brucke-jonitzer-muhle";"12-140-07";"Mulde von ca. 150 m unterhalb Abzweig A, B, Bl, D, H, Pl, 20,00 Jonitzer Mulde bis Tiergartenbrücke und Q, Z von unterhalb Brücke B185 bis 250m oberhalb Einmündung Jonitzer Mulde und von Einmündung Lorkgraben bis Tannenhägerbrücke sowie Jonitzer Mulde von Abzweig aus der Mulde bis oberhalb Brücke Jonitzer Mühle";"Fließgewässer";"review";"51.8372597";"12.2666661";"0.923";"3.8";"";"Watercourse_DESTGEOT000054T0_pol";"Watercourse";"7";"0";"8.8";"Amtliches Wasserobjekt vorhanden, Abstand/Name aber nicht eindeutig genug."
"12-140-08-peisker-an-der-strae-zum-ot-rolau";"12-140-08";"Peisker an der Straße zum OT Roßlau";"See";"review";"51.8844454";"12.2422782";"0.869";"";"";"";"";"0";"";"";"OSM-Kandidat vorhanden, aber im amtlichen Prüfbereich kein passendes HY-P-Objekt gefunden."
"12-140-09-fahrsee-an-der-strae-zum-ot-rolau";"12-140-09";"Fährsee an der Straße zum OT Roßlau";"See";"review";"51.8844454";"12.2422782";"0.869";"";"";"";"";"0";"";"";"OSM-Kandidat vorhanden, aber im amtlichen Prüfbereich kein passendes HY-P-Objekt gefunden."
"12-140-10-die-bach-hofsee-bei-kleutsch";"12-140-10";"Die Bach (Hofsee) bei Kleutsch";"See";"unmatched";"";"";"";"";"";"";"";"";"";"";"Kein OSM-v3-Kandidat vorhanden."
"12-140-11-zoberbergsee-1-im-ot-mosigkau";"12-140-11";"Zoberbergsee 1 im OT Mosigkau";"See";"review";"51.804734";"12.1514431";"0.896";"";"";"";"";"0";"";"";"OSM-Kandidat vorhanden, aber im amtlichen Prüfbereich kein passendes HY-P-Objekt gefunden."
"12-140-12-zoberbergsee-2-inkl-kleiner-see";"12-140-12";"Zoberbergsee 2 inkl. „Kleiner See“,";"See";"unmatched";"";"";"";"";"";"";"";"";"";"";"Kein OSM-v3-Kandidat vorhanden."
"12-183-01-sollnitzer-see";"12-183-01";"Sollnitzer See";"See";"unmatched";"";"";"";"";"";"";"";"";"";"";"Kein OSM-v3-Kandidat vorhanden."
"12-183-02-kiessandtagebaurestloch-sollnitz-1";"12-183-02";"Kiessandtagebaurestloch Sollnitz 1";"Kiesgrube";"unmatched";"";"";"";"";"";"";"";"";"";"";"Kein OSM-v3-Kandidat vorhanden."
"12-183-03-kiessandtagebaurestloch-sollnitz-2";"12-183-03";"Kiessandtagebaurestloch Sollnitz 2";"Kiesgrube";"unmatched";"";"";"";"";"";"";"";"";"";"";"Kein OSM-v3-Kandidat vorhanden."
"12-360-02-karpfenteich-biethe-im-ot-rolau";"12-360-02";"Karpfenteich Biethe im OT Roßlau";"Teich";"review";"51.8844454";"12.2422782";"0.869";"";"";"";"";"0";"";"";"OSM-Kandidat vorhanden, aber im amtlichen Prüfbereich kein passendes HY-P-Objekt gefunden."
"13-280-01-neustadter-see-i";"13-280-01";"Neustädter See I";"See";"unmatched";"";"";"";"";"";"";"";"";"";"";"Kein OSM-v3-Kandidat vorhanden."
"13-280-02-mittellandkanal-toter-arm";"13-280-02";"Mittellandkanal (Toter Arm)";"Fließgewässer";"unmatched";"";"";"";"";"";"";"";"";"";"";"Kein OSM-v3-Kandidat vorhanden."
"13-280-03-rothenseer-verbindungskanal";"13-280-03";"Rothenseer Verbindungskanal";"Fließgewässer";"unmatched";"";"";"";"";"";"";"";"";"";"";"Kein OSM-v3-Kandidat vorhanden."
"13-280-04-handelshafen-magdeburg";"13-280-04";"Handelshafen Magdeburg";"See";"unmatched";"";"";"";"";"";"";"";"";"";"";"Kein OSM-v3-Kandidat vorhanden."
"13-280-05-industriehafen-magdeburg";"13-280-05";"Industriehafen Magdeburg";"See";"unmatched";"";"";"";"";"";"";"";"";"";"";"Kein OSM-v3-Kandidat vorhanden."
"13-280-06-fermersleber-see-salbker-see-ii";"13-280-06";"Fermersleber See (Salbker See II)";"See";"unmatched";"";"";"";"";"";"";"";"";"";"";"Kein OSM-v3-Kandidat vorhanden."
"13-280-07-neustadter-see-ii-schonstrecke-beachten-a-b-bl-h-k-pl-s-28-00";"13-280-07";"Neustädter See II, Schonstrecke beachten A, B, Bl, H, K, Pl, S 28,00";"See";"review";"51.4784373";"11.8854531";"0.873";"449.1";"Steinbruchsee";"StandingWater_DESTGEOT00002KP4";"StandingWater";"1";"0";"9999";"Amtliches Wasserobjekt vorhanden, Abstand/Name aber nicht eindeutig genug."
"13-280-08-erdkuhle-bei-rothensee";"13-280-08";"Erdkuhle bei Rothensee";"See";"unmatched";"";"";"";"";"";"";"";"";"";"";"Kein OSM-v3-Kandidat vorhanden."
"13-280-10-2-baggerlocher-waldseen";"13-280-10";"2 Baggerlöcher (Waldseen)";"See";"unmatched";"";"";"";"";"";"";"";"";"";"";"Kein OSM-v3-Kandidat vorhanden."
"13-280-11-dr-gotz-teich";"13-280-11";"Dr.-Götz-Teich";"Teich";"unmatched";"";"";"";"";"";"";"";"";"";"";"Kein OSM-v3-Kandidat vorhanden."
"13-280-13-else-kolke-bei-zipkeleben";"13-280-13";"Else-Kolke bei Zipkeleben";"See";"review";"52.1053454";"11.7070766";"0.892";"51.8";"Dreierkolk";"StandingWater_DESTGEOT00002hHV";"StandingWater";"2";"0";"329.8";"Amtliche HY-P-Geometrie liegt nahe am OSM-Kandidaten, aber nicht eindeutig genug für automatische Freigabe."
"13-280-14-4-kolke-am-klusdamm";"13-280-14";"4 Kolke am Klusdamm";"See";"unmatched";"";"";"";"";"";"";"";"";"";"";"Kein OSM-v3-Kandidat vorhanden."
"13-280-15-prester-see-3-teile";"13-280-15";"Prester See (3 Teile)";"See";"review";"52.1567927";"11.6143314";"0.81";"";"";"";"";"0";"";"";"OSM-Kandidat vorhanden, aber im amtlichen Prüfbereich kein passendes HY-P-Objekt gefunden."
"13-280-17-barleber-see-i";"13-280-17";"Barleber See I";"See";"unmatched";"";"";"";"";"";"";"";"";"";"";"Kein OSM-v3-Kandidat vorhanden."
"13-280-18-alte-elbe-kreuzhorst";"13-280-18";"Alte Elbe Kreuzhorst";"Fließgewässer";"review";"52.0806166";"11.726241";"0.767";"12.3";"";"Watercourse_DESTGEOTR1007HVE_pol";"Watercourse";"4";"0";"22.6";"Amtliches Wasserobjekt vorhanden, Abstand/Name aber nicht eindeutig genug."
"13-280-19-zipkeleber-see";"13-280-19";"Zipkeleber See";"See";"unmatched";"";"";"";"";"";"";"";"";"";"";"Kein OSM-v3-Kandidat vorhanden."
"13-280-20-baggerloch-an-der-sulzewiese";"13-280-20";"Baggerloch an der Sülzewiese";"See";"unmatched";"";"";"";"";"";"";"";"";"";"";"Kein OSM-v3-Kandidat vorhanden."
"13-280-21-baggerloch-kelterer-bei-rothensee";"13-280-21";"Baggerloch Kelterer bei Rothensee";"See";"unmatched";"";"";"";"";"";"";"";"";"";"";"Kein OSM-v3-Kandidat vorhanden."
"13-280-23-elbe-und-alte-elbe";"13-280-23";"Elbe und Alte Elbe";"Fließgewässer";"review";"52.1297774";"11.6441168";"0.865";"17.1";"";"Watercourse_DESTGEOT00002gUl_pol";"Watercourse";"4";"0";"30.4";"Amtliches Wasserobjekt vorhanden, Abstand/Name aber nicht eindeutig genug."
"13-280-24-zollelbe-vom-elb-km-325-60-327-40";"13-280-24";"Zollelbe vom Elb-km 325,60 – 327,40";"Fließgewässer";"review";"52.5659531";"11.9753686";"0.78";"43.5";"";"Watercourse_DESTGEOT00004hfB_lin";"Watercourse";"4";"0";"189.9";"Amtliche HY-P-Geometrie liegt nahe am OSM-Kandidaten, aber nicht eindeutig genug für automatische Freigabe."
"13-280-25-obere-vorhafen-von-elb-km-330-331-2-b-bl-pl-z-1-20-sudliche-schleusenkammer";"13-280-25";"Obere Vorhäfen von Elb-km 330- 331,2 B, Bl, Pl, Z 1,20 (südliche Schleusenkammer)";"See";"unmatched";"";"";"";"";"";"";"";"";"";"";"Kein OSM-v3-Kandidat vorhanden."
"13-280-26-frankenfelder-teich";"13-280-26";"Frankenfelder Teich";"Teich";"unmatched";"";"";"";"";"";"";"";"";"";"";"Kein OSM-v3-Kandidat vorhanden."
"13-280-27-kommandantenteiche";"13-280-27";"Kommandantenteiche";"Teich";"unmatched";"";"";"";"";"";"";"";"";"";"";"Kein OSM-v3-Kandidat vorhanden."
"13-280-28-schleusenkanal-ehem-doppelschleuse";"13-280-28";"Schleusenkanal ehem. Doppelschleuse";"Fließgewässer";"unmatched";"";"";"";"";"";"";"";"";"";"";"Kein OSM-v3-Kandidat vorhanden."
"13-280-30-sternsee-olvenstedt";"13-280-30";"Sternsee Olvenstedt";"See";"review";"52.1538177";"11.5673175";"0.863";"";"";"";"";"0";"";"";"OSM-Kandidat vorhanden, aber im amtlichen Prüfbereich kein passendes HY-P-Objekt gefunden."
"13-280-31-barrosee-dreieck";"13-280-31";"Barrosee Dreieck";"See";"unmatched";"";"";"";"";"";"";"";"";"";"";"Kein OSM-v3-Kandidat vorhanden."
"13-280-32-siel-zipkeleben";"13-280-32";"Siel Zipkeleben";"See";"review";"52.1053454";"11.7070766";"0.892";"51.8";"Dreierkolk";"StandingWater_DESTGEOT00002hHV";"StandingWater";"2";"0";"329.8";"Amtliche HY-P-Geometrie liegt nahe am OSM-Kandidaten, aber nicht eindeutig genug für automatische Freigabe."
"13-280-33-ruckhaltebecken-diesdorfer-graseweg";"13-280-33";"Rückhaltebecken Diesdorfer Graseweg";"See";"unmatched";"";"";"";"";"";"";"";"";"";"";"Kein OSM-v3-Kandidat vorhanden."
"13-280-34-steinfohr-randau-calenberge";"13-280-34";"Steinföhr Randau-Calenberge";"See";"unmatched";"";"";"";"";"";"";"";"";"";"";"Kein OSM-v3-Kandidat vorhanden."
"13-280-35-der-placken-kuhlenhagen";"13-280-35";"Der Placken (Kuhlenhagen)";"See";"unmatched";"";"";"";"";"";"";"";"";"";"";"Kein OSM-v3-Kandidat vorhanden."
"13-282-01-hohmann-s-badelauben-kleiner-see";"13-282-01";"Hohmann´s Badelauben - Kleiner See";"See";"unmatched";"";"";"";"";"";"";"";"";"";"";"Kein OSM-v3-Kandidat vorhanden."
"13-400-01-wolter-1-und-2-bei-randau";"13-400-01";"Wolter 1 und 2 bei Randau";"See";"review";"52.0620744";"11.7222911";"0.932";"";"";"";"";"0";"";"";"OSM-Kandidat vorhanden, aber im amtlichen Prüfbereich kein passendes HY-P-Objekt gefunden."
"13-400-02-riemer-1-2-und-3-bei-randau";"13-400-02";"Riemer 1, 2 und 3 bei Randau";"See";"review";"52.0620744";"11.7222911";"0.932";"";"";"";"";"0";"";"";"OSM-Kandidat vorhanden, aber im amtlichen Prüfbereich kein passendes HY-P-Objekt gefunden."
"13-400-03-schloteich-in-randau";"13-400-03";"Schloßteich in Randau";"Teich";"review";"52.0620744";"11.7222911";"0.932";"";"";"";"";"0";"";"";"OSM-Kandidat vorhanden, aber im amtlichen Prüfbereich kein passendes HY-P-Objekt gefunden."
"13-400-04-langer-see-groer-see-bei-randau";"13-400-04";"Langer See (Großer See) bei Randau";"See";"review";"52.0620744";"11.7222911";"0.932";"";"";"";"";"0";"";"";"OSM-Kandidat vorhanden, aber im amtlichen Prüfbereich kein passendes HY-P-Objekt gefunden."
"13-400-05-gelbes-loch-bei-randau";"13-400-05";"Gelbes Loch bei Randau";"Fließgewässer";"review";"52.0806166";"11.726241";"0.782";"12.3";"";"Watercourse_DESTGEOTR1007HVE_pol";"Watercourse";"4";"0";"22.6";"Amtliches Wasserobjekt vorhanden, Abstand/Name aber nicht eindeutig genug."
"13-400-06-alte-elbe-bei-randau-calenberge";"13-400-06";"Alte Elbe bei Randau/Calenberge";"Fließgewässer";"review";"52.0708256";"11.6870362";"0.758";"419.1";"";"Watercourse_DESTGEOT00002gUz_pol";"Watercourse";"1";"0";"9999";"Amtliches Wasserobjekt vorhanden, Abstand/Name aber nicht eindeutig genug."
"13-400-07-kiesbaggerloch-bei-randau";"13-400-07";"Kiesbaggerloch bei Randau";"Kiesgrube";"review";"52.0620744";"11.7222911";"0.932";"";"";"";"";"0";"";"";"OSM-Kandidat vorhanden, aber im amtlichen Prüfbereich kein passendes HY-P-Objekt gefunden."
"13-400-08-schwarzer-kruger-bei-randau";"13-400-08";"Schwarzer Krüger bei Randau";"See";"review";"52.0620744";"11.7222911";"0.932";"";"";"";"";"0";"";"";"OSM-Kandidat vorhanden, aber im amtlichen Prüfbereich kein passendes HY-P-Objekt gefunden."
"13-400-09-kaltes-loch-bei-randau";"13-400-09";"Kaltes Loch bei Randau";"See";"review";"52.0620744";"11.7222911";"0.932";"";"";"";"";"0";"";"";"OSM-Kandidat vorhanden, aber im amtlichen Prüfbereich kein passendes HY-P-Objekt gefunden."
"13-400-10-butz-bei-randau";"13-400-10";"Butz bei Randau";"See";"review";"52.0620744";"11.7222911";"0.932";"";"";"";"";"0";"";"";"OSM-Kandidat vorhanden, aber im amtlichen Prüfbereich kein passendes HY-P-Objekt gefunden."
"14-210-01-saalealtarm-hohenweiden";"14-210-01";"Saalealtarm Hohenweiden";"Fließgewässer";"unmatched";"";"";"";"";"";"";"";"";"";"";"Kein OSM-v3-Kandidat vorhanden."
"14-210-02-obere-aue-fkk";"14-210-02";"Obere Aue (FKK)";"See";"review";"51.4829557";"11.8903884";"0.845";"1";"Kleiner Heidesee";"StandingWater_DESTGEOT00002KP3";"StandingWater";"2";"0";"62";"Amtliche HY-P-Geometrie liegt nahe am OSM-Kandidaten, aber nicht eindeutig genug für automatische Freigabe."
"14-210-03-kleines-posthorn-rechtsseitig";"14-210-03";"Kleines Posthorn rechtsseitig";"See";"unmatched";"";"";"";"";"";"";"";"";"";"";"Kein OSM-v3-Kandidat vorhanden."
"14-210-04-groer-angersdorfer-teich";"14-210-04";"Großer Angersdorfer Teich";"Teich";"unmatched";"";"";"";"";"";"";"";"";"";"";"Kein OSM-v3-Kandidat vorhanden."
"14-210-05-kleiner-angersdorfer-teich";"14-210-05";"Kleiner Angersdorfer Teich";"Teich";"unmatched";"";"";"";"";"";"";"";"";"";"";"Kein OSM-v3-Kandidat vorhanden."
"14-210-06-pfarrteich-seeben";"14-210-06";"Pfarrteich Seeben";"Teich";"unmatched";"";"";"";"";"";"";"";"";"";"";"Kein OSM-v3-Kandidat vorhanden."
"14-210-08-osendorfer-see";"14-210-08";"Osendorfer See";"See";"unmatched";"";"";"";"";"";"";"";"";"";"";"Kein OSM-v3-Kandidat vorhanden."
"14-210-09-kalksteinbruch-in-neustadt";"14-210-09";"Kalksteinbruch in Neustadt";"See";"unmatched";"";"";"";"";"";"";"";"";"";"";"Kein OSM-v3-Kandidat vorhanden."
"14-210-10-kirchteich-in-neustadt";"14-210-10";"Kirchteich in Neustadt";"Teich";"review";"51.4715384";"11.9324365";"0.86";"130.2";"Kirchteich";"StandingWater_DESTGEOT00002KP0";"StandingWater";"5";"0.455";"0";"Amtliches Wasserobjekt vorhanden, Abstand/Name aber nicht eindeutig genug."
"14-210-11-bruchsee-in-neustadt";"14-210-11";"Bruchsee in Neustadt";"See";"review";"51.4830216";"11.9173156";"0.911";"35.7";"Bruchsee";"StandingWater_DESTGEOT00002KOP";"StandingWater";"1";"0.4";"9999";"Amtliche HY-P-Geometrie liegt nahe am OSM-Kandidaten, aber nicht eindeutig genug für automatische Freigabe."
"14-210-12-untere-aue-neuer-kanal";"14-210-12";"Untere Aue (Neuer Kanal)";"Fließgewässer";"unmatched";"";"";"";"";"";"";"";"";"";"";"Kein OSM-v3-Kandidat vorhanden."
"14-210-13-friedhofsteich-neustadt";"14-210-13";"Friedhofsteich Neustadt";"Teich";"review";"51.4882195";"11.9257035";"0.787";"26.5";"";"StandingWater_DESTGEOT00002KPl";"StandingWater";"5";"0";"10.9";"Amtliches Wasserobjekt vorhanden, Abstand/Name aber nicht eindeutig genug."
"14-210-14-hufeisensee-in-kanena";"14-210-14";"Hufeisensee in Kanena";"See";"unmatched";"";"";"";"";"";"";"";"";"";"";"Kein OSM-v3-Kandidat vorhanden."
"14-210-15-pulverweidenteich";"14-210-15";"Pulverweidenteich";"Teich";"unmatched";"";"";"";"";"";"";"";"";"";"";"Kein OSM-v3-Kandidat vorhanden."
"14-210-16-saale-von-straenbrucke-b-91";"14-210-16";"Saale von Straßenbrücke B 91";"Fließgewässer";"unmatched";"";"";"";"";"";"";"";"";"";"";"Kein OSM-v3-Kandidat vorhanden."
"14-210-17-umgehungskanal-halle-alter-kanal";"14-210-17";"Umgehungskanal Halle (Alter Kanal)";"Fließgewässer";"unmatched";"";"";"";"";"";"";"";"";"";"";"Kein OSM-v3-Kandidat vorhanden."
"14-210-18-weie-elster-von-straenbrucke";"14-210-18";"Weiße Elster von Straßenbrücke";"See";"review";"51.5056019";"11.9639648";"0.843";"";"";"";"";"0";"";"";"OSM-Kandidat vorhanden, aber im amtlichen Prüfbereich kein passendes HY-P-Objekt gefunden."
"14-210-20-teich-am-passendorfer-damm";"14-210-20";"Teich am Passendorfer Damm";"Teich";"unmatched";"";"";"";"";"";"";"";"";"";"";"Kein OSM-v3-Kandidat vorhanden."
"14-210-21-reide-von-braschwitz-zoberitz";"14-210-21";"Reide von Braschwitz-Zöberitz";"See";"unmatched";"";"";"";"";"";"";"";"";"";"";"Kein OSM-v3-Kandidat vorhanden."
"14-210-22-cobra-in-bruckdorf";"14-210-22";"Cobra in Bruckdorf";"See";"unmatched";"";"";"";"";"";"";"";"";"";"";"Kein OSM-v3-Kandidat vorhanden."
"14-210-23-tongrube-in-bruckdorf";"14-210-23";"Tongrube in Bruckdorf";"Kiesgrube";"unmatched";"";"";"";"";"";"";"";"";"";"";"Kein OSM-v3-Kandidat vorhanden."
"14-210-24-unsere-rast-in-bruckdorf";"14-210-24";"Unsere Rast in Bruckdorf";"See";"unmatched";"";"";"";"";"";"";"";"";"";"";"Kein OSM-v3-Kandidat vorhanden."
"14-210-25-ententeich-in-planena";"14-210-25";"Ententeich in Planena";"Teich";"unmatched";"";"";"";"";"";"";"";"";"";"";"Kein OSM-v3-Kandidat vorhanden."
"14-212-01-groes-posthorn-linksseitig-am";"14-212-01";"Großes Posthorn linksseitig am";"See";"review";"51.4958021";"11.983865";"0.878";"";"";"";"";"0";"";"";"OSM-Kandidat vorhanden, aber im amtlichen Prüfbereich kein passendes HY-P-Objekt gefunden."
