"id";"lavNumber";"name";"district";"status";"candidateSource";"candidateLatitude";"candidateLongitude";"confidence";"note"
"1-160-01-bruders-teich-bei-gardelegen";"1-160-01";"Brüders Teich bei Gardelegen";"Altmarkkreis Salzwedel";"review";"two-source-v6.2-review";"52.5298075";"11.3967719";"0.908";"Kandidat vorhanden, aber bewusst nicht als kartiert veröffentlicht."
"1-160-03-kieskuhle-die-lange-wohrde";"1-160-03";"Kieskuhle (Die lange Wohrde)";"Altmarkkreis Salzwedel";"review";"two-source-v6.2-review";"52.5298075";"11.3967719";"0.908";"Kandidat vorhanden, aber bewusst nicht als kartiert veröffentlicht."
"1-160-05-lindenthaler-teich-bei-gardelegen";"1-160-05";"Lindenthaler Teich bei Gardelegen";"Altmarkkreis Salzwedel";"review";"two-source-v6.2-review";"52.5298075";"11.3967719";"0.908";"Kandidat vorhanden, aber bewusst nicht als kartiert veröffentlicht."
"1-160-06-wilhelmskanal-von-strae";"1-160-06";"Wilhelmskanal von Straße";"Altmarkkreis Salzwedel";"review";"two-source-v6.2-review";"51.8048056";"12.2021957";"0";"Kandidat vorhanden, aber bewusst nicht als kartiert veröffentlicht."
"1-160-07-rotzen-s-loch-bei-breiteiche";"1-160-07";"Rötzen´s Loch bei Breiteiche";"Altmarkkreis Salzwedel";"review";"two-source-v6.2-review";"52.4496619";"11.226834";"0";"Kandidat vorhanden, aber bewusst nicht als kartiert veröffentlicht."
"1-160-12-mahlbusen-heidberg-bei-estedt";"1-160-12";"Mahlbusen-Heidberg bei Estedt";"Altmarkkreis Salzwedel";"review";"two-source-v6.2-review";"52.5774526";"11.3662233";"0.913";"Kandidat vorhanden, aber bewusst nicht als kartiert veröffentlicht."
"1-160-17-kellerbuschteiche-lindstedt";"1-160-17";"Kellerbuschteiche Lindstedt";"Altmarkkreis Salzwedel";"review";"two-source-v6.2-review";"52.5905802";"11.5322808";"0.925";"Kandidat vorhanden, aber bewusst nicht als kartiert veröffentlicht."
"1-160-18-untere-milde-von-straenbrucke";"1-160-18";"Untere Milde von Straßenbrücke";"Altmarkkreis Salzwedel";"review";"two-source-v6.2-review";"51.1982592";"11.8646502";"0";"Kandidat vorhanden, aber bewusst nicht als kartiert veröffentlicht."
"1-160-19-teich-faule-breite-bei-letzlingen";"1-160-19";"Teich „Faule Breite“ bei Letzlingen";"Altmarkkreis Salzwedel";"review";"two-source-v6.2-review";"52.4460723";"11.4729848";"0.874";"Kandidat vorhanden, aber bewusst nicht als kartiert veröffentlicht."
"1-160-21-kiesgrube-wernitz";"1-160-21";"Kiesgrube Wernitz";"Altmarkkreis Salzwedel";"review";"two-source-v6.2-review";"52.4877963";"11.2364454";"0.91";"Kandidat vorhanden, aber bewusst nicht als kartiert veröffentlicht."
"1-160-23-grube-minna-bei-kassieck";"1-160-23";"Grube Minna bei Kassieck";"Altmarkkreis Salzwedel";"review";"two-source-v6.2-review";"52.5846956";"11.4873324";"0.927";"Kandidat vorhanden, aber bewusst nicht als kartiert veröffentlicht."
"1-161-02-milde-von-kalbe-straenbrucke";"1-161-02";"Milde von Kalbe (Straßenbrücke)";"Altmarkkreis Salzwedel";"review";"two-source-v6.2-review";"52.6469429";"11.3869608";"0";"Kandidat vorhanden, aber bewusst nicht als kartiert veröffentlicht."
"1-161-03-untere-milde-von-winkelstedt";"1-161-03";"Untere Milde von Winkelstedt";"Altmarkkreis Salzwedel";"review";"two-source-v6.2-review";"52.677317";"11.3072696";"0.914";"Kandidat vorhanden, aber bewusst nicht als kartiert veröffentlicht."
"1-260-01-dorfteich-miesterhorst";"1-260-01";"Dorfteich Miesterhorst";"Altmarkkreis Salzwedel";"review";"two-source-v6.2-review";"52.460807";"11.1415221";"0.934";"Kandidat vorhanden, aber bewusst nicht als kartiert veröffentlicht."
"1-260-02-anglerteiche-apenburg";"1-260-02";"Anglerteiche Apenburg";"Altmarkkreis Salzwedel";"review";"two-source-v6.2-review";"52.7100588";"11.2006718";"0.914";"Kandidat vorhanden, aber bewusst nicht als kartiert veröffentlicht."
"1-260-08-langer-teich-immekath";"1-260-08";"Langer Teich Immekath";"Altmarkkreis Salzwedel";"review";"two-source-v6.2-review";"52.6277652";"11.0816699";"0.932";"Kandidat vorhanden, aber bewusst nicht als kartiert veröffentlicht."
"1-260-09-neues-gewasser-in-klotze";"1-260-09";"Neues Gewässer in Klötze";"Altmarkkreis Salzwedel";"review";"two-source-v6.2-review";"52.622978";"11.1655101";"0.9";"Kandidat vorhanden, aber bewusst nicht als kartiert veröffentlicht."
"1-260-11-jeetze-von-dorfstrae-im-amt";"1-260-11";"Jeetze von Dorfstraße im Amt";"Altmarkkreis Salzwedel";"review";"two-source-v6.2-review";"52.7859661";"11.1686674";"0.905";"Kandidat vorhanden, aber bewusst nicht als kartiert veröffentlicht."
"1-260-12-alte-badeanstalt-bei-jahrstedt";"1-260-12";"Alte Badeanstalt bei Jahrstedt";"Altmarkkreis Salzwedel";"review";"two-source-v6.2-review";"52.5633612";"10.9708505";"0.906";"Kandidat vorhanden, aber bewusst nicht als kartiert veröffentlicht."
"1-260-13-dorfteich-steimke";"1-260-13";"Dorfteich Steimke";"Altmarkkreis Salzwedel";"review";"two-source-v6.2-review";"52.58744";"10.963068";"0.921";"Kandidat vorhanden, aber bewusst nicht als kartiert veröffentlicht."
"1-260-14-ohre-in-steimke";"1-260-14";"Ohre in Steimke";"Altmarkkreis Salzwedel";"review";"two-source-v6.2-review";"52.6021446";"10.9490976";"0.878";"Kandidat vorhanden, aber bewusst nicht als kartiert veröffentlicht."
"1-260-16-ehemalige-klarteiche-in-kusey";"1-260-16";"ehemalige Klärteiche in Kusey";"Altmarkkreis Salzwedel";"review";"two-source-v6.2-review";"52.5802866";"11.1015091";"0.909";"Kandidat vorhanden, aber bewusst nicht als kartiert veröffentlicht."
"1-260-17-radestucken-neuekrug";"1-260-17";"Radestücken Neuekrug";"Altmarkkreis Salzwedel";"review";"two-source-v6.2-review";"52.7786135";"10.8198134";"0.841";"Kandidat vorhanden, aber bewusst nicht als kartiert veröffentlicht."
"1-260-19-groe-rothe-neuferchau";"1-260-19";"Große Röthe Neuferchau";"Altmarkkreis Salzwedel";"review";"two-source-v6.2-review";"52.5785765";"11.0840948";"0.836";"Kandidat vorhanden, aber bewusst nicht als kartiert veröffentlicht."
"1-260-20-untere-milde-cheinitz";"1-260-20";"Untere Milde Cheinitz";"Altmarkkreis Salzwedel";"review";"two-source-v6.2-review";"52.6991031";"11.2520614";"0.916";"Kandidat vorhanden, aber bewusst nicht als kartiert veröffentlicht."
"1-260-21-brookbuschteich-immekath";"1-260-21";"Brookbuschteich Immekath";"Altmarkkreis Salzwedel";"review";"two-source-v6.2-review";"52.6277652";"11.0816699";"0.932";"Kandidat vorhanden, aber bewusst nicht als kartiert veröffentlicht."
"1-260-22-moorgraben-cheinitz-bruchau";"1-260-22";"Moorgraben Cheinitz/Brüchau";"Altmarkkreis Salzwedel";"review";"two-source-v6.2-review";"52.6934562";"11.2659319";"0";"Kandidat vorhanden, aber bewusst nicht als kartiert veröffentlicht."
"1-380-01-plattensee-bei-winterfeld";"1-380-01";"Plattensee bei Winterfeld";"Altmarkkreis Salzwedel";"review";"two-source-v6.2-review";"52.7421551";"11.2416101";"0.91";"Kandidat vorhanden, aber bewusst nicht als kartiert veröffentlicht."
"1-380-03-1-tonstich-in-den-beekwiesen";"1-380-03";"1. Tonstich in den Beekwiesen";"Altmarkkreis Salzwedel";"review";"two-source-v6.2-review";"52.8518698";"11.156102";"0.926";"Kandidat vorhanden, aber bewusst nicht als kartiert veröffentlicht."
"1-380-04-brietzer-teiche";"1-380-04";"Brietzer Teiche";"Altmarkkreis Salzwedel";"review";"two-source-v6.2-review";"51.6830703";"12.7977173";"0";"Kandidat vorhanden, aber bewusst nicht als kartiert veröffentlicht."
"1-380-05-teich-in-langenapel";"1-380-05";"Teich in Langenapel";"Altmarkkreis Salzwedel";"review";"two-source-v6.2-review";"52.8161811";"10.9622902";"0.914";"Kandidat vorhanden, aber bewusst nicht als kartiert veröffentlicht."
"1-380-06-blaukuhlen-in-fleetmark";"1-380-06";"Blaukuhlen in Fleetmark";"Altmarkkreis Salzwedel";"unmapped";"";"";"";"0";"Noch keine belastbare Kartenposition vorhanden."
"1-380-07-wolfsteich-diesdorf";"1-380-07";"Wolfsteich Diesdorf";"Altmarkkreis Salzwedel";"unmapped";"";"";"";"0";"Noch keine belastbare Kartenposition vorhanden."
"1-380-08-salzwedeler-dumme-von-bodden";"1-380-08";"Salzwedeler Dumme von Bödden-";"Altmarkkreis Salzwedel";"unmapped";"";"";"";"0";"Noch keine belastbare Kartenposition vorhanden."
"1-380-09-tonstich-seibtscher-teich";"1-380-09";"Tonstich (Seibtscher Teich)";"Altmarkkreis Salzwedel";"unmapped";"";"";"";"0";"Noch keine belastbare Kartenposition vorhanden."
"1-380-10-2-tonstich-in-beekwiesen-bei-salzwedel";"1-380-10";"2. Tonstich in Beekwiesen bei Salzwedel";"Altmarkkreis Salzwedel";"unmapped";"";"";"";"0";"Noch keine belastbare Kartenposition vorhanden."
"1-380-11-regenruckhaltebecken-ritzer-brucke";"1-380-11";"Regenrückhaltebecken Ritzer Brücke";"Altmarkkreis Salzwedel";"unmapped";"";"";"";"0";"Noch keine belastbare Kartenposition vorhanden."
"1-380-12-purnitz-bei-dambeck";"1-380-12";"Purnitz bei Dambeck";"Altmarkkreis Salzwedel";"unmapped";"";"";"";"0";"Noch keine belastbare Kartenposition vorhanden."
"1-380-13-jeetze-bei-dambeck";"1-380-13";"Jeetze bei Dambeck";"Altmarkkreis Salzwedel";"unmapped";"";"";"";"0";"Noch keine belastbare Kartenposition vorhanden."
"1-380-14-alte-dumme-osterwohle-tylsen";"1-380-14";"Alte Dumme Osterwohle/Tylsen";"Altmarkkreis Salzwedel";"unmapped";"";"";"";"0";"Noch keine belastbare Kartenposition vorhanden."
"1-380-15-beeke-bei-wallstawe-bis-mundung";"1-380-15";"Beeke bei Wallstawe bis Mündung";"Altmarkkreis Salzwedel";"unmapped";"";"";"";"0";"Noch keine belastbare Kartenposition vorhanden."
"1-380-16-kalter-graben-bei-wallstawe";"1-380-16";"Kalter Graben bei Wallstawe";"Altmarkkreis Salzwedel";"unmapped";"";"";"";"0";"Noch keine belastbare Kartenposition vorhanden."
"1-380-17-molmker-bach-von";"1-380-17";"Molmker Bach von";"Altmarkkreis Salzwedel";"unmapped";"";"";"";"0";"Noch keine belastbare Kartenposition vorhanden."
"1-381-01-flot-und-muhlgraben-bei-mechau";"1-381-01";"Flöt- und Mühlgraben bei Mechau";"Altmarkkreis Salzwedel";"unmapped";"";"";"";"0";"Noch keine belastbare Kartenposition vorhanden."
"2-160-01-kolk-in-bismark";"2-160-01";"Kolk in Bismark";"Stendal";"unmapped";"";"";"";"0";"Noch keine belastbare Kartenposition vorhanden."
"2-160-02-secantsgraben-von-straenbrucke";"2-160-02";"Secantsgraben von Straßenbrücke";"Stendal";"unmapped";"";"";"";"0";"Noch keine belastbare Kartenposition vorhanden."
"2-220-01-kleiner-see-bei-schonfeld";"2-220-01";"Kleiner See bei Schönfeld";"Stendal";"unmapped";"";"";"";"0";"Noch keine belastbare Kartenposition vorhanden."
"2-220-02-scharlipper-see";"2-220-02";"Scharlipper See";"Stendal";"unmapped";"";"";"";"0";"Noch keine belastbare Kartenposition vorhanden."
"2-220-04-kleiner-klietzer-see";"2-220-04";"Kleiner Klietzer See";"Stendal";"unmapped";"";"";"";"0";"Noch keine belastbare Kartenposition vorhanden."
"2-220-05-gewasser-vor-dem-weiher-in-sandau";"2-220-05";"Gewässer vor dem Weiher in Sandau";"Stendal";"unmapped";"";"";"";"0";"Noch keine belastbare Kartenposition vorhanden."
"2-220-06-wenddorfteich-in-sandau";"2-220-06";"Wenddorfteich in Sandau";"Stendal";"unmapped";"";"";"";"0";"Noch keine belastbare Kartenposition vorhanden."
"2-220-10-eichenschlenke-bei-havelberg";"2-220-10";"Eichenschlenke bei Havelberg";"Stendal";"unmapped";"";"";"";"0";"Noch keine belastbare Kartenposition vorhanden."
"2-220-11-kampierung-bei-havelberg";"2-220-11";"Kampierung bei Havelberg";"Stendal";"unmapped";"";"";"";"0";"Noch keine belastbare Kartenposition vorhanden."
"2-220-12-groe-wiesenschlenke-bei-havelberg";"2-220-12";"Große Wiesenschlenke bei Havelberg";"Stendal";"unmapped";"";"";"";"0";"Noch keine belastbare Kartenposition vorhanden."
"2-220-13-hornings-bracke-bei-havelberg";"2-220-13";"Hornings Bracke bei Havelberg";"Stendal";"unmapped";"";"";"";"0";"Noch keine belastbare Kartenposition vorhanden."
"2-220-14-kuhnsches-loch-bei-havelberg";"2-220-14";"Kühnsches Loch bei Havelberg";"Stendal";"unmapped";"";"";"";"0";"Noch keine belastbare Kartenposition vorhanden."
"2-220-15-karpfenlocher-bei-havelberg";"2-220-15";"Karpfenlöcher bei Havelberg";"Stendal";"unmapped";"";"";"";"0";"Noch keine belastbare Kartenposition vorhanden."
"2-220-18-elbe-km-428-431-rechtsseitig";"2-220-18";"Elbe km 428-431 rechtsseitig";"Stendal";"unmapped";"";"";"";"0";"Noch keine belastbare Kartenposition vorhanden."
"2-220-20-garzer-see-in-havelberg";"2-220-20";"Garzer See in Havelberg";"Stendal";"unmapped";"";"";"";"0";"Noch keine belastbare Kartenposition vorhanden."
"2-330-01-weidenwerder-bei-losenrade";"2-330-01";"Weidenwerder bei Losenrade";"Stendal";"unmapped";"";"";"";"0";"Noch keine belastbare Kartenposition vorhanden."
"2-330-02-streitwerder-bei-losenrade";"2-330-02";"Streitwerder bei Losenrade";"Stendal";"unmapped";"";"";"";"0";"Noch keine belastbare Kartenposition vorhanden."
"2-330-03-kuhweide-bei-losenrade";"2-330-03";"Kuhweide bei Losenrade";"Stendal";"unmapped";"";"";"";"0";"Noch keine belastbare Kartenposition vorhanden."
"2-330-04-die-benahen-bei-losenrade";"2-330-04";"Die Benähen bei Losenrade";"Stendal";"unmapped";"";"";"";"0";"Noch keine belastbare Kartenposition vorhanden."
"2-330-05-das-heisterrevier-bei-losenrade";"2-330-05";"Das Heisterrevier bei Losenrade";"Stendal";"unmapped";"";"";"";"0";"Noch keine belastbare Kartenposition vorhanden."
"2-330-06-hinterdeichstucken-bei-loserade";"2-330-06";"Hinterdeichstücken bei Loserade";"Stendal";"unmapped";"";"";"";"0";"Noch keine belastbare Kartenposition vorhanden."
"2-330-07-neuer-werder-bei-losenrade";"2-330-07";"Neuer Werder bei Losenrade";"Stendal";"unmapped";"";"";"";"0";"Noch keine belastbare Kartenposition vorhanden."
"2-330-08-werder-bei-losenrade";"2-330-08";"Werder bei Losenrade";"Stendal";"unmapped";"";"";"";"0";"Noch keine belastbare Kartenposition vorhanden."
"2-330-09-buschwerder-gansekuhle-bei";"2-330-09";"Buschwerder (Gänsekuhle) bei";"Stendal";"unmapped";"";"";"";"0";"Noch keine belastbare Kartenposition vorhanden."
"2-330-10-groe-brack-beuster";"2-330-10";"Große Brack Beuster";"Stendal";"unmapped";"";"";"";"0";"Noch keine belastbare Kartenposition vorhanden."
"2-330-11-alte-elbe-und-gansebrink";"2-330-11";"Alte Elbe und Gänsebrink";"Stendal";"unmapped";"";"";"";"0";"Noch keine belastbare Kartenposition vorhanden."
"2-330-12-binnengewasser-links-der-elbe";"2-330-12";"Binnengewässer links der Elbe";"Stendal";"unmapped";"";"";"";"0";"Noch keine belastbare Kartenposition vorhanden."
"2-330-13-schonberger-haken";"2-330-13";"Schönberger Haken";"Stendal";"unmapped";"";"";"";"0";"Noch keine belastbare Kartenposition vorhanden."
"2-330-14-elbe-von-km-428-454-linksseitig";"2-330-14";"Elbe von km 428 - 454 linksseitig";"Stendal";"unmapped";"";"";"";"0";"Noch keine belastbare Kartenposition vorhanden."
"2-330-15-gewasser-feldneuendorf-bei";"2-330-15";"Gewässer Feldneuendorf bei";"Stendal";"unmapped";"";"";"";"0";"Noch keine belastbare Kartenposition vorhanden."
"2-330-16-flachspuhl-bei-erxleben";"2-330-16";"Flachspuhl bei Erxleben";"Stendal";"unmapped";"";"";"";"0";"Noch keine belastbare Kartenposition vorhanden."
"2-330-17-kiesgruben-wolterslage";"2-330-17";"Kiesgruben Wolterslage";"Stendal";"unmapped";"";"";"";"0";"Noch keine belastbare Kartenposition vorhanden."
"2-330-18-uchte-von-einmundung-des-land";"2-330-18";"Uchte von Einmündung des Land-";"Stendal";"unmapped";"";"";"";"0";"Noch keine belastbare Kartenposition vorhanden."
"2-330-19-biese-und-aland-von-einmundung-des";"2-330-19";"Biese und Aland von Einmündung des";"Stendal";"unmapped";"";"";"";"0";"Noch keine belastbare Kartenposition vorhanden."
"2-330-21-alter-elbarm-kuhlenwerder";"2-330-21";"Alter Elbarm Kühlenwerder";"Stendal";"unmapped";"";"";"";"0";"Noch keine belastbare Kartenposition vorhanden."
"2-330-22-mittelsbruch-bei-losenrade";"2-330-22";"Mittelsbruch bei Losenrade";"Stendal";"unmapped";"";"";"";"0";"Noch keine belastbare Kartenposition vorhanden."
"2-330-23-eisenbahnerbruch-bei-losenrade";"2-330-23";"Eisenbahnerbruch bei Losenrade";"Stendal";"unmapped";"";"";"";"0";"Noch keine belastbare Kartenposition vorhanden."
"2-330-24-der-haken-am-hausberg-bei";"2-330-24";"Der Haken am Hausberg bei";"Stendal";"review";"two-source-v6.2-review";"52.8248843";"12.0618073";"0.803";"Kandidat vorhanden, aber bewusst nicht als kartiert veröffentlicht."
"2-330-25-schonberger-baggerloch";"2-330-25";"Schönberger Baggerloch";"Stendal";"review";"two-source-v6.2-review";"52.1518012";"11.7302445";"0.861";"Kandidat vorhanden, aber bewusst nicht als kartiert veröffentlicht."
"2-330-29-bodenentnahmestelle-losenrade-1";"2-330-29";"Bodenentnahmestelle Losenrade 1";"Stendal";"review";"two-source-v6.2-review";"52.9644864";"11.7651059";"0.902";"Kandidat vorhanden, aber bewusst nicht als kartiert veröffentlicht."
"2-330-31-baggersee-feldneuendorf";"2-330-31";"Baggersee Feldneuendorf";"Stendal";"review";"two-source-v6.2-review";"52.9092071";"11.750001";"0.873";"Kandidat vorhanden, aber bewusst nicht als kartiert veröffentlicht."
"2-334-05-kiesgrube-schwimmbad-bei";"2-334-05";"Kiesgrube Schwimmbad bei";"Stendal";"review";"two-source-v6.2-review";"52.8248843";"12.0618073";"0.803";"Kandidat vorhanden, aber bewusst nicht als kartiert veröffentlicht."
"2-420-01-kohnsee-kladen";"2-420-01";"Köhnsee Kläden";"Stendal";"review";"two-source-v6.2-review";"52.6332939";"11.6570417";"0.903";"Kandidat vorhanden, aber bewusst nicht als kartiert veröffentlicht."
"2-420-02-schludenlanke-elbnebengewasser";"2-420-02";"Schlüdenlanke (Elbnebengewässer)";"Stendal";"review";"two-source-v6.2-review";"52.6778001";"12.0018182";"0.876";"Kandidat vorhanden, aber bewusst nicht als kartiert veröffentlicht."
"2-420-05-kiesgrube-schernikau";"2-420-05";"Kiesgrube Schernikau";"Stendal";"review";"two-source-v6.2-review";"52.6398302";"11.7965615";"0.782";"Kandidat vorhanden, aber bewusst nicht als kartiert veröffentlicht."
"2-420-07-ziegeleiteich-charlottenhof-bei";"2-420-07";"Ziegeleiteich Charlottenhof bei";"Stendal";"review";"two-source-v6.2-review";"52.8248843";"12.0618073";"0.803";"Kandidat vorhanden, aber bewusst nicht als kartiert veröffentlicht."
"2-420-08-elbe-km-392-402-linksseitig";"2-420-08";"Elbe km 392 - 402 linksseitig";"Stendal";"review";"two-source-v6.2-review";"51.8630967";"12.6094164";"0";"Kandidat vorhanden, aber bewusst nicht als kartiert veröffentlicht."
"2-420-09-uchte-von-strae-tornau";"2-420-09";"Uchte von Straße Tornau-";"Stendal";"review";"two-source-v6.2-review";"52.5844966";"11.7915987";"0.902";"Kandidat vorhanden, aber bewusst nicht als kartiert veröffentlicht."
"2-420-10-dahlener-kiessee";"2-420-10";"Dahlener Kiessee";"Stendal";"review";"two-source-v6.2-review";"52.3672597";"11.9377848";"0";"Kandidat vorhanden, aber bewusst nicht als kartiert veröffentlicht."
"2-420-11-fieber-in-stendal";"2-420-11";"Fieber in Stendal";"Stendal";"review";"two-source-v6.2-review";"52.6005401";"11.8540908";"0.838";"Kandidat vorhanden, aber bewusst nicht als kartiert veröffentlicht."
"2-421-01-dollgraben";"2-421-01";"Dollgraben";"Stendal";"review";"two-source-v6.2-review";"52.4194294";"11.7296753";"0";"Kandidat vorhanden, aber bewusst nicht als kartiert veröffentlicht."
"2-421-03-gr-und-kl-parkteich-in-tangerhutte";"2-421-03";"Gr. und Kl. Parkteich in Tangerhütte";"Stendal";"review";"two-source-v6.2-review";"52.4277796";"11.822457";"0.839";"Kandidat vorhanden, aber bewusst nicht als kartiert veröffentlicht."
"2-421-05-bertinger-see";"2-421-05";"Bertinger See";"Stendal";"unmapped";"";"";"";"0";"Noch keine belastbare Kartenposition vorhanden."
"2-421-07-lehmkuhle-in-cobbel";"2-421-07";"Lehmkuhle in Cobbel";"Stendal";"review";"two-source-v6.2-review";"52.3937425";"11.8622872";"0.916";"Kandidat vorhanden, aber bewusst nicht als kartiert veröffentlicht."
"2-421-09-winkelwiesenteich-uchtdorf";"2-421-09";"Winkelwiesenteich Uchtdorf";"Stendal";"review";"two-source-v6.2-review";"52.4197635";"11.7487224";"0.857";"Kandidat vorhanden, aber bewusst nicht als kartiert veröffentlicht."
"2-421-11-elbe-km-372-4-km-378-linksseitig";"2-421-11";"Elbe km 372, 4 – km 378 linksseitig";"Stendal";"review";"two-source-v6.2-review";"51.8630967";"12.6094164";"0";"Kandidat vorhanden, aber bewusst nicht als kartiert veröffentlicht."
"2-422-02-altes-kiesloch-bei-tangermunde";"2-422-02";"Altes Kiesloch bei Tangermünde";"Stendal";"review";"two-source-v6.2-review";"52.5388554";"11.9763018";"0.85";"Kandidat vorhanden, aber bewusst nicht als kartiert veröffentlicht."
"2-422-03-neues-kiesloch-bei-tangermunde";"2-422-03";"Neues Kiesloch bei Tangermünde";"Stendal";"review";"two-source-v6.2-review";"52.5388554";"11.9763018";"0.85";"Kandidat vorhanden, aber bewusst nicht als kartiert veröffentlicht."
"2-422-04-hartsteinwerke-bei-tangermunde";"2-422-04";"Hartsteinwerke bei Tangermünde";"Stendal";"review";"two-source-v6.2-review";"52.5388554";"11.9763018";"0.85";"Kandidat vorhanden, aber bewusst nicht als kartiert veröffentlicht."
"2-422-12-elbe-km-386-392-beidseitig-km-391-392";"2-422-12";"Elbe km 386-392 beidseitig, km 391-392";"Stendal";"review";"two-source-v6.2-review";"51.8630967";"12.6094164";"0";"Kandidat vorhanden, aber bewusst nicht als kartiert veröffentlicht."
"2-422-13-bolsdorfer-tanger";"2-422-13";"Bölsdorfer Tanger";"Stendal";"review";"two-source-v6.2-review";"52.516045";"11.9426673";"0.875";"Kandidat vorhanden, aber bewusst nicht als kartiert veröffentlicht."
"2-422-14-hafenbecken-tangermunde";"2-422-14";"Hafenbecken Tangermünde";"Stendal";"review";"two-source-v6.2-review";"52.5388554";"11.9763018";"0.85";"Kandidat vorhanden, aber bewusst nicht als kartiert veröffentlicht."
"2-423-02-bucher-kl-lanke";"2-423-02";"Bucher kl. Lanke";"Stendal";"review";"two-source-v6.2-review";"52.5302465";"11.9594105";"0.858";"Kandidat vorhanden, aber bewusst nicht als kartiert veröffentlicht."
"2-423-03-bucher-lanke";"2-423-03";"Bucher Lanke";"Stendal";"review";"two-source-v6.2-review";"52.5302465";"11.9594105";"0.858";"Kandidat vorhanden, aber bewusst nicht als kartiert veröffentlicht."
"2-424-03-griebener-see";"2-424-03";"Griebener See";"Stendal";"unmapped";"";"";"";"0";"Noch keine belastbare Kartenposition vorhanden."
"2-426-01-jaeneckes-teiche-bei-stendal";"2-426-01";"Jaeneckes Teiche bei Stendal";"Stendal";"review";"two-source-v6.2-review";"52.6005401";"11.8540908";"0.838";"Kandidat vorhanden, aber bewusst nicht als kartiert veröffentlicht."
"3-200-01-sieben-insel-teich-in-flechtingen";"3-200-01";"Sieben-Insel-Teich in Flechtingen";"Börde";"review";"two-source-v6.2-review";"52.3315217";"11.2375789";"0.916";"Kandidat vorhanden, aber bewusst nicht als kartiert veröffentlicht."
"3-200-02-holzmuhlenteich-in-flechtingen";"3-200-02";"Holzmühlenteich in Flechtingen";"Börde";"review";"two-source-v6.2-review";"52.3315217";"11.2375789";"0.916";"Kandidat vorhanden, aber bewusst nicht als kartiert veröffentlicht."
"3-200-03-muhlenteich-flechtingen";"3-200-03";"Mühlenteich Flechtingen";"Börde";"review";"two-source-v6.2-review";"52.3315217";"11.2375789";"0.916";"Kandidat vorhanden, aber bewusst nicht als kartiert veröffentlicht."
"3-200-04-schloteich-in-flechtingen";"3-200-04";"Schloßteich in Flechtingen";"Börde";"review";"two-source-v6.2-review";"52.3289406";"11.2382684";"0.927";"Kandidat vorhanden, aber bewusst nicht als kartiert veröffentlicht."
"3-200-05-dorfteich-in-nordgermersleben";"3-200-05";"Dorfteich in Nordgermersleben";"Börde";"review";"two-source-v6.2-review";"52.2001751";"11.3419478";"0";"Kandidat vorhanden, aber bewusst nicht als kartiert veröffentlicht."
"3-200-06-muhlenteich-flechtingen";"3-200-06";"Mühlenteich Flechtingen";"Börde";"review";"two-source-v6.2-review";"52.3315217";"11.2375789";"0.916";"Kandidat vorhanden, aber bewusst nicht als kartiert veröffentlicht."
"3-200-09-nachtwiese-bei-bebertal";"3-200-09";"Nachtwiese bei Bebertal";"Börde";"review";"two-source-v6.2-review";"52.2428216";"11.3410155";"0.884";"Kandidat vorhanden, aber bewusst nicht als kartiert veröffentlicht."
"3-200-10-haidteich-bei-bebertal";"3-200-10";"Haidteich bei Bebertal";"Börde";"review";"two-source-v6.2-review";"52.2428216";"11.3410155";"0.884";"Kandidat vorhanden, aber bewusst nicht als kartiert veröffentlicht."
"3-200-11-steinbruche-nordhusen";"3-200-11";"Steinbrüche Nordhusen";"Börde";"review";"two-source-v6.2-review";"52.2461969";"11.3807624";"0.9";"Kandidat vorhanden, aber bewusst nicht als kartiert veröffentlicht."
"3-200-12-ehemalige-schweineweide-bei";"3-200-12";"Ehemalige Schweineweide bei";"Börde";"unmapped";"";"";"";"0";"Noch keine belastbare Kartenposition vorhanden."
"3-200-13-hofteich-bodendorf";"3-200-13";"Hofteich Bodendorf";"Börde";"review";"two-source-v6.2-review";"52.2877324";"11.2823173";"0.849";"Kandidat vorhanden, aber bewusst nicht als kartiert veröffentlicht."
"3-200-16-neuer-teich-in-bebertal";"3-200-16";"Neuer Teich in Bebertal";"Börde";"review";"two-source-v6.2-review";"52.2428216";"11.3410155";"0.884";"Kandidat vorhanden, aber bewusst nicht als kartiert veröffentlicht."
"3-200-22-nonnenspringteich-haldensleben";"3-200-22";"Nonnenspringteich Haldensleben";"Börde";"review";"two-source-v6.2-review";"52.2911243";"11.4132719";"0";"Kandidat vorhanden, aber bewusst nicht als kartiert veröffentlicht."
"3-200-24-gutsteich-brumby-2-teile";"3-200-24";"Gutsteich Brumby (2 Teile)";"Börde";"review";"two-source-v6.2-review";"52.2089533";"11.2994194";"0";"Kandidat vorhanden, aber bewusst nicht als kartiert veröffentlicht."
"3-200-25-horsinger-spitze-bei-horsingen";"3-200-25";"Hörsinger Spitze bei Hörsingen";"Börde";"review";"two-source-v6.2-review";"52.2850641";"11.1556176";"0";"Kandidat vorhanden, aber bewusst nicht als kartiert veröffentlicht."
"3-200-27-tongrube-bei-ivenrode";"3-200-27";"Tongrube bei Ivenrode";"Börde";"review";"two-source-v6.2-review";"52.2732667";"11.2315825";"0";"Kandidat vorhanden, aber bewusst nicht als kartiert veröffentlicht."
"3-200-30-wiemeckenbruch-bei-belsdorf";"3-200-30";"Wiemeckenbruch bei Belsdorf";"Börde";"review";"two-source-v6.2-review";"52.3422407";"11.1520265";"0.796";"Kandidat vorhanden, aber bewusst nicht als kartiert veröffentlicht."
"3-200-31-speicher-an-der-speetze-bei-everingen-a-h-k-s-1-00";"3-200-31";"Speicher an der Speetze bei Everingen A, H, K, S 1,00";"Börde";"review";"two-source-v6.2-review";"52.3677667";"11.0957155";"0";"Kandidat vorhanden, aber bewusst nicht als kartiert veröffentlicht."
"3-200-34-ohre-von-straenbrucke-calvorde";"3-200-34";"Ohre von Straßenbrücke Calvörde";"Börde";"review";"two-source-v6.2-review";"52.3830212";"11.2927775";"0";"Kandidat vorhanden, aber bewusst nicht als kartiert veröffentlicht."
"3-200-35-3-teiche-rosenhagen-bei-erxleben";"3-200-35";"3 Teiche Rosenhagen bei Erxleben";"Börde";"review";"two-source-v6.2-review";"52.2194409";"11.2425223";"0";"Kandidat vorhanden, aber bewusst nicht als kartiert veröffentlicht."
"3-200-37-schafbade-bei-erxleben";"3-200-37";"Schafbade bei Erxleben";"Börde";"review";"two-source-v6.2-review";"52.2192712";"11.2411831";"0.925";"Kandidat vorhanden, aber bewusst nicht als kartiert veröffentlicht."
"3-200-40-silbersee-bei-calvorde";"3-200-40";"Silbersee bei Calvörde";"Börde";"review";"two-source-v6.2-review";"52.3958691";"11.3057448";"0.84";"Kandidat vorhanden, aber bewusst nicht als kartiert veröffentlicht."
"3-200-42-aller-von-bab-2-bis-landesgrenze";"3-200-42";"Aller von BAB 2 bis Landesgrenze";"Börde";"review";"two-source-v6.2-review";"52.1016027";"11.2358778";"0";"Kandidat vorhanden, aber bewusst nicht als kartiert veröffentlicht."
"3-200-44-speetze-vom-ablauf-schloteich";"3-200-44";"Speetze vom Ablauf Schloßteich";"Börde";"review";"two-source-v6.2-review";"51.8545086";"10.9834956";"0";"Kandidat vorhanden, aber bewusst nicht als kartiert veröffentlicht."
"3-200-45-beber-von-einmundung-der-rie";"3-200-45";"Beber von Einmündung der Rie";"Börde";"review";"two-source-v6.2-review";"51.4773429";"11.9782414";"0.818";"Kandidat vorhanden, aber bewusst nicht als kartiert veröffentlicht."
"3-200-47-markgrafenteich-bei-bebertal";"3-200-47";"Markgrafenteich bei Bebertal";"Börde";"review";"two-source-v6.2-review";"52.2428216";"11.3410155";"0.884";"Kandidat vorhanden, aber bewusst nicht als kartiert veröffentlicht."
"3-200-48-papenteich-bei-emden";"3-200-48";"Papenteich bei Emden";"Börde";"review";"two-source-v6.2-review";"52.2619885";"11.2855712";"0.875";"Kandidat vorhanden, aber bewusst nicht als kartiert veröffentlicht."
"3-200-50-speicher-an-der-krummbeck";"3-200-50";"Speicher an der Krummbeck";"Börde";"unmapped";"";"";"";"0";"Noch keine belastbare Kartenposition vorhanden."
"3-200-52-regenruckhaltebecken-in-hermsdorf";"3-200-52";"Regenrückhaltebecken in Hermsdorf";"Börde";"review";"two-source-v6.2-review";"52.1867944";"11.4815856";"0.873";"Kandidat vorhanden, aber bewusst nicht als kartiert veröffentlicht."
"3-200-56-waldsteinbruch-hundisburg";"3-200-56";"Waldsteinbruch Hundisburg";"Börde";"review";"two-source-v6.2-review";"52.246722";"11.4001176";"0";"Kandidat vorhanden, aber bewusst nicht als kartiert veröffentlicht."
"3-200-58-teich-in-ratzlingen";"3-200-58";"Teich in Rätzlingen";"Börde";"review";"two-source-v6.2-review";"52.4131306";"11.1107777";"0";"Kandidat vorhanden, aber bewusst nicht als kartiert veröffentlicht."
"3-200-59-koppelteiche-hundisburg";"3-200-59";"Koppelteiche Hundisburg";"Börde";"review";"two-source-v6.2-review";"52.246722";"11.4001176";"0";"Kandidat vorhanden, aber bewusst nicht als kartiert veröffentlicht."
"3-200-62-rohrteichwiese-altenhausen";"3-200-62";"Rohrteichwiese Altenhausen";"Börde";"unmapped";"";"";"";"0";"Noch keine belastbare Kartenposition vorhanden."
"3-200-63-teich-in-ivenrode";"3-200-63";"Teich in Ivenrode";"Börde";"unmapped";"";"";"";"0";"Noch keine belastbare Kartenposition vorhanden."
"3-200-64-oberteich-in-uhrsleben";"3-200-64";"Oberteich in Uhrsleben";"Börde";"unmapped";"";"";"";"0";"Noch keine belastbare Kartenposition vorhanden."
"3-200-65-teich-hasselburg";"3-200-65";"Teich Hasselburg";"Börde";"unmapped";"";"";"";"0";"Noch keine belastbare Kartenposition vorhanden."
"3-200-66-stapelteiche-flechtingen";"3-200-66";"Stapelteiche Flechtingen";"Börde";"unmapped";"";"";"";"0";"Noch keine belastbare Kartenposition vorhanden."
"3-200-67-schwanenteich-hundisburg";"3-200-67";"Schwanenteich Hundisburg";"Börde";"unmapped";"";"";"";"0";"Noch keine belastbare Kartenposition vorhanden."
"3-201-01-speicher-am-generalsberg";"3-201-01";"Speicher am Generalsberg";"Börde";"unmapped";"";"";"";"0";"Noch keine belastbare Kartenposition vorhanden."
"3-261-01-mittellandkanal-bereich-oebisfelde";"3-261-01";"Mittellandkanal Bereich Oebisfelde";"Börde";"unmapped";"";"";"";"0";"Noch keine belastbare Kartenposition vorhanden."
"3-261-02-aller-westlich-von-everingen";"3-261-02";"Aller westlich von Everingen";"Börde";"unmapped";"";"";"";"0";"Noch keine belastbare Kartenposition vorhanden."
"3-261-03-dorfteich-in-breitenrode";"3-261-03";"Dorfteich in Breitenrode";"Börde";"unmapped";"";"";"";"0";"Noch keine belastbare Kartenposition vorhanden."
"3-261-04-muhlaller-mit-regenauffangbecken";"3-261-04";"Mühlaller mit Regenauffangbecken";"Börde";"unmapped";"";"";"";"0";"Noch keine belastbare Kartenposition vorhanden."
"3-261-05-landgraben-bei-oebisfelde";"3-261-05";"Landgraben bei Oebisfelde";"Börde";"unmapped";"";"";"";"0";"Noch keine belastbare Kartenposition vorhanden."
"3-261-06-schillingsteich-in-niendorf";"3-261-06";"Schillingsteich in Niendorf";"Börde";"unmapped";"";"";"";"0";"Noch keine belastbare Kartenposition vorhanden."
"3-261-07-regenwasserbecken-hinter-der";"3-261-07";"Regenwasserbecken hinter der";"Börde";"unmapped";"";"";"";"0";"Noch keine belastbare Kartenposition vorhanden."
"3-261-08-badekuhle-in-wassensdorf";"3-261-08";"Badekuhle in Wassensdorf";"Börde";"unmapped";"";"";"";"0";"Noch keine belastbare Kartenposition vorhanden."
"3-282-01-tagebau-wolmirstedt-flur-31";"3-282-01";"Tagebau Wolmirstedt (Flur 31)";"Börde";"unmapped";"";"";"";"0";"Noch keine belastbare Kartenposition vorhanden."
"3-410-01-kiesschacht-in-kroppenstedt";"3-410-01";"Kiesschacht in Kroppenstedt";"Börde";"unmapped";"";"";"";"0";"Noch keine belastbare Kartenposition vorhanden."
"3-421-01-forellenteich-mahlwinkel";"3-421-01";"Forellenteich Mahlwinkel";"Börde";"unmapped";"";"";"";"0";"Noch keine belastbare Kartenposition vorhanden."
"3-430-01-dorfteiche-in-ampfurth";"3-430-01";"Dorfteiche in Ampfurth";"Börde";"unmapped";"";"";"";"0";"Noch keine belastbare Kartenposition vorhanden."
"3-430-02-priesterteich-in-eggenstedt";"3-430-02";"Priesterteich in Eggenstedt";"Börde";"unmapped";"";"";"";"0";"Noch keine belastbare Kartenposition vorhanden."
"3-430-03-muhlenteich-in-schermcke";"3-430-03";"Mühlenteich in Schermcke";"Börde";"unmapped";"";"";"";"0";"Noch keine belastbare Kartenposition vorhanden."
"3-430-04-bauernteich-in-schermke";"3-430-04";"Bauernteich in Schermke";"Börde";"unmapped";"";"";"";"0";"Noch keine belastbare Kartenposition vorhanden."
"3-430-07-gewasser-bei-kleinwanzleben";"3-430-07";"Gewässer bei Kleinwanzleben";"Börde";"unmapped";"";"";"";"0";"Noch keine belastbare Kartenposition vorhanden."
"3-430-08-bode-von-einmundung-des-muhl";"3-430-08";"Bode von Einmündung des Mühl-";"Börde";"unmapped";"";"";"";"0";"Noch keine belastbare Kartenposition vorhanden."
"3-430-09-fabrikenteich-in-seehausen";"3-430-09";"Fabrikenteich in Seehausen";"Börde";"unmapped";"";"";"";"0";"Noch keine belastbare Kartenposition vorhanden."
"3-430-13-uber-der-olbe-baggergelande";"3-430-13";"Über der Olbe-Baggergelände";"Börde";"unmapped";"";"";"";"0";"Noch keine belastbare Kartenposition vorhanden."
"3-430-14-seehauser-seewiesen";"3-430-14";"Seehäuser Seewiesen";"Börde";"unmapped";"";"";"";"0";"Noch keine belastbare Kartenposition vorhanden."
"3-430-15-dorfteich-ovelgunne";"3-430-15";"Dorfteich Ovelgünne";"Börde";"unmapped";"";"";"";"0";"Noch keine belastbare Kartenposition vorhanden."
"3-430-16-runder-teich-in-siegersleben";"3-430-16";"Runder Teich in Siegersleben";"Börde";"unmapped";"";"";"";"0";"Noch keine belastbare Kartenposition vorhanden."
"3-430-17-parkteich-meyendorf";"3-430-17";"Parkteich Meyendorf";"Börde";"unmapped";"";"";"";"0";"Noch keine belastbare Kartenposition vorhanden."
"3-430-18-das-grundlos-bei-heynburg";"3-430-18";"Das Grundlos bei Heynburg";"Börde";"unmapped";"";"";"";"0";"Noch keine belastbare Kartenposition vorhanden."
"3-430-20-beregnungsspeicherbecken";"3-430-20";"Beregnungsspeicherbecken";"Börde";"unmapped";"";"";"";"0";"Noch keine belastbare Kartenposition vorhanden."
"3-430-21-teich-im-park-peseckendorf";"3-430-21";"Teich im Park Peseckendorf";"Börde";"unmapped";"";"";"";"0";"Noch keine belastbare Kartenposition vorhanden."
"3-430-22-umkehr-bei-wanzleben";"3-430-22";"Umkehr bei Wanzleben";"Börde";"unmapped";"";"";"";"0";"Noch keine belastbare Kartenposition vorhanden."
"3-430-23-teich-in-hemsdorf";"3-430-23";"Teich in Hemsdorf";"Börde";"unmapped";"";"";"";"0";"Noch keine belastbare Kartenposition vorhanden."
"3-430-24-altes-bad-in-hotensleben";"3-430-24";"Altes Bad in Hötensleben";"Börde";"unmapped";"";"";"";"0";"Noch keine belastbare Kartenposition vorhanden."
"3-430-25-dorfteich-stemmern";"3-430-25";"Dorfteich Stemmern";"Börde";"unmapped";"";"";"";"0";"Noch keine belastbare Kartenposition vorhanden."
"3-430-26-rahl-hotensleben";"3-430-26";"Rahl Hötensleben";"Börde";"unmapped";"";"";"";"0";"Noch keine belastbare Kartenposition vorhanden."
"3-431-01-tonkuhle-bei-altenweddingen";"3-431-01";"Tonkuhle bei Altenweddingen";"Börde";"unmapped";"";"";"";"0";"Noch keine belastbare Kartenposition vorhanden."
"3-432-01-karpfenteich-krottorf";"3-432-01";"Karpfenteich Krottorf";"Börde";"unmapped";"";"";"";"0";"Noch keine belastbare Kartenposition vorhanden."
"3-470-01-ententeich-barleben";"3-470-01";"Ententeich Barleben";"Börde";"unmapped";"";"";"";"0";"Noch keine belastbare Kartenposition vorhanden."
"3-470-02-moortalsee-bei-zielitz-farsleben";"3-470-02";"Moortalsee bei Zielitz/Farsleben";"Börde";"unmapped";"";"";"";"0";"Noch keine belastbare Kartenposition vorhanden."
"3-470-03-alte-kiesgrube-rabe";"3-470-03";"Alte Kiesgrube (Rabe)";"Börde";"unmapped";"";"";"";"0";"Noch keine belastbare Kartenposition vorhanden."
"3-470-05-jersleber-see";"3-470-05";"Jersleber See";"Börde";"unmapped";"";"";"";"0";"Noch keine belastbare Kartenposition vorhanden."
"3-470-06-mittellandkanal-bereich-wolmirstedt";"3-470-06";"Mittellandkanal Bereich Wolmirstedt";"Börde";"unmapped";"";"";"";"0";"Noch keine belastbare Kartenposition vorhanden."
"3-470-09-zielitzer-see";"3-470-09";"Zielitzer See";"Börde";"unmapped";"";"";"";"0";"Noch keine belastbare Kartenposition vorhanden."
"3-470-10-kiesloch-heinrichsberg-mittelheger";"3-470-10";"Kiesloch Heinrichsberg/Mittelheger";"Börde";"unmapped";"";"";"";"0";"Noch keine belastbare Kartenposition vorhanden."
"3-470-11-groer-kiesbagger-bei-wolmirstedt";"3-470-11";"Großer Kiesbagger bei Wolmirstedt";"Börde";"unmapped";"";"";"";"0";"Noch keine belastbare Kartenposition vorhanden."
"3-470-12-dobberitz-bei-glindenberg";"3-470-12";"Döbberitz bei Glindenberg";"Börde";"unmapped";"";"";"";"0";"Noch keine belastbare Kartenposition vorhanden."
"3-470-13-steinkolk-bei-glindenberg";"3-470-13";"Steinkolk bei Glindenberg";"Börde";"unmapped";"";"";"";"0";"Noch keine belastbare Kartenposition vorhanden."
"3-470-14-specklacke-bei-glindenberg";"3-470-14";"Specklacke bei Glindenberg";"Börde";"unmapped";"";"";"";"0";"Noch keine belastbare Kartenposition vorhanden."
"3-470-15-baggerloch-meseberg";"3-470-15";"Baggerloch Meseberg";"Börde";"unmapped";"";"";"";"0";"Noch keine belastbare Kartenposition vorhanden."
"3-470-17-ohre-von-vahldorfer-brucke-bis";"3-470-17";"Ohre von Vahldorfer Brücke bis";"Börde";"unmapped";"";"";"";"0";"Noch keine belastbare Kartenposition vorhanden."
"3-470-18-braunschweiger-loch-kiesgrube";"3-470-18";"Braunschweiger Loch (Kiesgrube)";"Börde";"unmapped";"";"";"";"0";"Noch keine belastbare Kartenposition vorhanden."
"3-470-19-klane-bei-glindenberg";"3-470-19";"Kläne bei Glindenberg";"Börde";"unmapped";"";"";"";"0";"Noch keine belastbare Kartenposition vorhanden."
"3-470-20-daukuhle-bei-samswegen";"3-470-20";"Daukuhle bei Samswegen";"Börde";"unmapped";"";"";"";"0";"Noch keine belastbare Kartenposition vorhanden."
"3-470-21-steinbruch-dahlenwarsleben";"3-470-21";"Steinbruch Dahlenwarsleben";"Börde";"unmapped";"";"";"";"0";"Noch keine belastbare Kartenposition vorhanden."
"3-470-22-steinbruch-wellen";"3-470-22";"Steinbruch Wellen";"Börde";"unmapped";"";"";"";"0";"Noch keine belastbare Kartenposition vorhanden."
"3-470-23-see-im-technologiepark-ostfalen";"3-470-23";"See im Technologiepark Ostfalen";"Börde";"unmapped";"";"";"";"0";"Noch keine belastbare Kartenposition vorhanden."
"3-470-26-ohre-von-wolmirstedt-bis-elbmundung";"3-470-26";"Ohre von Wolmirstedt bis Elbmündung";"Börde";"unmapped";"";"";"";"0";"Noch keine belastbare Kartenposition vorhanden."
"3-470-27-mittellandkanal-km-320-10-321-10";"3-470-27";"Mittellandkanal km 320, 10 – 321, 10";"Börde";"unmapped";"";"";"";"0";"Noch keine belastbare Kartenposition vorhanden."
"3-470-28-regenruckhaltebecken-meitzendorf";"3-470-28";"Regenrückhaltebecken Meitzendorf";"Börde";"unmapped";"";"";"";"0";"Noch keine belastbare Kartenposition vorhanden."
"3-471-01-1-kiesgrube-an-der-zufahrt-zum";"3-471-01";"1. Kiesgrube an der Zufahrt zum";"Börde";"unmapped";"";"";"";"0";"Noch keine belastbare Kartenposition vorhanden."
"3-471-02-2-kiesgrube-an-der-zufahrt-zum";"3-471-02";"2. Kiesgrube an der Zufahrt zum";"Börde";"unmapped";"";"";"";"0";"Noch keine belastbare Kartenposition vorhanden."
"3-471-03-unterholz-und-haken-bei-rogatz";"3-471-03";"Unterholz und Haken bei Rogätz";"Börde";"unmapped";"";"";"";"0";"Noch keine belastbare Kartenposition vorhanden."
"3-472-01-pfennigsee-bei-farsleben";"3-472-01";"Pfennigsee bei Farsleben";"Börde";"unmapped";"";"";"";"0";"Noch keine belastbare Kartenposition vorhanden."
"3-472-02-kleiner-kiesbagger-bei-wolmirstedt";"3-472-02";"Kleiner Kiesbagger bei Wolmirstedt";"Börde";"unmapped";"";"";"";"0";"Noch keine belastbare Kartenposition vorhanden."
"3-472-03-kuchenhorn-bei-wolmirstedt";"3-472-03";"Küchenhorn bei Wolmirstedt";"Börde";"unmapped";"";"";"";"0";"Noch keine belastbare Kartenposition vorhanden."
"3-472-04-zollau-bei-glindenberg";"3-472-04";"Zollau bei Glindenberg";"Börde";"unmapped";"";"";"";"0";"Noch keine belastbare Kartenposition vorhanden."
"3-472-05-ohre-stadgebiet-wolmirstedt";"3-472-05";"Ohre Stadgebiet Wolmirstedt";"Börde";"unmapped";"";"";"";"0";"Noch keine belastbare Kartenposition vorhanden."
"3-472-07-dorfteich-hohenwarsleben";"3-472-07";"Dorfteich Hohenwarsleben";"Börde";"unmapped";"";"";"";"0";"Noch keine belastbare Kartenposition vorhanden."
"3-472-08-nordliches-entlastungsgerinne";"3-472-08";"Nördliches Entlastungsgerinne";"Börde";"unmapped";"";"";"";"0";"Noch keine belastbare Kartenposition vorhanden."
"3-472-09-biotop-am-anger";"3-472-09";"Biotop am Anger";"Börde";"unmapped";"";"";"";"0";"Noch keine belastbare Kartenposition vorhanden."
"3-472-10-an-der-tranke-ochtmersleben";"3-472-10";"An der Tränke Ochtmersleben";"Börde";"unmapped";"";"";"";"0";"Noch keine belastbare Kartenposition vorhanden."
"4-130-01-alte-elbe-lostau";"4-130-01";"Alte Elbe Lostau";"Jerichower Land";"unmapped";"";"";"";"0";"Noch keine belastbare Kartenposition vorhanden."
"4-130-02-ihle-von-brucke-bab-2-bis-mundung";"4-130-02";"Ihle von Brücke BAB 2 bis Mündung";"Jerichower Land";"unmapped";"";"";"";"0";"Noch keine belastbare Kartenposition vorhanden."
"4-130-04-niegripper-see";"4-130-04";"Niegripper See";"Jerichower Land";"unmapped";"";"";"";"0";"Noch keine belastbare Kartenposition vorhanden."
"4-130-05-steinbruch-heinrichsthal";"4-130-05";"Steinbruch Heinrichsthal";"Jerichower Land";"unmapped";"";"";"";"0";"Noch keine belastbare Kartenposition vorhanden."
"4-130-06-steinbruch-fuchsberg-gommern";"4-130-06";"Steinbruch Fuchsberg Gommern";"Jerichower Land";"unmapped";"";"";"";"0";"Noch keine belastbare Kartenposition vorhanden."
"4-130-07-badeteich-schermen";"4-130-07";"Badeteich Schermen";"Jerichower Land";"unmapped";"";"";"";"0";"Noch keine belastbare Kartenposition vorhanden."
"4-130-08-fenn-in-moser";"4-130-08";"Fenn in Möser";"Jerichower Land";"unmapped";"";"";"";"0";"Noch keine belastbare Kartenposition vorhanden."
"4-130-09-tongrube-moserhohe";"4-130-09";"Tongrube Möserhöhe";"Jerichower Land";"unmapped";"";"";"";"0";"Noch keine belastbare Kartenposition vorhanden."
"4-130-10-teiche-bei-nedlitz";"4-130-10";"Teiche bei Nedlitz";"Jerichower Land";"unmapped";"";"";"";"0";"Noch keine belastbare Kartenposition vorhanden."
"4-130-11-groe-wehle-bei-niegripp";"4-130-11";"Große Wehle bei Niegripp";"Jerichower Land";"unmapped";"";"";"";"0";"Noch keine belastbare Kartenposition vorhanden."
"4-130-12-schweinekolk-bei-niegripp";"4-130-12";"Schweinekolk bei Niegripp";"Jerichower Land";"unmapped";"";"";"";"0";"Noch keine belastbare Kartenposition vorhanden."
"4-130-13-moorslake-bei-schartau";"4-130-13";"Moorslake bei Schartau";"Jerichower Land";"unmapped";"";"";"";"0";"Noch keine belastbare Kartenposition vorhanden."
"4-130-14-katzenkolk-bei-schartau";"4-130-14";"Katzenkolk bei Schartau";"Jerichower Land";"unmapped";"";"";"";"0";"Noch keine belastbare Kartenposition vorhanden."
"4-130-15-elbe-havel-kanal-km-326-67-km-344";"4-130-15";"Elbe-Havel-Kanal km 326, 67- km 344";"Jerichower Land";"unmapped";"";"";"";"0";"Noch keine belastbare Kartenposition vorhanden."
"4-130-17-dedens-gewasser-bei-lostau";"4-130-17";"Dedens-Gewässer bei Lostau";"Jerichower Land";"unmapped";"";"";"";"0";"Noch keine belastbare Kartenposition vorhanden."
"4-130-18-elbe-km-334-350-beidseitig";"4-130-18";"Elbe km 334-350 beidseitig";"Jerichower Land";"unmapped";"";"";"";"0";"Noch keine belastbare Kartenposition vorhanden."
"4-130-19-ehle-von-vehlitz-bis-mundung";"4-130-19";"Ehle von Vehlitz bis Mündung";"Jerichower Land";"unmapped";"";"";"";"0";"Noch keine belastbare Kartenposition vorhanden."
"4-130-20-ehle-vom-ablauf-der-fischteiche";"4-130-20";"Ehle vom Ablauf der Fischteiche";"Jerichower Land";"unmapped";"";"";"";"0";"Noch keine belastbare Kartenposition vorhanden."
"4-130-21-feldschlochenkolk-in-burg";"4-130-21";"Feldschlößchenkolk in Burg";"Jerichower Land";"unmapped";"";"";"";"0";"Noch keine belastbare Kartenposition vorhanden."
"4-130-22-schlogewasser-ehleteich-in-mockern";"4-130-22";"Schloßgewässer Ehleteich in Möckern";"Jerichower Land";"unmapped";"";"";"";"0";"Noch keine belastbare Kartenposition vorhanden."
"4-130-23-gerwischer-baggersee-ii-teilflache";"4-130-23";"Gerwischer Baggersee II (Teilfläche)";"Jerichower Land";"unmapped";"";"";"";"0";"Noch keine belastbare Kartenposition vorhanden."
"4-130-24-niegripper-verbindungskanal";"4-130-24";"Niegripper Verbindungskanal";"Jerichower Land";"unmapped";"";"";"";"0";"Noch keine belastbare Kartenposition vorhanden."
"4-130-27-dunker-see-burg";"4-130-27";"Dunker-See Burg";"Jerichower Land";"unmapped";"";"";"";"0";"Noch keine belastbare Kartenposition vorhanden."
"4-130-28-gerwischer-baggersee-i";"4-130-28";"Gerwischer Baggersee I";"Jerichower Land";"unmapped";"";"";"";"0";"Noch keine belastbare Kartenposition vorhanden."
"4-130-29-altes-baggerloch-lostau";"4-130-29";"Altes Baggerloch Lostau";"Jerichower Land";"unmapped";"";"";"";"0";"Noch keine belastbare Kartenposition vorhanden."
"4-130-30-kathe-kolk-menz";"4-130-30";"Käthe-Kolk Menz";"Jerichower Land";"unmapped";"";"";"";"0";"Noch keine belastbare Kartenposition vorhanden."
"4-130-31-alte-elbe-bei-niegripp";"4-130-31";"Alte Elbe bei Niegripp";"Jerichower Land";"review";"two-source-v6.2-review";"52.2647286";"11.759136";"0";"Kandidat vorhanden, aber bewusst nicht als kartiert veröffentlicht."
"4-130-32-niegripper-altkanal-teilflache";"4-130-32";"Niegripper Altkanal (Teilfläche)";"Jerichower Land";"review";"two-source-v6.2-review";"52.2708037";"11.7811774";"0";"Kandidat vorhanden, aber bewusst nicht als kartiert veröffentlicht."
"4-130-33-gr-gehrenscher-see";"4-130-33";"Gr. Gehrenscher See";"Jerichower Land";"unmapped";"";"";"";"0";"Noch keine belastbare Kartenposition vorhanden."
"4-130-34-flickschuhteich-burg";"4-130-34";"Flickschuhteich Burg";"Jerichower Land";"review";"two-source-v6.2-review";"52.2711281";"11.8607563";"0.916";"Kandidat vorhanden, aber bewusst nicht als kartiert veröffentlicht."
"4-130-36-mittellandkanal-km-322-82-km-324-46-a-bl-k-pl-z-5-31-nordufer";"4-130-36";"Mittellandkanal km 322,82 - km 324,46 A, Bl, K, Pl, Z 5,31 Nordufer";"Jerichower Land";"review";"two-source-v6.2-review";"52.229182";"11.6359148";"0";"Kandidat vorhanden, aber bewusst nicht als kartiert veröffentlicht."
"4-170-04-muhlengraben-bei-mutzel";"4-170-04";"Mühlengraben bei Mützel";"Jerichower Land";"review";"two-source-v6.2-review";"52.3791035";"12.1753116";"0";"Kandidat vorhanden, aber bewusst nicht als kartiert veröffentlicht."
"4-170-06-kiesgrube-brettiner-chaussee-ein";"4-170-06";"Kiesgrube Brettiner Chaussee Ein-";"Jerichower Land";"review";"two-source-v6.2-review";"52.1700956";"11.6109462";"0.905";"Kandidat vorhanden, aber bewusst nicht als kartiert veröffentlicht."
"4-170-08-altenplatower-altkanal";"4-170-08";"Altenplatower-Altkanal";"Jerichower Land";"unmapped";"";"";"";"0";"Noch keine belastbare Kartenposition vorhanden."
"4-170-10-kiesgrube-zabakuck";"4-170-10";"Kiesgrube Zabakuck";"Jerichower Land";"review";"two-source-v6.2-review";"52.4565408";"12.2126043";"0";"Kandidat vorhanden, aber bewusst nicht als kartiert veröffentlicht."
"4-170-11-tucheim-parchener-bach-vom-ringels";"4-170-11";"Tucheim-Parchener-Bach vom Ringels-";"Jerichower Land";"unmapped";"";"";"";"0";"Noch keine belastbare Kartenposition vorhanden."
"4-170-12-torschiffahrtskanal-vom-wehr-mutzel-bis-a-b-bl-h-pl-qu-3-00-zur-mundung-in-den-fiener-haupvorfluter";"4-170-12";"Torschiffahrtskanal vom Wehr Mützel bis A, B, Bl, H, Pl, Qu 3,00 zur Mündung in den Fiener Haupvorfluter";"Jerichower Land";"unmapped";"";"";"";"0";"Noch keine belastbare Kartenposition vorhanden."
"4-170-13-fiener-hauptvorfluter-vom-wehr";"4-170-13";"Fiener Hauptvorfluter vom Wehr";"Jerichower Land";"review";"two-source-v6.2-review";"52.3884409";"11.9684783";"0.833";"Kandidat vorhanden, aber bewusst nicht als kartiert veröffentlicht."
"4-170-14-hauptstremme-vom-rodorfer-altkanal-a-b-bl-h-pl-s-8-00-bis-zur-einmundung-des-galmer-grabens";"4-170-14";"Hauptstremme vom Roßdorfer Altkanal A, B, Bl, H, Pl, S 8,00 bis zur Einmündung des Galmer Grabens";"Jerichower Land";"review";"two-source-v6.2-review";"51.7907159";"11.1441674";"0";"Kandidat vorhanden, aber bewusst nicht als kartiert veröffentlicht."
"4-170-15-schlagenthiner-stremme-vom-rodorfer-a-b-bl-h-pl-s-7-00-altkanal-bis-zur-hauptstremme";"4-170-15";"Schlagenthiner Stremme vom Roßdorfer A, B, Bl, H, Pl, S 7,00 Altkanal bis zur Hauptstremme";"Jerichower Land";"review";"two-source-v6.2-review";"52.4822552";"12.2398619";"0.835";"Kandidat vorhanden, aber bewusst nicht als kartiert veröffentlicht."
"4-170-16-elbe-havel-kanal-von-km-360-bis-364-5-a-b-bl-h-k-71-92-brucke-b1-ortsausgang-genthin-und";"4-170-16";"Elbe-Havel-Kanal von km 360 bis 364, 5 A, B, Bl, H, K, 71,92 (Brücke B1 Ortsausgang Genthin) und";"Jerichower Land";"review";"two-source-v6.2-review";"52.4087394";"12.139385";"0.904";"Kandidat vorhanden, aber bewusst nicht als kartiert veröffentlicht."
"4-170-17-2-teiche-im-parchener-park";"4-170-17";"2 Teiche im Parchener Park";"Jerichower Land";"review";"two-source-v6.2-review";"52.4096458";"12.1525042";"0.881";"Kandidat vorhanden, aber bewusst nicht als kartiert veröffentlicht."
"4-171-01-kiesgrube-netzband-bei-derben";"4-171-01";"Kiesgrube Netzband bei Derben";"Jerichower Land";"review";"two-source-v6.2-review";"52.415185";"11.9973777";"0";"Kandidat vorhanden, aber bewusst nicht als kartiert veröffentlicht."
"4-171-03-muhlenlanke-herrenseegraben-bei-parey-a-b-bl-gu-h-pl-ro-1-00";"4-171-03";"Mühlenlanke-Herrenseegraben bei Parey A, B, Bl, Gü, H, Pl, Ro 1,00";"Jerichower Land";"review";"two-source-v6.2-review";"52.3559245";"11.9731117";"0";"Kandidat vorhanden, aber bewusst nicht als kartiert veröffentlicht."
"4-171-04-kiesgrube-an-der-mts-in-parey";"4-171-04";"Kiesgrube an der MTS in Parey";"Jerichower Land";"review";"two-source-v6.2-review";"52.3773864";"11.9850074";"0.898";"Kandidat vorhanden, aber bewusst nicht als kartiert veröffentlicht."
"4-171-05-alte-elbe-mit-tunnel-und";"4-171-05";"Alte Elbe mit Tunnel und";"Jerichower Land";"unmapped";"";"";"";"0";"Noch keine belastbare Kartenposition vorhanden."
"4-171-08-feuerloschteich-bei-ferchland";"4-171-08";"Feuerlöschteich bei Ferchland";"Jerichower Land";"review";"two-source-v6.2-review";"52.4399108";"12.0023015";"0";"Kandidat vorhanden, aber bewusst nicht als kartiert veröffentlicht."
"4-171-12-baggerelbe-bei-derben";"4-171-12";"Baggerelbe bei Derben";"Jerichower Land";"review";"two-source-v6.2-review";"52.415185";"11.9973777";"0";"Kandidat vorhanden, aber bewusst nicht als kartiert veröffentlicht."
"4-171-14-stromelbe-von-km-372-4";"4-171-14";"Stromelbe von km 372,4";"Jerichower Land";"review";"two-source-v6.2-review";"51.74643";"11.0094452";"0.883";"Kandidat vorhanden, aber bewusst nicht als kartiert veröffentlicht."
"4-171-15-pareyer-verbindungskanal";"4-171-15";"Pareyer Verbindungskanal";"Jerichower Land";"review";"two-source-v6.2-review";"52.2494558";"11.7394997";"0";"Kandidat vorhanden, aber bewusst nicht als kartiert veröffentlicht."
"4-171-16-zerbener-altarm-am";"4-171-16";"Zerbener Altarm am";"Jerichower Land";"review";"two-source-v6.2-review";"51.7589429";"13.0912271";"0.906";"Kandidat vorhanden, aber bewusst nicht als kartiert veröffentlicht."
"4-171-18-waldmuhlenlanke-bei-parey";"4-171-18";"Waldmühlenlanke bei Parey";"Jerichower Land";"review";"two-source-v6.2-review";"52.3773864";"11.9850074";"0.898";"Kandidat vorhanden, aber bewusst nicht als kartiert veröffentlicht."
"4-171-19-pappelloch-bei-parey";"4-171-19";"Pappelloch bei Parey";"Jerichower Land";"review";"two-source-v6.2-review";"52.3773864";"11.9850074";"0.898";"Kandidat vorhanden, aber bewusst nicht als kartiert veröffentlicht."
"4-171-20-wolfsloch-1-und-2-bei-parey";"4-171-20";"Wolfsloch 1 und 2 bei Parey";"Jerichower Land";"review";"two-source-v6.2-review";"52.3773864";"11.9850074";"0.898";"Kandidat vorhanden, aber bewusst nicht als kartiert veröffentlicht."
"4-171-21-erdegraben-bei-parey";"4-171-21";"Erdegraben bei Parey";"Jerichower Land";"review";"two-source-v6.2-review";"52.3818511";"11.9911974";"0.87";"Kandidat vorhanden, aber bewusst nicht als kartiert veröffentlicht."
"4-171-22-hemslake-bei-parey";"4-171-22";"Hemslake bei Parey";"Jerichower Land";"review";"two-source-v6.2-review";"52.3773864";"11.9850074";"0.898";"Kandidat vorhanden, aber bewusst nicht als kartiert veröffentlicht."
"4-171-23-badingslanke-bei-zerben";"4-171-23";"Badingslanke bei Zerben";"Jerichower Land";"review";"two-source-v6.2-review";"52.3572092";"11.9515286";"0";"Kandidat vorhanden, aber bewusst nicht als kartiert veröffentlicht."
"4-171-25-groes-wasserloch-parey-kuhn-s-loch";"4-171-25";"Großes Wasserloch Parey (Kühn´s Loch)";"Jerichower Land";"review";"two-source-v6.2-review";"52.3894247";"11.984425";"0.945";"Kandidat vorhanden, aber bewusst nicht als kartiert veröffentlicht."
"4-171-27-herrensee-parey";"4-171-27";"Herrensee Parey";"Jerichower Land";"review";"two-source-v6.2-review";"52.3773864";"11.9850074";"0.898";"Kandidat vorhanden, aber bewusst nicht als kartiert veröffentlicht."
"4-172-01-elbe-havel-kanal-von-km-364-5";"4-172-01";"Elbe-Havel-Kanal von km 364,5";"Jerichower Land";"review";"two-source-v6.2-review";"53.6879895";"9.1814549";"0.848";"Kandidat vorhanden, aber bewusst nicht als kartiert veröffentlicht."
"4-172-03-rodorfer-altkanal-von";"4-172-03";"Roßdorfer Altkanal von";"Jerichower Land";"review";"two-source-v6.2-review";"51.1982592";"11.8646502";"0";"Kandidat vorhanden, aber bewusst nicht als kartiert veröffentlicht."
"4-173-01-bergzower-altkanal-vom-abzweig";"4-173-01";"Bergzower Altkanal vom Abzweig";"Jerichower Land";"unmapped";"";"";"";"0";"Noch keine belastbare Kartenposition vorhanden."
"4-173-02-elbe-havel-kanal-von-km-353-km-360";"4-173-02";"Elbe-Havel-Kanal von km 353 - km 360";"Jerichower Land";"review";"two-source-v6.2-review";"52.4967467";"12.0194681";"0.785";"Kandidat vorhanden, aber bewusst nicht als kartiert veröffentlicht."
"4-280-01-umflutehle-von-einmundung-der";"4-280-01";"Umflutehle von Einmündung der";"Jerichower Land";"unmapped";"";"";"";"0";"Noch keine belastbare Kartenposition vorhanden."
"4-490-02-ziegeleiteich-1-und-2-bei-leitzkau";"4-490-02";"Ziegeleiteich 1 und 2 bei Leitzkau";"Jerichower Land";"review";"two-source-v6.2-review";"52.0577577";"11.9529066";"0";"Kandidat vorhanden, aber bewusst nicht als kartiert veröffentlicht."
"4-490-03-schloteich-und-2-nebenteiche-in";"4-490-03";"Schloßteich und 2 Nebenteiche in";"Jerichower Land";"review";"two-source-v6.2-review";"52.2638312";"11.8326902";"0.885";"Kandidat vorhanden, aber bewusst nicht als kartiert veröffentlicht."
"4-490-04-dornburger-see";"4-490-04";"Dornburger See";"Jerichower Land";"unmapped";"";"";"";"0";"Noch keine belastbare Kartenposition vorhanden."
"4-491-01-prodeler-see-2-teiche";"4-491-01";"Prödeler See - 2 Teiche";"Jerichower Land";"review";"two-source-v6.2-review";"51.6830703";"12.7977173";"0";"Kandidat vorhanden, aber bewusst nicht als kartiert veröffentlicht."
"4-491-02-griebensee-bei-prodel";"4-491-02";"Griebensee bei Prödel";"Jerichower Land";"review";"two-source-v6.2-review";"52.0381599";"11.9134129";"0.885";"Kandidat vorhanden, aber bewusst nicht als kartiert veröffentlicht."
"4-491-03-lubser-see";"4-491-03";"Lübser See";"Jerichower Land";"review";"two-source-v6.2-review";"52.0140998";"11.9070038";"0";"Kandidat vorhanden, aber bewusst nicht als kartiert veröffentlicht."
"4-492-01-pappelteich-bei-hobeck";"4-492-01";"Pappelteich bei Hobeck";"Jerichower Land";"review";"two-source-v6.2-review";"51.7289869";"11.3144553";"0";"Kandidat vorhanden, aber bewusst nicht als kartiert veröffentlicht."
"4-492-02-groer-teich-bei-dalchau";"4-492-02";"Großer Teich bei Dalchau";"Jerichower Land";"review";"two-source-v6.2-review";"52.1119623";"11.9883956";"0";"Kandidat vorhanden, aber bewusst nicht als kartiert veröffentlicht."
"4-492-03-kleiner-teich-bei-dalchau";"4-492-03";"Kleiner Teich bei Dalchau";"Jerichower Land";"review";"two-source-v6.2-review";"52.1124461";"11.9896018";"0.924";"Kandidat vorhanden, aber bewusst nicht als kartiert veröffentlicht."
"4-492-04-teich-in-gobel";"4-492-04";"Teich in Göbel";"Jerichower Land";"review";"two-source-v6.2-review";"52.0753173";"12.0140574";"0.918";"Kandidat vorhanden, aber bewusst nicht als kartiert veröffentlicht."
"4-492-05-kiesgrube-loburg";"4-492-05";"Kiesgrube Loburg";"Jerichower Land";"review";"two-source-v6.2-review";"52.1140753";"12.0770309";"0";"Kandidat vorhanden, aber bewusst nicht als kartiert veröffentlicht."
"5-100-02-ellernteich-in-reinstedt";"5-100-02";"Ellernteich in Reinstedt";"Harz";"review";"two-source-v6.2-review";"51.7601839";"11.354988";"0";"Kandidat vorhanden, aber bewusst nicht als kartiert veröffentlicht."
"5-101-01-kiesgrube-zwischen-aschersleben";"5-101-01";"Kiesgrube zwischen Aschersleben";"Harz";"review";"two-source-v6.2-review";"51.8200904";"11.1442594";"0.732";"Kandidat vorhanden, aber bewusst nicht als kartiert veröffentlicht."
"5-101-02-pappelteich-ermsleben";"5-101-02";"Pappelteich Ermsleben";"Harz";"review";"two-source-v6.2-review";"51.7289869";"11.3144553";"0";"Kandidat vorhanden, aber bewusst nicht als kartiert veröffentlicht."
"5-101-03-burgteich-ermsleben";"5-101-03";"Burgteich Ermsleben";"Harz";"review";"two-source-v6.2-review";"51.7128953";"11.3473054";"0";"Kandidat vorhanden, aber bewusst nicht als kartiert veröffentlicht."
"5-190-01-krummer-teich-bei-dingelstedt";"5-190-01";"Krummer Teich bei Dingelstedt";"Harz";"review";"two-source-v6.2-review";"51.9739839";"10.9796613";"0.901";"Kandidat vorhanden, aber bewusst nicht als kartiert veröffentlicht."
"5-190-02-parkteich-mahndorf";"5-190-02";"Parkteich Mahndorf";"Harz";"review";"two-source-v6.2-review";"51.886575";"10.9630522";"0";"Kandidat vorhanden, aber bewusst nicht als kartiert veröffentlicht."
"5-190-03-bode-vom-einlauf-des-goldbaches";"5-190-03";"Bode vom Einlauf des Goldbaches";"Harz";"unmapped";"";"";"";"0";"Noch keine belastbare Kartenposition vorhanden."
"5-190-04-halberstadter-see-1-badesee";"5-190-04";"Halberstädter See 1 (Badesee)";"Harz";"review";"two-source-v6.2-review";"52.4636261";"11.9772853";"0";"Kandidat vorhanden, aber bewusst nicht als kartiert veröffentlicht."
"5-190-06-groer-graben-vom-zusammenfluss";"5-190-06";"Großer Graben vom Zusammenfluss";"Harz";"unmapped";"";"";"";"0";"Noch keine belastbare Kartenposition vorhanden."
"5-190-08-halberstadter-see-ii";"5-190-08";"Halberstädter See II";"Harz";"review";"two-source-v6.2-review";"51.6575633";"11.1495517";"0.769";"Kandidat vorhanden, aber bewusst nicht als kartiert veröffentlicht."
"5-191-02-muhlenteich-deersheim";"5-191-02";"Mühlenteich Deersheim";"Harz";"review";"two-source-v6.2-review";"51.9832607";"10.7811314";"0";"Kandidat vorhanden, aber bewusst nicht als kartiert veröffentlicht."
"5-340-01-erichsburger-teich-bei-friedrichsbrunn";"5-340-01";"Erichsburger Teich bei Friedrichsbrunn";"Harz";"review";"two-source-v6.2-review";"51.6969464";"11.0261575";"0.901";"Kandidat vorhanden, aber bewusst nicht als kartiert veröffentlicht."
"5-340-02-bergrat-muller-teich-bei-gernrode";"5-340-02";"Bergrat-Müller Teich bei Gernrode";"Harz";"review";"two-source-v6.2-review";"51.7255993";"11.1418533";"0.894";"Kandidat vorhanden, aber bewusst nicht als kartiert veröffentlicht."
"5-340-03-neuer-teich-bei-gernrode";"5-340-03";"Neuer Teich bei Gernrode";"Harz";"review";"two-source-v6.2-review";"51.7255993";"11.1418533";"0.894";"Kandidat vorhanden, aber bewusst nicht als kartiert veröffentlicht."
"5-340-06-hauptseegraben-von-kreisgrenze";"5-340-06";"Hauptseegraben von Kreisgrenze";"Harz";"review";"two-source-v6.2-review";"51.686505";"11.2910271";"0.793";"Kandidat vorhanden, aber bewusst nicht als kartiert veröffentlicht."
"5-340-09-bode-vom-einlauf-des-quarmbaches";"5-340-09";"Bode vom Einlauf des Quarmbaches";"Harz";"unmapped";"";"";"";"0";"Noch keine belastbare Kartenposition vorhanden."
"5-340-12-gondelteich-in-friedrichsbrunn";"5-340-12";"Gondelteich in Friedrichsbrunn";"Harz";"review";"two-source-v6.2-review";"51.6969464";"11.0261575";"0.901";"Kandidat vorhanden, aber bewusst nicht als kartiert veröffentlicht."
"5-340-13-selke-von-kreisgrenze";"5-340-13";"Selke von Kreisgrenze";"Harz";"review";"two-source-v6.2-review";"52.0409719";"11.2349334";"0.843";"Kandidat vorhanden, aber bewusst nicht als kartiert veröffentlicht."
"5-340-16-flottenteich-weddersleben";"5-340-16";"Flottenteich Weddersleben";"Harz";"review";"two-source-v6.2-review";"51.7741237";"11.0705289";"0.851";"Kandidat vorhanden, aber bewusst nicht als kartiert veröffentlicht."
"5-340-17-kiessandtagebau-ditfurt-i";"5-340-17";"Kiessandtagebau Ditfurt I";"Harz";"review";"two-source-v6.2-review";"51.8332122";"11.1985489";"0";"Kandidat vorhanden, aber bewusst nicht als kartiert veröffentlicht."
"5-340-18-kiessandtagebau-ditfurt-ii";"5-340-18";"Kiessandtagebau Ditfurt II";"Harz";"review";"two-source-v6.2-review";"51.8371656";"11.2039636";"0.845";"Kandidat vorhanden, aber bewusst nicht als kartiert veröffentlicht."
"5-340-19-petersstichel-thale";"5-340-19";"Petersstichel Thale";"Harz";"review";"two-source-v6.2-review";"51.7554484";"11.0496748";"0.796";"Kandidat vorhanden, aber bewusst nicht als kartiert veröffentlicht."
"5-340-20-muhlgraben-thale-0-25";"5-340-20";"Mühlgraben Thale 0,25";"Harz";"review";"two-source-v6.2-review";"51.4708382";"11.8860993";"0.752";"Kandidat vorhanden, aber bewusst nicht als kartiert veröffentlicht."
"5-450-01-luttgenbornecke-bei-bornecke";"5-450-01";"Lüttgenbörnecke bei Börnecke";"Harz";"review";"two-source-v6.2-review";"51.820885";"11.0300911";"0";"Kandidat vorhanden, aber bewusst nicht als kartiert veröffentlicht."
"5-450-02-groer-schachtteich-bei-wienrode";"5-450-02";"Großer Schachtteich bei Wienrode";"Harz";"review";"two-source-v6.2-review";"51.7636161";"10.9835211";"0.778";"Kandidat vorhanden, aber bewusst nicht als kartiert veröffentlicht."
"5-450-03-brockenstedter-muhle";"5-450-03";"Brockenstedter Mühle";"Harz";"review";"two-source-v6.2-review";"51.8379782";"10.9616178";"0.86";"Kandidat vorhanden, aber bewusst nicht als kartiert veröffentlicht."
"5-450-04-mulmker-parkteiche";"5-450-04";"Mulmker Parkteiche";"Harz";"unmapped";"";"";"";"0";"Noch keine belastbare Kartenposition vorhanden."
"5-450-05-kleiner-schachtteich-bei-wienrode-a-b-h-k-pl-s-z-0-47";"5-450-05";"Kleiner Schachtteich bei Wienrode A, B, H, K, Pl, S, Z 0,47";"Harz";"review";"two-source-v6.2-review";"51.7636161";"10.9835211";"0.778";"Kandidat vorhanden, aber bewusst nicht als kartiert veröffentlicht."
"5-450-06-wiesenteich-bei-wienrode";"5-450-06";"Wiesenteich bei Wienrode";"Harz";"review";"two-source-v6.2-review";"51.7636161";"10.9835211";"0.778";"Kandidat vorhanden, aber bewusst nicht als kartiert veröffentlicht."
"6-100-01-bruchfeldsee-wilslebener-see";"6-100-01";"Bruchfeldsee (Wilslebener See)";"Salzlandkreis";"unmapped";"";"";"";"0";"Noch keine belastbare Kartenposition vorhanden."
"6-100-02-tonkuhle-badetonkuhle-in-aschersleben-a-h-k-pl-ro-s-0-30";"6-100-02";"Tonkuhle (Badetonkuhle) in Aschersleben A, H, K, Pl, Ro, S 0,30";"Salzlandkreis";"review";"two-source-v6.2-review";"51.4794414";"11.8790821";"0";"Kandidat vorhanden, aber bewusst nicht als kartiert veröffentlicht."
"6-100-06-tonkuhle-nahry-aschersleben";"6-100-06";"Tonkuhle Nahry Aschersleben";"Salzlandkreis";"review";"two-source-v6.2-review";"51.7519805";"11.4451652";"0.844";"Kandidat vorhanden, aber bewusst nicht als kartiert veröffentlicht."
"6-100-07-hauptseegraben-von-einmundung";"6-100-07";"Hauptseegraben von Einmündung";"Salzlandkreis";"review";"two-source-v6.2-review";"51.1982592";"11.8646502";"0";"Kandidat vorhanden, aber bewusst nicht als kartiert veröffentlicht."
"6-100-08-heckenteich-in-gatersleben";"6-100-08";"Heckenteich in Gatersleben";"Salzlandkreis";"review";"two-source-v6.2-review";"51.8157237";"11.2912113";"0.928";"Kandidat vorhanden, aber bewusst nicht als kartiert veröffentlicht."
"6-100-10-wipper-von-letzter-brucke-klein";"6-100-10";"Wipper von letzter Brücke Klein";"Salzlandkreis";"review";"two-source-v6.2-review";"51.788608";"11.7123372";"0";"Kandidat vorhanden, aber bewusst nicht als kartiert veröffentlicht."
"6-100-11-gondelteich-aschersleben";"6-100-11";"Gondelteich Aschersleben";"Salzlandkreis";"review";"two-source-v6.2-review";"51.7519805";"11.4451652";"0.844";"Kandidat vorhanden, aber bewusst nicht als kartiert veröffentlicht."
"6-100-12-kiesgrube-an-der-froser-strae";"6-100-12";"Kiesgrube an der Froser Straße";"Salzlandkreis";"review";"two-source-v6.2-review";"51.7519805";"11.4451652";"0.775";"Kandidat vorhanden, aber bewusst nicht als kartiert veröffentlicht."
"6-110-01-flanschenteich-bebitz";"6-110-01";"Flanschenteich Bebitz";"Salzlandkreis";"review";"two-source-v6.2-review";"51.7204392";"11.7566212";"0.898";"Kandidat vorhanden, aber bewusst nicht als kartiert veröffentlicht."
"6-110-02-dammloch-beesenlaublingen";"6-110-02";"Dammloch Beesenlaublingen";"Salzlandkreis";"review";"two-source-v6.2-review";"51.71397";"11.6976714";"0";"Kandidat vorhanden, aber bewusst nicht als kartiert veröffentlicht."
"6-110-03-neues-tonloch-beesenlaublingen";"6-110-03";"Neues Tonloch Beesenlaublingen";"Salzlandkreis";"review";"two-source-v6.2-review";"51.7130818";"11.6964286";"0.919";"Kandidat vorhanden, aber bewusst nicht als kartiert veröffentlicht."
"6-110-04-altes-tonloch-beesenlaublingen";"6-110-04";"Altes Tonloch Beesenlaublingen";"Salzlandkreis";"review";"two-source-v6.2-review";"51.7130818";"11.6964286";"0.919";"Kandidat vorhanden, aber bewusst nicht als kartiert veröffentlicht."
"6-110-05-alter-tagebau-gerlebogk";"6-110-05";"Alter Tagebau Gerlebogk";"Salzlandkreis";"review";"two-source-v6.2-review";"51.7051851";"11.8360517";"0";"Kandidat vorhanden, aber bewusst nicht als kartiert veröffentlicht."
"6-110-06-sportplatzteich-gerlebogk";"6-110-06";"Sportplatzteich Gerlebogk";"Salzlandkreis";"review";"two-source-v6.2-review";"51.7034028";"11.8243895";"0.836";"Kandidat vorhanden, aber bewusst nicht als kartiert veröffentlicht."
"6-110-07-villa-teich-gerlebogk";"6-110-07";"Villa-Teich Gerlebogk";"Salzlandkreis";"review";"two-source-v6.2-review";"51.7034028";"11.8243895";"0.836";"Kandidat vorhanden, aber bewusst nicht als kartiert veröffentlicht."
"6-110-10-tonloch-hanse-leau";"6-110-10";"Tonloch Hanse, Leau";"Salzlandkreis";"review";"two-source-v6.2-review";"51.7328563";"11.7953964";"0.938";"Kandidat vorhanden, aber bewusst nicht als kartiert veröffentlicht."
"6-110-11-mariensee-preulitz";"6-110-11";"Mariensee Preußlitz";"Salzlandkreis";"review";"two-source-v6.2-review";"51.7337659";"11.7992721";"0.89";"Kandidat vorhanden, aber bewusst nicht als kartiert veröffentlicht."
"6-110-12-saalealtarm-zwischen-plotzkau";"6-110-12";"Saalealtarm zwischen Plötzkau";"Salzlandkreis";"review";"two-source-v6.2-review";"51.753923";"11.6866785";"0.76";"Kandidat vorhanden, aber bewusst nicht als kartiert veröffentlicht."
"6-110-13-saalealtarm-aderstedt";"6-110-13";"Saalealtarm Aderstedt";"Salzlandkreis";"review";"two-source-v6.2-review";"52.0322635";"11.0036108";"0";"Kandidat vorhanden, aber bewusst nicht als kartiert veröffentlicht."
"6-110-14-saale-von-kreisgrenze-saalekreis-bis";"6-110-14";"Saale von Kreisgrenze Saalekreis bis";"Salzlandkreis";"review";"two-source-v6.2-review";"51.6571329";"12.3058934";"0.784";"Kandidat vorhanden, aber bewusst nicht als kartiert veröffentlicht."
"6-110-15-groer-wiendorfer-teich";"6-110-15";"Großer Wiendorfer Teich";"Salzlandkreis";"review";"two-source-v6.2-review";"51.7164986";"11.8183032";"0";"Kandidat vorhanden, aber bewusst nicht als kartiert veröffentlicht."
"6-110-18-fuhne-vom-viadukt-bei-kleinwirschleben-a-b-bl-h-k-pl-ro-4-00-bis-mundung-in-die-saale";"6-110-18";"Fuhne vom Viadukt bei Kleinwirschleben A, B, Bl, H, K, Pl, Ro 4,00 bis Mündung in die Saale";"Salzlandkreis";"review";"two-source-v6.2-review";"51.7483224";"11.7962226";"0";"Kandidat vorhanden, aber bewusst nicht als kartiert veröffentlicht."
"6-110-19-taiga-in-grona";"6-110-19";"Taiga in Gröna";"Salzlandkreis";"review";"two-source-v6.2-review";"51.7672127";"11.7117624";"0.842";"Kandidat vorhanden, aber bewusst nicht als kartiert veröffentlicht."
"6-110-20-schwefelteich-bebitz";"6-110-20";"Schwefelteich Bebitz";"Salzlandkreis";"review";"two-source-v6.2-review";"51.7204392";"11.7566212";"0.898";"Kandidat vorhanden, aber bewusst nicht als kartiert veröffentlicht."
"6-110-21-tonloch-huhn-leau";"6-110-21";"Tonloch Huhn Leau";"Salzlandkreis";"review";"two-source-v6.2-review";"51.7328563";"11.7953964";"0.938";"Kandidat vorhanden, aber bewusst nicht als kartiert veröffentlicht."
"6-110-22-kiesgrube-beesenlaublingen";"6-110-22";"Kiesgrube Beesenlaublingen";"Salzlandkreis";"review";"two-source-v6.2-review";"51.7130818";"11.6964286";"0.919";"Kandidat vorhanden, aber bewusst nicht als kartiert veröffentlicht."
"6-110-24-alter-ziegeleiteich-baalberge";"6-110-24";"Alter Ziegeleiteich Baalberge";"Salzlandkreis";"review";"two-source-v6.2-review";"51.7485332";"11.7997753";"0.785";"Kandidat vorhanden, aber bewusst nicht als kartiert veröffentlicht."
"6-111-02-feldlache-in-der-aue-bei-nienburg";"6-111-02";"Feldlache in der Aue bei Nienburg";"Salzlandkreis";"review";"two-source-v6.2-review";"51.8371558";"11.7675525";"0";"Kandidat vorhanden, aber bewusst nicht als kartiert veröffentlicht."
"6-111-04-bode-vom-beginn-des-muhlgrabens";"6-111-04";"Bode vom Beginn des Mühlgrabens";"Salzlandkreis";"review";"two-source-v6.2-review";"51.729417";"11.8097803";"0.885";"Kandidat vorhanden, aber bewusst nicht als kartiert veröffentlicht."
"6-111-05-saalealtarm-nienburg";"6-111-05";"Saalealtarm Nienburg";"Salzlandkreis";"review";"two-source-v6.2-review";"51.8371558";"11.7675525";"0";"Kandidat vorhanden, aber bewusst nicht als kartiert veröffentlicht."
"6-111-12-alter-schacht-pauline-neugatersleben-h-k-ro-s-4-00";"6-111-12";"Alter Schacht „Pauline“ Neugatersleben H, K, Ro, S 4,00";"Salzlandkreis";"unmapped";"";"";"";"0";"Noch keine belastbare Kartenposition vorhanden."
"6-111-13-saale-von-einmundung-der-fuhne-bis";"6-111-13";"Saale von Einmündung der Fuhne bis";"Salzlandkreis";"review";"two-source-v6.2-review";"51.6571329";"12.3058934";"0.784";"Kandidat vorhanden, aber bewusst nicht als kartiert veröffentlicht."
"6-112-01-dorfteich-brundel";"6-112-01";"Dorfteich Bründel";"Salzlandkreis";"review";"two-source-v6.2-review";"51.7454839";"11.6510153";"0";"Kandidat vorhanden, aber bewusst nicht als kartiert veröffentlicht."
"6-112-03-saalealtarm-lesewitz-bei-plotzkau";"6-112-03";"Saalealtarm Lesewitz bei Plötzkau";"Salzlandkreis";"review";"two-source-v6.2-review";"51.753923";"11.6866785";"0.76";"Kandidat vorhanden, aber bewusst nicht als kartiert veröffentlicht."
"6-113-02-groer-teich-hinter-der-fahrt-in-preulitz-a-h-k-ro-s-0-30";"6-113-02";"Großer Teich hinter der Fahrt in Preußlitz A, H, K, Ro, S 0,30";"Salzlandkreis";"review";"two-source-v6.2-review";"51.7337659";"11.7992721";"0.89";"Kandidat vorhanden, aber bewusst nicht als kartiert veröffentlicht."
"6-113-03-tonloch-preulitz";"6-113-03";"Tonloch Preußlitz";"Salzlandkreis";"review";"two-source-v6.2-review";"51.7337659";"11.7992721";"0.919";"Kandidat vorhanden, aber bewusst nicht als kartiert veröffentlicht."
"6-230-01-schloteiche-freckleben";"6-230-01";"Schloßteiche Freckleben";"Salzlandkreis";"review";"two-source-v6.2-review";"51.6996537";"11.5474346";"0";"Kandidat vorhanden, aber bewusst nicht als kartiert veröffentlicht."
"6-400-01-schacht-9-bei-eggersdorf";"6-400-01";"Schacht 9 bei Eggersdorf";"Salzlandkreis";"review";"two-source-v6.2-review";"51.9690772";"11.6958208";"0.808";"Kandidat vorhanden, aber bewusst nicht als kartiert veröffentlicht."
"6-400-02-seehof-bei-wespen-barby";"6-400-02";"Seehof bei Wespen-Barby";"Salzlandkreis";"review";"two-source-v6.2-review";"51.9583545";"11.8286441";"0.92";"Kandidat vorhanden, aber bewusst nicht als kartiert veröffentlicht."
"6-400-03-jagerschacht-bei-glothe-brumby";"6-400-03";"Jägerschacht bei Glöthe-Brumby";"Salzlandkreis";"unmapped";"";"";"";"0";"Noch keine belastbare Kartenposition vorhanden."
"6-400-05-parkteich-bei-brumby";"6-400-05";"Parkteich bei Brumby";"Salzlandkreis";"review";"two-source-v6.2-review";"51.89944";"11.6800784";"0.729";"Kandidat vorhanden, aber bewusst nicht als kartiert veröffentlicht."
"6-400-06-kohls-see-bei-biere";"6-400-06";"Kohls See bei Biere";"Salzlandkreis";"review";"two-source-v6.2-review";"51.979803";"11.6572328";"0.827";"Kandidat vorhanden, aber bewusst nicht als kartiert veröffentlicht."
"6-400-07-erdkuten-grune-lungen-bei-calbe";"6-400-07";"Erdkuten (Grüne Lungen) bei Calbe";"Salzlandkreis";"review";"two-source-v6.2-review";"51.9034006";"11.7761208";"0";"Kandidat vorhanden, aber bewusst nicht als kartiert veröffentlicht."
"6-400-08-damaschkeplan-2-teiche-bei-calbe";"6-400-08";"Damaschkeplan (2 Teiche) bei Calbe";"Salzlandkreis";"review";"two-source-v6.2-review";"51.9034006";"11.7761208";"0";"Kandidat vorhanden, aber bewusst nicht als kartiert veröffentlicht."
"6-400-09-griebehner-teiche-bei-calbe";"6-400-09";"Griebehner Teiche bei Calbe";"Salzlandkreis";"review";"two-source-v6.2-review";"51.8997679";"11.7824601";"0.842";"Kandidat vorhanden, aber bewusst nicht als kartiert veröffentlicht."
"6-400-12-pfannenpfutze-bei-plotzky";"6-400-12";"Pfannenpfütze bei Plötzky";"Salzlandkreis";"review";"two-source-v6.2-review";"52.0512797";"11.8026709";"0";"Kandidat vorhanden, aber bewusst nicht als kartiert veröffentlicht."
"6-400-13-beamtenteich-bei-tornitz";"6-400-13";"Beamtenteich bei Tornitz";"Salzlandkreis";"review";"two-source-v6.2-review";"51.9285398";"11.8472597";"0.902";"Kandidat vorhanden, aber bewusst nicht als kartiert veröffentlicht."
"6-400-14-gruner-teich-bei-tornitz";"6-400-14";"Grüner Teich bei Tornitz";"Salzlandkreis";"review";"two-source-v6.2-review";"51.9285398";"11.8472597";"0.902";"Kandidat vorhanden, aber bewusst nicht als kartiert veröffentlicht."
"6-400-15-pappelteich-bei-tornitz";"6-400-15";"Pappelteich bei Tornitz";"Salzlandkreis";"review";"two-source-v6.2-review";"51.9285398";"11.8472597";"0.902";"Kandidat vorhanden, aber bewusst nicht als kartiert veröffentlicht."
"6-400-18-rothe-bei-schonebeck";"6-400-18";"Röthe bei Schönebeck";"Salzlandkreis";"review";"two-source-v6.2-review";"52.7238363";"11.5822968";"0";"Kandidat vorhanden, aber bewusst nicht als kartiert veröffentlicht."
"6-400-21-norderney-in-schwarz";"6-400-21";"Norderney in Schwarz";"Salzlandkreis";"review";"two-source-v6.2-review";"51.8897035";"11.7938394";"0";"Kandidat vorhanden, aber bewusst nicht als kartiert veröffentlicht."
"6-400-22-elbe-von-km-305-km-320-beidseitig";"6-400-22";"Elbe von km 305 - km 320 beidseitig";"Salzlandkreis";"review";"two-source-v6.2-review";"51.8631133";"12.6094985";"0";"Kandidat vorhanden, aber bewusst nicht als kartiert veröffentlicht."
"6-400-24-saalealtarm-tippelskirchen";"6-400-24";"Saalealtarm Tippelskirchen";"Salzlandkreis";"review";"two-source-v6.2-review";"51.8826486";"11.7973263";"0.819";"Kandidat vorhanden, aber bewusst nicht als kartiert veröffentlicht."
"6-400-25-elbumflut-von-alte-fahre-bis";"6-400-25";"Elbumflut von Alte Fähre bis";"Salzlandkreis";"review";"two-source-v6.2-review";"51.3937256";"11.9826479";"0";"Kandidat vorhanden, aber bewusst nicht als kartiert veröffentlicht."
"6-400-30-kuchenpfuhl-elbenau";"6-400-30";"Küchenpfuhl Elbenau";"Salzlandkreis";"review";"two-source-v6.2-review";"52.049093";"11.7624151";"0.928";"Kandidat vorhanden, aber bewusst nicht als kartiert veröffentlicht."
"6-400-32-3-locher-bei-ranies";"6-400-32";"3 Löcher bei Ranies";"Salzlandkreis";"review";"two-source-v6.2-review";"52.0166941";"11.8268797";"0";"Kandidat vorhanden, aber bewusst nicht als kartiert veröffentlicht."
"6-400-33-stilles-wasser-elbenau";"6-400-33";"Stilles Wasser Elbenau";"Salzlandkreis";"review";"two-source-v6.2-review";"52.049093";"11.7624151";"0.928";"Kandidat vorhanden, aber bewusst nicht als kartiert veröffentlicht."
"6-400-34-kiessee-tornitz";"6-400-34";"Kiessee Tornitz";"Salzlandkreis";"review";"two-source-v6.2-review";"51.9285398";"11.8472597";"0.902";"Kandidat vorhanden, aber bewusst nicht als kartiert veröffentlicht."
"6-400-35-elbealtarm-grunewalde";"6-400-35";"Elbealtarm Grünewalde";"Salzlandkreis";"review";"two-source-v6.2-review";"52.0283151";"11.7453684";"0";"Kandidat vorhanden, aber bewusst nicht als kartiert veröffentlicht."
"6-400-36-angerteich-in-glothe";"6-400-36";"Angerteich in Glöthe";"Salzlandkreis";"review";"two-source-v6.2-review";"51.9012252";"11.664212";"0.889";"Kandidat vorhanden, aber bewusst nicht als kartiert veröffentlicht."
"6-400-39-tilsschacht-brumby";"6-400-39";"Tilsschacht Brumby";"Salzlandkreis";"review";"two-source-v6.2-review";"51.8967879";"11.6894225";"0.793";"Kandidat vorhanden, aber bewusst nicht als kartiert veröffentlicht."
"6-400-40-awg-seen-1-2-und-3-gommern-plotzky";"6-400-40";"AWG Seen 1, 2 und 3 Gommern-Plötzky";"Salzlandkreis";"unmapped";"";"";"";"0";"Noch keine belastbare Kartenposition vorhanden."
"6-400-43-schachtteich-eggersdorf";"6-400-43";"Schachtteich Eggersdorf";"Salzlandkreis";"review";"two-source-v6.2-review";"51.9690772";"11.6958208";"0.808";"Kandidat vorhanden, aber bewusst nicht als kartiert veröffentlicht."
"6-400-44-kirchbreite-bei-barby";"6-400-44";"Kirchbreite bei Barby";"Salzlandkreis";"review";"two-source-v6.2-review";"51.9639384";"11.884897";"0.889";"Kandidat vorhanden, aber bewusst nicht als kartiert veröffentlicht."
"6-400-45-gotzenthiegraben";"6-400-45";"Götzenthiegraben";"Salzlandkreis";"unmapped";"";"";"";"0";"Noch keine belastbare Kartenposition vorhanden."
"6-400-46-westufer-albertinensee";"6-400-46";"Westufer Albertinensee";"Salzlandkreis";"unmapped";"";"";"";"0";"Noch keine belastbare Kartenposition vorhanden."
"6-400-47-tonlocher-glothe";"6-400-47";"Tonlöcher Glöthe";"Salzlandkreis";"review";"two-source-v6.2-review";"51.9012252";"11.664212";"0.889";"Kandidat vorhanden, aber bewusst nicht als kartiert veröffentlicht."
"6-401-01-bruch-1-bei-breitenhagen";"6-401-01";"Bruch 1 bei Breitenhagen";"Salzlandkreis";"review";"two-source-v6.2-review";"51.9243734";"11.9446799";"0";"Kandidat vorhanden, aber bewusst nicht als kartiert veröffentlicht."
"6-401-02-bruch-2-bei-breitenhagen";"6-401-02";"Bruch 2 bei Breitenhagen";"Salzlandkreis";"review";"two-source-v6.2-review";"51.9227195";"11.9340061";"0.893";"Kandidat vorhanden, aber bewusst nicht als kartiert veröffentlicht."
"6-401-03-bruch-3-bei-breitenhagen";"6-401-03";"Bruch 3 bei Breitenhagen";"Salzlandkreis";"review";"two-source-v6.2-review";"51.9227195";"11.9340061";"0.893";"Kandidat vorhanden, aber bewusst nicht als kartiert veröffentlicht."
"6-401-07-kleiner-dorfsee-gro-rosenburg";"6-401-07";"Kleiner Dorfsee Groß Rosenburg";"Salzlandkreis";"review";"two-source-v6.2-review";"51.9192744";"11.8942849";"0.86";"Kandidat vorhanden, aber bewusst nicht als kartiert veröffentlicht."
"6-401-08-landgraben-von-einmundung-des";"6-401-08";"Landgraben von Einmündung des";"Salzlandkreis";"review";"two-source-v6.2-review";"51.9109962";"11.678006";"0.849";"Kandidat vorhanden, aber bewusst nicht als kartiert veröffentlicht."
"6-402-01-dolphus-bei-barby";"6-402-01";"Dolphus bei Barby";"Salzlandkreis";"review";"two-source-v6.2-review";"51.9639384";"11.884897";"0.889";"Kandidat vorhanden, aber bewusst nicht als kartiert veröffentlicht."
"6-402-02-barbyer-landgraben-von";"6-402-02";"Barbyer Landgraben von";"Salzlandkreis";"review";"two-source-v6.2-review";"52.0217743";"11.668936";"0.731";"Kandidat vorhanden, aber bewusst nicht als kartiert veröffentlicht."
"6-402-03-hafen-barby";"6-402-03";"Hafen Barby";"Salzlandkreis";"review";"two-source-v6.2-review";"51.9639384";"11.884897";"0.889";"Kandidat vorhanden, aber bewusst nicht als kartiert veröffentlicht."
"6-402-04-kiesgrube-barby-sud";"6-402-04";"Kiesgrube Barby-Süd";"Salzlandkreis";"unmapped";"";"";"";"0";"Noch keine belastbare Kartenposition vorhanden."
"6-402-07-saale-von-werkleitz-bis-elbmundung";"6-402-07";"Saale von Werkleitz bis Elbmündung";"Salzlandkreis";"review";"two-source-v6.2-review";"51.9234837";"11.8625543";"0";"Kandidat vorhanden, aber bewusst nicht als kartiert veröffentlicht."
"6-410-02-warmsdorfer-teich";"6-410-02";"Warmsdorfer Teich";"Salzlandkreis";"unmapped";"";"";"";"0";"Noch keine belastbare Kartenposition vorhanden."
"6-410-03-ritterflurteich-bei-stafurt";"6-410-03";"Ritterflurteich bei Staßfurt";"Salzlandkreis";"review";"two-source-v6.2-review";"51.8493784";"11.5856065";"0.849";"Kandidat vorhanden, aber bewusst nicht als kartiert veröffentlicht."
"6-410-05-tiefbau-jacobsgrube-bei-gro-bornecke-a-b-bl-h-k-pl-s-z-8-12";"6-410-05";"Tiefbau Jacobsgrube bei Groß Börnecke A, B, Bl, H, K, Pl, S, Z 8,12";"Salzlandkreis";"review";"two-source-v6.2-review";"51.8864851";"11.4983029";"0.754";"Kandidat vorhanden, aber bewusst nicht als kartiert veröffentlicht."
"6-410-06-salzteich-bei-loderburg";"6-410-06";"Salzteich bei Löderburg";"Salzlandkreis";"review";"two-source-v6.2-review";"51.8886606";"11.5409726";"0";"Kandidat vorhanden, aber bewusst nicht als kartiert veröffentlicht."
"6-410-07-lache-bei-hohenerxleben";"6-410-07";"Lache bei Hohenerxleben";"Salzlandkreis";"review";"two-source-v6.2-review";"51.8520866";"11.6528968";"0";"Kandidat vorhanden, aber bewusst nicht als kartiert veröffentlicht."
"6-410-08-badeteteich-bei-westeregeln";"6-410-08";"Badeteteich bei Westeregeln";"Salzlandkreis";"review";"two-source-v6.2-review";"51.9581172";"11.3910919";"0.863";"Kandidat vorhanden, aber bewusst nicht als kartiert veröffentlicht."
"6-410-09-3-kulke-bei-westeregeln";"6-410-09";"3 Kulke bei Westeregeln";"Salzlandkreis";"review";"two-source-v6.2-review";"51.9581172";"11.3910919";"0.863";"Kandidat vorhanden, aber bewusst nicht als kartiert veröffentlicht."
"6-410-10-tagebau-bei-westeregeln";"6-410-10";"Tagebau bei Westeregeln";"Salzlandkreis";"review";"two-source-v6.2-review";"51.9581172";"11.3910919";"0.863";"Kandidat vorhanden, aber bewusst nicht als kartiert veröffentlicht."
"6-410-11-groer-schachtsee-bei-wolmirsleben";"6-410-11";"Großer Schachtsee bei Wolmirsleben";"Salzlandkreis";"review";"two-source-v6.2-review";"51.9543283";"11.4607953";"0.785";"Kandidat vorhanden, aber bewusst nicht als kartiert veröffentlicht."
"6-410-14-bode-vom-wehr-egeln-nord";"6-410-14";"Bode vom Wehr Egeln-Nord";"Salzlandkreis";"review";"two-source-v6.2-review";"51.9638934";"11.4260338";"0.92";"Kandidat vorhanden, aber bewusst nicht als kartiert veröffentlicht."
"6-410-15-bode-vom-wehr-rothenforde";"6-410-15";"Bode vom Wehr Rothenförde";"Salzlandkreis";"review";"two-source-v6.2-review";"51.9054306";"11.5163125";"0.827";"Kandidat vorhanden, aber bewusst nicht als kartiert veröffentlicht."
"6-410-17-seemann-bei-loderburg";"6-410-17";"Seemann bei Löderburg";"Salzlandkreis";"review";"two-source-v6.2-review";"51.8846144";"11.5429027";"0.863";"Kandidat vorhanden, aber bewusst nicht als kartiert veröffentlicht."
"6-410-18-steinbruch-borne";"6-410-18";"Steinbruch Borne";"Salzlandkreis";"review";"two-source-v6.2-review";"51.9499206";"11.5569006";"0";"Kandidat vorhanden, aber bewusst nicht als kartiert veröffentlicht."
"6-410-19-muhlgraben-von-egeln-nord";"6-410-19";"Mühlgraben von Egeln-Nord";"Salzlandkreis";"review";"two-source-v6.2-review";"51.9644973";"11.431551";"0.835";"Kandidat vorhanden, aber bewusst nicht als kartiert veröffentlicht."
"6-410-20-undank-in-loderburg";"6-410-20";"Undank in Löderburg";"Salzlandkreis";"review";"two-source-v6.2-review";"51.8846144";"11.5429027";"0.863";"Kandidat vorhanden, aber bewusst nicht als kartiert veröffentlicht."
"6-410-21-kiesschacht-gusten";"6-410-21";"Kiesschacht Güsten";"Salzlandkreis";"review";"two-source-v6.2-review";"51.8008209";"11.6052567";"0.917";"Kandidat vorhanden, aber bewusst nicht als kartiert veröffentlicht."
"6-410-22-regenruckhaltebecken-am";"6-410-22";"Regenrückhaltebecken am";"Salzlandkreis";"review";"two-source-v6.2-review";"52.0022326";"11.6590751";"0";"Kandidat vorhanden, aber bewusst nicht als kartiert veröffentlicht."
"6-410-24-loderburger-weiher";"6-410-24";"Löderburger Weiher";"Salzlandkreis";"unmapped";"";"";"";"0";"Noch keine belastbare Kartenposition vorhanden."
"6-410-25-wassergraben-bei-hohenerxleben";"6-410-25";"Wassergräben bei Hohenerxleben";"Salzlandkreis";"review";"two-source-v6.2-review";"51.856242";"11.6431266";"0.839";"Kandidat vorhanden, aber bewusst nicht als kartiert veröffentlicht."
"6-411-01-laake-bei-loderburg";"6-411-01";"Laake bei Löderburg";"Salzlandkreis";"review";"two-source-v6.2-review";"51.8799935";"11.5458709";"0.869";"Kandidat vorhanden, aber bewusst nicht als kartiert veröffentlicht."
"6-411-02-loderburger-see";"6-411-02";"Löderburger See";"Salzlandkreis";"review";"two-source-v6.2-review";"51.8831138";"11.525974";"0";"Kandidat vorhanden, aber bewusst nicht als kartiert veröffentlicht."
"6-411-03-kreuzteich-loderburg";"6-411-03";"Kreuzteich Löderburg";"Salzlandkreis";"review";"two-source-v6.2-review";"51.8846144";"11.5429027";"0.863";"Kandidat vorhanden, aber bewusst nicht als kartiert veröffentlicht."
"6-411-04-athenslebener-seen-lsg-beachten";"6-411-04";"Athenslebener Seen – LSG beachten";"Salzlandkreis";"unmapped";"";"";"";"0";"Noch keine belastbare Kartenposition vorhanden."
"7-120-01-alte-mulde-bei-rosa";"7-120-01";"Alte Mulde bei Rösa";"Anhalt-Bitterfeld";"review";"two-source-v6.2-review";"51.6159611";"12.4948096";"0";"Kandidat vorhanden, aber bewusst nicht als kartiert veröffentlicht."
"7-120-04-alte-mulde-roitzschjora";"7-120-04";"Alte Mulde Roitzschjora";"Anhalt-Bitterfeld";"review";"two-source-v6.2-review";"51.5968684";"12.482236";"0.932";"Kandidat vorhanden, aber bewusst nicht als kartiert veröffentlicht."
"7-120-05-kurr-pouch";"7-120-05";"Kurr Pouch";"Anhalt-Bitterfeld";"review";"two-source-v6.2-review";"51.6304808";"12.4230871";"0";"Kandidat vorhanden, aber bewusst nicht als kartiert veröffentlicht."
"7-120-06-unterer-ziegeleiteich-muldenstein";"7-120-06";"Unterer Ziegeleiteich Muldenstein";"Anhalt-Bitterfeld";"review";"two-source-v6.2-review";"51.6773853";"12.3270411";"0.812";"Kandidat vorhanden, aber bewusst nicht als kartiert veröffentlicht."
"7-120-10-ehemalige-kiesgrube-sandersdorf";"7-120-10";"ehemalige Kiesgrube Sandersdorf";"Anhalt-Bitterfeld";"review";"two-source-v6.2-review";"51.6303351";"12.2519542";"0";"Kandidat vorhanden, aber bewusst nicht als kartiert veröffentlicht."
"7-120-11-ehemaliges-schwimmbad-raguhn";"7-120-11";"ehemaliges Schwimmbad Raguhn";"Anhalt-Bitterfeld";"review";"two-source-v6.2-review";"51.708567";"12.2978247";"0";"Kandidat vorhanden, aber bewusst nicht als kartiert veröffentlicht."
"7-120-14-leipziger-teich-zorbig";"7-120-14";"Leipziger Teich Zörbig";"Anhalt-Bitterfeld";"review";"two-source-v6.2-review";"51.6489394";"12.0797502";"0";"Kandidat vorhanden, aber bewusst nicht als kartiert veröffentlicht."
"7-120-15-grube-theodor-bei-roitzsch";"7-120-15";"Grube Theodor bei Roitzsch";"Anhalt-Bitterfeld";"review";"two-source-v6.2-review";"51.5744151";"12.2681017";"0.908";"Kandidat vorhanden, aber bewusst nicht als kartiert veröffentlicht."
"7-120-16-burgermeisterteich-jenitz";"7-120-16";"Bürgermeisterteich Jeßnitz";"Anhalt-Bitterfeld";"review";"two-source-v6.2-review";"51.6820736";"12.2944564";"0.871";"Kandidat vorhanden, aber bewusst nicht als kartiert veröffentlicht."
"7-120-17-lober-bei-jenitz";"7-120-17";"Lober bei Jeßnitz";"Anhalt-Bitterfeld";"review";"two-source-v6.2-review";"51.6820736";"12.2944564";"0.871";"Kandidat vorhanden, aber bewusst nicht als kartiert veröffentlicht."
"7-120-18-groer-richard-bei-sandersdorf";"7-120-18";"Großer Richard bei Sandersdorf";"Anhalt-Bitterfeld";"review";"two-source-v6.2-review";"51.6303351";"12.2519542";"0";"Kandidat vorhanden, aber bewusst nicht als kartiert veröffentlicht."
"7-120-19-lober-leine-kanal";"7-120-19";"Lober-Leine-Kanal";"Anhalt-Bitterfeld";"unmapped";"";"";"";"0";"Noch keine belastbare Kartenposition vorhanden."
"7-120-20-altes-wasser-priorau";"7-120-20";"Altes Wasser Priorau";"Anhalt-Bitterfeld";"review";"two-source-v6.2-review";"51.7485628";"12.3023578";"0.949";"Kandidat vorhanden, aber bewusst nicht als kartiert veröffentlicht."
"7-120-21-mulde-v-landesgr-sachsen-bis-stausee";"7-120-21";"Mulde v. Landesgr. Sachsen bis Stausee,";"Anhalt-Bitterfeld";"review";"two-source-v6.2-review";"52.6208679";"11.2518601";"0";"Kandidat vorhanden, aber bewusst nicht als kartiert veröffentlicht."
"7-120-22-mulde-von-ca-750m-oberhalb-wehr";"7-120-22";"Mulde von ca. 750m oberhalb Wehr";"Anhalt-Bitterfeld";"review";"two-source-v6.2-review";"51.8776404";"12.3433815";"0";"Kandidat vorhanden, aber bewusst nicht als kartiert veröffentlicht."
"7-120-23-mulde-von-ca-500m-oberhalb-brucke";"7-120-23";"Mulde von ca. 500m oberhalb Brücke";"Anhalt-Bitterfeld";"review";"two-source-v6.2-review";"51.9735125";"11.9166926";"0.854";"Kandidat vorhanden, aber bewusst nicht als kartiert veröffentlicht."
"7-120-24-tagebaurestloch-richard-i";"7-120-24";"Tagebaurestloch Richard I";"Anhalt-Bitterfeld";"review";"two-source-v6.2-review";"51.6277647";"12.2660986";"0.909";"Kandidat vorhanden, aber bewusst nicht als kartiert veröffentlicht."
"7-120-26-pappelloch-rosa";"7-120-26";"Pappelloch Rösa";"Anhalt-Bitterfeld";"review";"two-source-v6.2-review";"51.6159611";"12.4948096";"0";"Kandidat vorhanden, aber bewusst nicht als kartiert veröffentlicht."
"7-120-27-kiesgrube-salzfurtkapelle";"7-120-27";"Kiesgrube Salzfurtkapelle";"Anhalt-Bitterfeld";"review";"two-source-v6.2-review";"51.6940546";"12.1774283";"0.751";"Kandidat vorhanden, aber bewusst nicht als kartiert veröffentlicht."
"7-120-29-tagebaurestloch-kockern";"7-120-29";"Tagebaurestloch Köckern";"Anhalt-Bitterfeld";"review";"two-source-v6.2-review";"51.6064774";"12.1977673";"0";"Kandidat vorhanden, aber bewusst nicht als kartiert veröffentlicht."
"7-120-31-kiesgrube-loberitz";"7-120-31";"Kiesgrube Löberitz";"Anhalt-Bitterfeld";"review";"two-source-v6.2-review";"51.6566928";"12.1623036";"0.83";"Kandidat vorhanden, aber bewusst nicht als kartiert veröffentlicht."
"7-120-32-luthers-linde-muldenstein";"7-120-32";"Luthers Linde Muldenstein";"Anhalt-Bitterfeld";"review";"two-source-v6.2-review";"51.6680192";"12.345913";"0";"Kandidat vorhanden, aber bewusst nicht als kartiert veröffentlicht."
"7-120-35-leine-in-bitterfeld-privatstrecke-beachten-ad-d-h-1-66";"7-120-35";"Leine in Bitterfeld Privatstrecke beachten! Ad, D, H 1,66";"Anhalt-Bitterfeld";"review";"two-source-v6.2-review";"51.7138485";"12.2875305";"0.855";"Kandidat vorhanden, aber bewusst nicht als kartiert veröffentlicht."
"7-120-38-geerensee-friedersdorf";"7-120-38";"Geerensee Friedersdorf";"Anhalt-Bitterfeld";"review";"two-source-v6.2-review";"51.6495996";"12.3649476";"0";"Kandidat vorhanden, aber bewusst nicht als kartiert veröffentlicht."
"7-120-40-groer-teich-bitterfeld";"7-120-40";"Großer Teich Bitterfeld";"Anhalt-Bitterfeld";"review";"two-source-v6.2-review";"51.6192197";"12.3325537";"0.85";"Kandidat vorhanden, aber bewusst nicht als kartiert veröffentlicht."
"7-120-41-waldteich-thalheim";"7-120-41";"Waldteich Thalheim";"Anhalt-Bitterfeld";"review";"two-source-v6.2-review";"51.6518653";"12.2290822";"0";"Kandidat vorhanden, aber bewusst nicht als kartiert veröffentlicht."
"7-120-42-tranke-thalheim";"7-120-42";"Tränke Thalheim";"Anhalt-Bitterfeld";"review";"two-source-v6.2-review";"51.6518653";"12.2290822";"0";"Kandidat vorhanden, aber bewusst nicht als kartiert veröffentlicht."
"7-120-43-dorfteich-thalheim";"7-120-43";"Dorfteich Thalheim";"Anhalt-Bitterfeld";"review";"two-source-v6.2-review";"51.6480236";"12.2284216";"0.902";"Kandidat vorhanden, aber bewusst nicht als kartiert veröffentlicht."
"7-120-50-dorfteich-beyersdorf";"7-120-50";"Dorfteich Beyersdorf";"Anhalt-Bitterfeld";"review";"two-source-v6.2-review";"51.5928845";"12.1782746";"0";"Kandidat vorhanden, aber bewusst nicht als kartiert veröffentlicht."
"7-120-51-dorfteich-kockern";"7-120-51";"Dorfteich Köckern";"Anhalt-Bitterfeld";"review";"two-source-v6.2-review";"51.6064774";"12.1977673";"0";"Kandidat vorhanden, aber bewusst nicht als kartiert veröffentlicht."
"7-120-52-generalsteich-schrenz";"7-120-52";"Generalsteich Schrenz";"Anhalt-Bitterfeld";"review";"two-source-v6.2-review";"51.5880229";"12.0721002";"0";"Kandidat vorhanden, aber bewusst nicht als kartiert veröffentlicht."
"7-120-53-teich-am-park-schrenz";"7-120-53";"Teich am Park Schrenz";"Anhalt-Bitterfeld";"review";"two-source-v6.2-review";"51.5953834";"12.0811945";"0.77";"Kandidat vorhanden, aber bewusst nicht als kartiert veröffentlicht."
"7-120-54-teich-am-etp-schrenz";"7-120-54";"Teich am ETP Schrenz";"Anhalt-Bitterfeld";"review";"two-source-v6.2-review";"51.5953834";"12.0811945";"0.77";"Kandidat vorhanden, aber bewusst nicht als kartiert veröffentlicht."
"7-120-55-kragenteich-roitzsch";"7-120-55";"Kragenteich Roitzsch";"Anhalt-Bitterfeld";"review";"two-source-v6.2-review";"51.5744151";"12.2681017";"0.908";"Kandidat vorhanden, aber bewusst nicht als kartiert veröffentlicht."
"7-120-56-tonkiete-schortewitz";"7-120-56";"Tonkiete Schortewitz";"Anhalt-Bitterfeld";"review";"two-source-v6.2-review";"51.6489287";"12.0292168";"0.96";"Kandidat vorhanden, aber bewusst nicht als kartiert veröffentlicht."
"7-121-01-vergimeinnicht-postgrube";"7-121-01";"Vergißmeinnicht (Postgrube)";"Anhalt-Bitterfeld";"review";"two-source-v6.2-review";"51.7585986";"11.0326939";"0";"Kandidat vorhanden, aber bewusst nicht als kartiert veröffentlicht."
"7-121-02-deutsche-grube-zscherndorf";"7-121-02";"Deutsche Grube Zscherndorf";"Anhalt-Bitterfeld";"review";"two-source-v6.2-review";"51.6112031";"12.2771418";"0";"Kandidat vorhanden, aber bewusst nicht als kartiert veröffentlicht."
"7-122-01-kiesgrube-dessauer-str-loberitz";"7-122-01";"Kiesgrube Dessauer Str. Löberitz";"Anhalt-Bitterfeld";"review";"two-source-v6.2-review";"51.6548461";"12.1509066";"0";"Kandidat vorhanden, aber bewusst nicht als kartiert veröffentlicht."
"7-140-01-moster-altes-wasser";"7-140-01";"Möster altes Wasser";"Anhalt-Bitterfeld";"review";"two-source-v6.2-review";"51.7662703";"12.2893034";"0.934";"Kandidat vorhanden, aber bewusst nicht als kartiert veröffentlicht."
"7-271-02-zuckerteich-bei-osternienburg";"7-271-02";"Zuckerteich bei Osternienburg";"Anhalt-Bitterfeld";"review";"two-source-v6.2-review";"51.7932112";"12.0294172";"0";"Kandidat vorhanden, aber bewusst nicht als kartiert veröffentlicht."
"7-272-01-magdalenenteich-in-aken";"7-272-01";"Magdalenenteich in Aken";"Anhalt-Bitterfeld";"review";"two-source-v6.2-review";"51.85";"12.05";"0";"Kandidat vorhanden, aber bewusst nicht als kartiert veröffentlicht."
"7-272-02-nachthainichte-bei-aken";"7-272-02";"Nachthainichte bei Aken";"Anhalt-Bitterfeld";"review";"two-source-v6.2-review";"51.8543298";"12.0582917";"0.817";"Kandidat vorhanden, aber bewusst nicht als kartiert veröffentlicht."
"7-272-03-groe-kabel-langes-loch-bei-aken";"7-272-03";"Große Kabel (Langes Loch) bei Aken";"Anhalt-Bitterfeld";"review";"two-source-v6.2-review";"51.8543298";"12.0582917";"0.817";"Kandidat vorhanden, aber bewusst nicht als kartiert veröffentlicht."
"7-272-04-kleine-kabel-bei-aken";"7-272-04";"Kleine Kabel bei Aken";"Anhalt-Bitterfeld";"review";"two-source-v6.2-review";"51.8543298";"12.0582917";"0.817";"Kandidat vorhanden, aber bewusst nicht als kartiert veröffentlicht."
"7-272-05-taube-von-700m-unterhalb-einmundung";"7-272-05";"Taube von 700m unterhalb Einmündung";"Anhalt-Bitterfeld";"review";"two-source-v6.2-review";"52.0196025";"12.2724392";"0";"Kandidat vorhanden, aber bewusst nicht als kartiert veröffentlicht."
"7-273-01-baufeld-worbzig-1-groe-kiesgrube";"7-273-01";"Baufeld Wörbzig 1 - Große Kiesgrube";"Anhalt-Bitterfeld";"review";"two-source-v6.2-review";"51.5228695";"11.9313616";"0";"Kandidat vorhanden, aber bewusst nicht als kartiert veröffentlicht."
"7-273-02-baufeld-worbzig-2-kleinere-kiesgrube";"7-273-02";"Baufeld Wörbzig 2 - Kleinere Kiesgrube";"Anhalt-Bitterfeld";"review";"two-source-v6.2-review";"51.5228695";"11.9313616";"0";"Kandidat vorhanden, aber bewusst nicht als kartiert veröffentlicht."
"7-273-03-baufeld-worbzig-3-kiesgrube-rechts";"7-273-03";"Baufeld Wörbzig 3 - Kiesgrube rechts-";"Anhalt-Bitterfeld";"review";"two-source-v6.2-review";"51.7945407";"10.8310263";"0.855";"Kandidat vorhanden, aber bewusst nicht als kartiert veröffentlicht."
"7-273-05-karoline-bei-piethen-boote-ohne-motor";"7-273-05";"Karoline bei Piethen - Boote ohne Motor";"Anhalt-Bitterfeld";"review";"two-source-v6.2-review";"51.6703744";"11.9352208";"0.889";"Kandidat vorhanden, aber bewusst nicht als kartiert veröffentlicht."
"7-273-06-sohl-bei-piethen";"7-273-06";"Sohl bei Piethen";"Anhalt-Bitterfeld";"review";"two-source-v6.2-review";"51.6703744";"11.9352208";"0.889";"Kandidat vorhanden, aber bewusst nicht als kartiert veröffentlicht."
"7-273-07-betonwerkteich-3-4-bei-grobzig";"7-273-07";"Betonwerkteich 3 + 4 bei Gröbzig";"Anhalt-Bitterfeld";"review";"two-source-v6.2-review";"51.6834323";"11.8761819";"0";"Kandidat vorhanden, aber bewusst nicht als kartiert veröffentlicht."
"7-273-08-tagebau-edderitz-boote-ohne-motor";"7-273-08";"Tagebau Edderitz - Boote ohne Motor";"Anhalt-Bitterfeld";"review";"two-source-v6.2-review";"51.4506507";"11.9907824";"0";"Kandidat vorhanden, aber bewusst nicht als kartiert veröffentlicht."
"7-273-10-schachtteich-bei-piethen";"7-273-10";"Schachtteich bei Piethen";"Anhalt-Bitterfeld";"review";"two-source-v6.2-review";"51.6703744";"11.9352208";"0.889";"Kandidat vorhanden, aber bewusst nicht als kartiert veröffentlicht."
"7-273-11-fuhne-von-einmundung-der-riede";"7-273-11";"Fuhne von Einmündung der Riede";"Anhalt-Bitterfeld";"review";"two-source-v6.2-review";"51.5953834";"12.0811945";"0.837";"Kandidat vorhanden, aber bewusst nicht als kartiert veröffentlicht."
"7-273-12-sportplatzteich-in-gorzig";"7-273-12";"Sportplatzteich in Görzig";"Anhalt-Bitterfeld";"review";"two-source-v6.2-review";"51.6663033";"11.996734";"0";"Kandidat vorhanden, aber bewusst nicht als kartiert veröffentlicht."
"7-273-17-dorfteich-reinsdorf";"7-273-17";"Dorfteich Reinsdorf";"Anhalt-Bitterfeld";"review";"two-source-v6.2-review";"51.6602206";"12.0017972";"0.816";"Kandidat vorhanden, aber bewusst nicht als kartiert veröffentlicht."
"7-273-18-pelzteich-gorzig";"7-273-18";"Pelzteich Görzig";"Anhalt-Bitterfeld";"review";"two-source-v6.2-review";"51.6663033";"11.996734";"0";"Kandidat vorhanden, aber bewusst nicht als kartiert veröffentlicht."
"7-273-20-teich-in-weddershausen";"7-273-20";"Teich in Weddershausen";"Anhalt-Bitterfeld";"review";"two-source-v6.2-review";"50.9834268";"12.1235181";"0";"Kandidat vorhanden, aber bewusst nicht als kartiert veröffentlicht."
"7-273-24-gutsteich-gorzig";"7-273-24";"Gutsteich Görzig";"Anhalt-Bitterfeld";"review";"two-source-v6.2-review";"51.6602206";"12.0017972";"0.815";"Kandidat vorhanden, aber bewusst nicht als kartiert veröffentlicht."
"7-275-00-ackermannsteich-elsnigk";"7-275-00";"Ackermannsteich Elsnigk";"Anhalt-Bitterfeld";"review";"two-source-v6.2-review";"51.785869";"12.0570474";"0.898";"Kandidat vorhanden, aber bewusst nicht als kartiert veröffentlicht."
"7-275-01-grubenteich-bei-osternienburg";"7-275-01";"Grubenteich bei Osternienburg";"Anhalt-Bitterfeld";"review";"two-source-v6.2-review";"51.7932112";"12.0294172";"0";"Kandidat vorhanden, aber bewusst nicht als kartiert veröffentlicht."
"7-275-02-kleine-sandfurchen-bei-osternienburg";"7-275-02";"Kleine Sandfürchen bei Osternienburg";"Anhalt-Bitterfeld";"review";"two-source-v6.2-review";"51.7932112";"12.0294172";"0";"Kandidat vorhanden, aber bewusst nicht als kartiert veröffentlicht."
"7-275-03-bruckmannsteich-und-pumpenteich-bei";"7-275-03";"Brückmannsteich und Pumpenteich bei";"Anhalt-Bitterfeld";"review";"two-source-v6.2-review";"51.8733238";"12.0764048";"0.92";"Kandidat vorhanden, aber bewusst nicht als kartiert veröffentlicht."
"7-275-06-baggerteich-bei-trebbichau-aken";"7-275-06";"Baggerteich bei Trebbichau/Aken";"Anhalt-Bitterfeld";"review";"two-source-v6.2-review";"51.8148832";"12.0036342";"0";"Kandidat vorhanden, aber bewusst nicht als kartiert veröffentlicht."
"7-275-08-drei-locher-in-micheln";"7-275-08";"Drei Löcher in Micheln";"Anhalt-Bitterfeld";"review";"two-source-v6.2-review";"51.8126905";"11.9951105";"0.853";"Kandidat vorhanden, aber bewusst nicht als kartiert veröffentlicht."
"7-275-09-entfallt";"7-275-09";"entfällt";"Anhalt-Bitterfeld";"unmapped";"";"";"";"0";"Noch keine belastbare Kartenposition vorhanden."
"7-275-10-sonntalteich-bei-micheln";"7-275-10";"Sonntalteich bei Micheln";"Anhalt-Bitterfeld";"review";"two-source-v6.2-review";"51.8126905";"11.9951105";"0.853";"Kandidat vorhanden, aber bewusst nicht als kartiert veröffentlicht."
"7-275-11-hasenteich-bei-osternienburg";"7-275-11";"Hasenteich bei Osternienburg";"Anhalt-Bitterfeld";"review";"two-source-v6.2-review";"51.7984866";"12.0403478";"0.875";"Kandidat vorhanden, aber bewusst nicht als kartiert veröffentlicht."
"7-275-18-maxdorfer-teich";"7-275-18";"Maxdorfer Teich";"Anhalt-Bitterfeld";"unmapped";"";"";"";"0";"Noch keine belastbare Kartenposition vorhanden."
"7-275-24-busch-raten-dornbock";"7-275-24";"Busch-Räten Dornbock";"Anhalt-Bitterfeld";"review";"two-source-v6.2-review";"51.8441156";"11.8886928";"0";"Kandidat vorhanden, aber bewusst nicht als kartiert veröffentlicht."
"7-276-02-schulteich-bei-trebbichau-aken";"7-276-02";"Schulteich bei Trebbichau/Aken";"Anhalt-Bitterfeld";"review";"two-source-v6.2-review";"51.8148832";"12.0036342";"0";"Kandidat vorhanden, aber bewusst nicht als kartiert veröffentlicht."
"7-276-05-teich-am-kulturzentrum-grobadegast";"7-276-05";"Teich am Kulturzentrum Großbadegast";"Anhalt-Bitterfeld";"review";"two-source-v6.2-review";"51.7304755";"12.0259311";"0";"Kandidat vorhanden, aber bewusst nicht als kartiert veröffentlicht."
"7-276-06-muhlteich-merzien";"7-276-06";"Mühlteich Merzien";"Anhalt-Bitterfeld";"review";"two-source-v6.2-review";"51.7520243";"12.0386367";"0";"Kandidat vorhanden, aber bewusst nicht als kartiert veröffentlicht."
"7-400-01-alte-elbe-bei-dornburg";"7-400-01";"Alte Elbe bei Dornburg";"Anhalt-Bitterfeld";"review";"two-source-v6.2-review";"52.034017";"11.8808589";"0";"Kandidat vorhanden, aber bewusst nicht als kartiert veröffentlicht."
"7-490-04-nuthe-im-landkreis-anhalt-bitterfeld-a-a-b-bf-d-h-k-pl-19-50-bis-walternienburg-mit-ausnahme-der-strecke-brucke-kameritz-bis-ca-3-km-flussaufwarts-salmostrecken-beachten";"7-490-04";"Nuthe im Landkreis Anhalt-Bitterfeld Ä, A, B, Bf, D, H, K, Pl 19,50 bis Walternienburg mit Ausnahme der Strecke Brücke Kämeritz bis ca. 3 km Flussaufwärts - Salmostrecken beachten!";"Anhalt-Bitterfeld";"review";"two-source-v6.2-review";"51.4869875";"11.9950441";"0";"Kandidat vorhanden, aber bewusst nicht als kartiert veröffentlicht."
"7-490-06-bonscher-teich";"7-490-06";"Bonscher Teich";"Anhalt-Bitterfeld";"unmapped";"";"";"";"0";"Noch keine belastbare Kartenposition vorhanden."
"7-490-07-ziegeleiteich-bei-niederlepte";"7-490-07";"Ziegeleiteich bei Niederlepte";"Anhalt-Bitterfeld";"review";"two-source-v6.2-review";"51.9602977";"12.0287754";"0";"Kandidat vorhanden, aber bewusst nicht als kartiert veröffentlicht."
"7-490-08-unterer-muhlenteich-bei-dobritz";"7-490-08";"Unterer Mühlenteich bei Dobritz";"Anhalt-Bitterfeld";"review";"two-source-v6.2-review";"52.0359155";"12.2326994";"0";"Kandidat vorhanden, aber bewusst nicht als kartiert veröffentlicht."
"7-491-01-godnitzer-see";"7-491-01";"Gödnitzer See";"Anhalt-Bitterfeld";"review";"two-source-v6.2-review";"51.9935234";"11.9193049";"0";"Kandidat vorhanden, aber bewusst nicht als kartiert veröffentlicht."
"7-491-03-pfaffensee-bei-steckby";"7-491-03";"Pfaffensee bei Steckby";"Anhalt-Bitterfeld";"review";"two-source-v6.2-review";"51.8923164";"12.0287527";"0";"Kandidat vorhanden, aber bewusst nicht als kartiert veröffentlicht."
"8-180-02-ehemaliger-badeteich-an-der";"8-180-02";"Ehemaliger Badeteich an der";"Wittenberg";"review";"two-source-v6.2-review";"51.8402593";"12.6321698";"0";"Kandidat vorhanden, aber bewusst nicht als kartiert veröffentlicht."
"8-180-03-birnbaummuhlenteich-grafenhainichen-a-b-bl-h-k-pl-ro-s-0-53";"8-180-03";"Birnbaummühlenteich Gräfenhainichen A, B, Bl, H, K, Pl, Ro, S 0,53";"Wittenberg";"review";"two-source-v6.2-review";"52.4901938";"11.7037949";"0.81";"Kandidat vorhanden, aber bewusst nicht als kartiert veröffentlicht."
"8-180-04-strohwalder-teich-grafenhainichen";"8-180-04";"Strohwalder Teich Gräfenhainichen";"Wittenberg";"review";"two-source-v6.2-review";"51.733025";"12.4521901";"0.855";"Kandidat vorhanden, aber bewusst nicht als kartiert veröffentlicht."
"8-180-05-affenteich-grafenhainichen";"8-180-05";"Affenteich Gräfenhainichen";"Wittenberg";"review";"two-source-v6.2-review";"51.733025";"12.4521901";"0.855";"Kandidat vorhanden, aber bewusst nicht als kartiert veröffentlicht."
"8-180-06-buchholzteich-grafenhainichen";"8-180-06";"Buchholzteich Gräfenhainichen";"Wittenberg";"review";"two-source-v6.2-review";"51.733025";"12.4521901";"0.855";"Kandidat vorhanden, aber bewusst nicht als kartiert veröffentlicht."
"8-181-01-reudener-grube";"8-181-01";"Reudener Grube";"Wittenberg";"review";"two-source-v6.2-review";"52.1435874";"11.499898";"0";"Kandidat vorhanden, aber bewusst nicht als kartiert veröffentlicht."
"8-181-02-tiefer-kolk-in-selbitz";"8-181-02";"Tiefer Kolk in Selbitz";"Wittenberg";"review";"two-source-v6.2-review";"51.8161006";"12.5317157";"0";"Kandidat vorhanden, aber bewusst nicht als kartiert veröffentlicht."
"8-181-03-muhlenteich-radis";"8-181-03";"Mühlenteich Radis";"Wittenberg";"review";"two-source-v6.2-review";"51.753493";"12.5133361";"0";"Kandidat vorhanden, aber bewusst nicht als kartiert veröffentlicht."
"8-181-04-tagebaurestloch-golpa-ii-gurke";"8-181-04";"Tagebaurestloch Golpa II (Gurke)";"Wittenberg";"unmapped";"";"";"";"0";"Noch keine belastbare Kartenposition vorhanden."
"8-181-05-tagebaurestloch-druschplatzteich";"8-181-05";"Tagebaurestloch Druschplatzteich";"Wittenberg";"review";"two-source-v6.2-review";"51.7196249";"12.3986165";"0.847";"Kandidat vorhanden, aber bewusst nicht als kartiert veröffentlicht."
"8-181-06-jagerteich-bei-sollichau";"8-181-06";"Jägerteich bei Söllichau";"Wittenberg";"review";"two-source-v6.2-review";"51.635642";"12.6423756";"0";"Kandidat vorhanden, aber bewusst nicht als kartiert veröffentlicht."
"8-181-07-unterer-dorfteich-sollichau";"8-181-07";"Unterer Dorfteich Söllichau";"Wittenberg";"review";"two-source-v6.2-review";"51.6357095";"12.6383932";"0.827";"Kandidat vorhanden, aber bewusst nicht als kartiert veröffentlicht."
"8-181-08-muhlteich-in-tornau";"8-181-08";"Mühlteich in Tornau";"Wittenberg";"review";"two-source-v6.2-review";"51.5282991";"12.0063723";"0";"Kandidat vorhanden, aber bewusst nicht als kartiert veröffentlicht."
"8-181-09-ganseteich-in-sollichau";"8-181-09";"Gänseteich in Söllichau";"Wittenberg";"review";"two-source-v6.2-review";"51.6357095";"12.6383932";"0.827";"Kandidat vorhanden, aber bewusst nicht als kartiert veröffentlicht."
"8-181-12-schleifbach-bei-sollichau";"8-181-12";"Schleifbach bei Söllichau";"Wittenberg";"review";"two-source-v6.2-review";"51.6357095";"12.6383932";"0.827";"Kandidat vorhanden, aber bewusst nicht als kartiert veröffentlicht."
"8-181-13-barbarasee-bei-grafenhainichen-boote";"8-181-13";"Barbarasee bei Gräfenhainichen Boote";"Wittenberg";"review";"two-source-v6.2-review";"51.6300127";"12.3906647";"0";"Kandidat vorhanden, aber bewusst nicht als kartiert veröffentlicht."
"8-182-01-alte-grube-mohlau";"8-182-01";"Alte Grube Möhlau";"Wittenberg";"review";"two-source-v6.2-review";"51.7321168";"12.3653566";"0";"Kandidat vorhanden, aber bewusst nicht als kartiert veröffentlicht."
"8-183-01-badeteich-vockerode";"8-183-01";"Badeteich Vockerode";"Wittenberg";"review";"two-source-v6.2-review";"51.8528385";"12.3280436";"0";"Kandidat vorhanden, aber bewusst nicht als kartiert veröffentlicht."
"8-183-02-elbe-von-km-244-5-km-248-3-linksseitig-a-bl-h-pl-z-w-q-52-00";"8-183-02";"Elbe von km 244, 5 - km 248, 3 linksseitig A, Bl, H, Pl, Z, W, Q 52,00";"Wittenberg";"review";"two-source-v6.2-review";"51.8631133";"12.6094985";"0";"Kandidat vorhanden, aber bewusst nicht als kartiert veröffentlicht."
"8-183-04-margaretenhofteich-bei-oranienbaum";"8-183-04";"Margaretenhofteich bei Oranienbaum";"Wittenberg";"review";"two-source-v6.2-review";"51.800217";"12.4017377";"0.888";"Kandidat vorhanden, aber bewusst nicht als kartiert veröffentlicht."
"8-183-05-talkenloch-bei-kakau";"8-183-05";"Talkenloch bei Kakau";"Wittenberg";"review";"two-source-v6.2-review";"51.8028305";"12.4298212";"0.899";"Kandidat vorhanden, aber bewusst nicht als kartiert veröffentlicht."
"8-183-06-alter-graben-worlitz";"8-183-06";"Alter Graben Wörlitz";"Wittenberg";"review";"two-source-v6.2-review";"51.8403817";"12.4122004";"0.851";"Kandidat vorhanden, aber bewusst nicht als kartiert veröffentlicht."
"8-183-07-am-fliegraben-diestelsee-bei-worlitz";"8-183-07";"Am Fließgraben-Diestelsee bei Wörlitz";"Wittenberg";"review";"two-source-v6.2-review";"51.8403817";"12.4122004";"0.851";"Kandidat vorhanden, aber bewusst nicht als kartiert veröffentlicht."
"8-183-08-fuhrtgraben-bei-worlitz";"8-183-08";"Fuhrtgraben bei Wörlitz";"Wittenberg";"review";"two-source-v6.2-review";"51.8403817";"12.4122004";"0.851";"Kandidat vorhanden, aber bewusst nicht als kartiert veröffentlicht."
"8-183-09-stammhainigte-bei-worlitz";"8-183-09";"Stammhainigte bei Wörlitz";"Wittenberg";"review";"two-source-v6.2-review";"51.8414537";"12.4199023";"0";"Kandidat vorhanden, aber bewusst nicht als kartiert veröffentlicht."
"8-183-10-groe-brage-bei-worlitz";"8-183-10";"Große Bräge bei Wörlitz";"Wittenberg";"review";"two-source-v6.2-review";"51.8392199";"12.4247973";"0.871";"Kandidat vorhanden, aber bewusst nicht als kartiert veröffentlicht."
"8-183-11-groes-hakenloch-bei-vockerode";"8-183-11";"Großes Hakenloch bei Vockerode";"Wittenberg";"review";"two-source-v6.2-review";"51.8528385";"12.3280436";"0";"Kandidat vorhanden, aber bewusst nicht als kartiert veröffentlicht."
"8-183-12-schiffinge-bei-vockerode";"8-183-12";"Schiffinge bei Vockerode";"Wittenberg";"review";"two-source-v6.2-review";"51.8421383";"12.3472439";"0.877";"Kandidat vorhanden, aber bewusst nicht als kartiert veröffentlicht."
"8-183-13-kapengraben-von-ehem-b107-bis-zur";"8-183-13";"Kapengraben von ehem. B107 bis zur";"Wittenberg";"review";"two-source-v6.2-review";"51.8173539";"10.7275565";"0";"Kandidat vorhanden, aber bewusst nicht als kartiert veröffentlicht."
"8-183-14-fliegraben-von-straenbrucke";"8-183-14";"Fließgraben von Straßenbrücke";"Wittenberg";"review";"two-source-v6.2-review";"51.1982592";"11.8646502";"0";"Kandidat vorhanden, aber bewusst nicht als kartiert veröffentlicht."
"8-183-16-hauptgraben-von-worlitz-bis-kakau";"8-183-16";"Hauptgraben von Wörlitz bis Kakau";"Wittenberg";"review";"two-source-v6.2-review";"51.8069817";"12.4327648";"0.89";"Kandidat vorhanden, aber bewusst nicht als kartiert veröffentlicht."
"8-183-17-4-wallstiche-an-den-mittelholzern";"8-183-17";"4 Wallstiche an den Mittelhölzern";"Wittenberg";"review";"two-source-v6.2-review";"51.8392199";"12.4247973";"0.871";"Kandidat vorhanden, aber bewusst nicht als kartiert veröffentlicht."
"8-184-01-roter-see-bei-rotta";"8-184-01";"Roter See bei Rotta";"Wittenberg";"review";"two-source-v6.2-review";"51.7640682";"12.6037443";"0";"Kandidat vorhanden, aber bewusst nicht als kartiert veröffentlicht."
"8-184-03-bergwitzsee";"8-184-03";"Bergwitzsee";"Wittenberg";"review";"two-source-v6.2-review";"51.793161";"12.5771963";"0";"Kandidat vorhanden, aber bewusst nicht als kartiert veröffentlicht."
"8-250-04-neues-bad-bei-jessen";"8-250-04";"Neues Bad bei Jessen";"Wittenberg";"review";"two-source-v6.2-review";"51.789176";"12.9637844";"0";"Kandidat vorhanden, aber bewusst nicht als kartiert veröffentlicht."
"8-250-05-saulug-bei-jessen";"8-250-05";"Saulug bei Jessen";"Wittenberg";"review";"two-source-v6.2-review";"51.7889189";"12.9639886";"0.845";"Kandidat vorhanden, aber bewusst nicht als kartiert veröffentlicht."
"8-250-07-neuer-arm-in-jessen";"8-250-07";"Neuer Arm in Jessen";"Wittenberg";"review";"two-source-v6.2-review";"51.7889189";"12.9639886";"0.845";"Kandidat vorhanden, aber bewusst nicht als kartiert veröffentlicht."
"8-250-08-schwarze-elster-von-lg-bis-zur-ein";"8-250-08";"Schwarze Elster von LG bis zur Ein-";"Wittenberg";"review";"two-source-v6.2-review";"52.1682383";"11.6101333";"0";"Kandidat vorhanden, aber bewusst nicht als kartiert veröffentlicht."
"8-250-09-schwarze-elster-von-straenbrucke";"8-250-09";"Schwarze Elster von Straßenbrücke";"Wittenberg";"review";"two-source-v6.2-review";"52.1405894";"11.6455823";"0";"Kandidat vorhanden, aber bewusst nicht als kartiert veröffentlicht."
"8-250-11-schopfwerk-gerbisbach";"8-250-11";"Schöpfwerk Gerbisbach";"Wittenberg";"review";"two-source-v6.2-review";"51.7485214";"12.9593593";"0";"Kandidat vorhanden, aber bewusst nicht als kartiert veröffentlicht."
"8-250-12-neugraben-von-landesgrenze-bis";"8-250-12";"Neugraben von Landesgrenze bis";"Wittenberg";"review";"two-source-v6.2-review";"51.6571329";"12.3058934";"0.784";"Kandidat vorhanden, aber bewusst nicht als kartiert veröffentlicht."
"8-250-13-landlache-vom-plossiger-graben-bis";"8-250-13";"Landlache vom Plossiger Graben bis";"Wittenberg";"review";"two-source-v6.2-review";"51.6571329";"12.3058934";"0.784";"Kandidat vorhanden, aber bewusst nicht als kartiert veröffentlicht."
"8-250-14-baggerteich-bei-brandis";"8-250-14";"Baggerteich bei Brandis";"Wittenberg";"review";"two-source-v6.2-review";"51.3742077";"11.9890859";"0.879";"Kandidat vorhanden, aber bewusst nicht als kartiert veröffentlicht."
"8-250-16-hufeisenteich-jessen-grabo";"8-250-16";"Hufeisenteich Jessen/Grabo";"Wittenberg";"review";"two-source-v6.2-review";"51.7856846";"12.9428407";"0";"Kandidat vorhanden, aber bewusst nicht als kartiert veröffentlicht."
"8-251-01-kiestagebau-elbekies-bei-prettin";"8-251-01";"Kiestagebau Elbekies bei Prettin";"Wittenberg";"review";"two-source-v6.2-review";"51.6591039";"12.9310159";"0.881";"Kandidat vorhanden, aber bewusst nicht als kartiert veröffentlicht."
"8-251-02-kiestagbau-badesee-bei-prettin";"8-251-02";"Kiestagbau (Badesee) bei Prettin";"Wittenberg";"review";"two-source-v6.2-review";"51.6606792";"12.9265071";"0";"Kandidat vorhanden, aber bewusst nicht als kartiert veröffentlicht."
"8-251-03-elbe-km-168-2-km-182-0-rechtss";"8-251-03";"Elbe km 168, 2 - km 182, 0 rechtss.";"Wittenberg";"review";"two-source-v6.2-review";"51.8630967";"12.6094164";"0";"Kandidat vorhanden, aber bewusst nicht als kartiert veröffentlicht."
"8-252-01-alte-elbe-in-iserbegka-bei-elster";"8-252-01";"Alte Elbe in Iserbegka bei Elster";"Wittenberg";"review";"two-source-v6.2-review";"51.8252467";"12.8383738";"0.801";"Kandidat vorhanden, aber bewusst nicht als kartiert veröffentlicht."
"8-253-01-das-loch-annaburg";"8-253-01";"Das Loch Annaburg";"Wittenberg";"review";"two-source-v6.2-review";"51.7252545";"13.0665369";"0";"Kandidat vorhanden, aber bewusst nicht als kartiert veröffentlicht."
"8-253-04-gewasser-meiner-lehrmann";"8-253-04";"Gewässer Meißner, Lehrmann";"Wittenberg";"review";"two-source-v6.2-review";"51.8814627";"11.0709441";"0";"Kandidat vorhanden, aber bewusst nicht als kartiert veröffentlicht."
"8-360-01-wasserloch-klieken";"8-360-01";"Wasserloch Klieken";"Wittenberg";"review";"two-source-v6.2-review";"51.8890225";"12.3704915";"0";"Kandidat vorhanden, aber bewusst nicht als kartiert veröffentlicht."
"8-360-03-silbersee-bei-zieko";"8-360-03";"Silbersee bei Zieko";"Wittenberg";"review";"two-source-v6.2-review";"51.9151337";"12.4107055";"0.857";"Kandidat vorhanden, aber bewusst nicht als kartiert veröffentlicht."
"8-360-07-steinmuhlenteich-bei-duben";"8-360-07";"Steinmühlenteich bei Düben";"Wittenberg";"review";"two-source-v6.2-review";"51.9229512";"12.3909361";"0.863";"Kandidat vorhanden, aber bewusst nicht als kartiert veröffentlicht."
"8-360-09-tongrube-mollensdorf";"8-360-09";"Tongrube Möllensdorf";"Wittenberg";"review";"two-source-v6.2-review";"51.9194001";"12.5359664";"0";"Kandidat vorhanden, aber bewusst nicht als kartiert veröffentlicht."
"8-361-02-kohlengrube-coswig-flamingbad";"8-361-02";"Kohlengrube Coswig (Flämingbad)";"Wittenberg";"review";"two-source-v6.2-review";"51.8953884";"12.4275045";"0.834";"Kandidat vorhanden, aber bewusst nicht als kartiert veröffentlicht."
"8-460-01-klinkerteich-bei-bad-schmiedeberg";"8-460-01";"Klinkerteich bei Bad Schmiedeberg";"Wittenberg";"review";"two-source-v6.2-review";"51.6883775";"12.7409236";"0";"Kandidat vorhanden, aber bewusst nicht als kartiert veröffentlicht."
"8-460-02-brauteich-schlograben-und";"8-460-02";"Brauteich, Schloßgraben und";"Wittenberg";"review";"two-source-v6.2-review";"51.961923";"12.7437947";"0.932";"Kandidat vorhanden, aber bewusst nicht als kartiert veröffentlicht."
"8-460-10-fleischerwerder-bei-dabrun";"8-460-10";"Fleischerwerder bei Dabrun";"Wittenberg";"review";"two-source-v6.2-review";"51.8287999";"12.7242829";"0.83";"Kandidat vorhanden, aber bewusst nicht als kartiert veröffentlicht."
"8-460-11-booser-ri-im-ot-boos-dabrun";"8-460-11";"Booser Riß im OT Boos/Dabrun";"Wittenberg";"review";"two-source-v6.2-review";"51.8404206";"12.6879542";"0";"Kandidat vorhanden, aber bewusst nicht als kartiert veröffentlicht."
"8-460-12-3-waldteiche-bei-reinsdorf";"8-460-12";"3 Waldteiche bei Reinsdorf";"Wittenberg";"review";"two-source-v6.2-review";"51.2980476";"11.6012537";"0";"Kandidat vorhanden, aber bewusst nicht als kartiert veröffentlicht."
"8-460-13-groer-aca-teich-bei-reinsdorf";"8-460-13";"Großer (ACA) Teich bei Reinsdorf";"Wittenberg";"review";"two-source-v6.2-review";"51.2980476";"11.6012537";"0";"Kandidat vorhanden, aber bewusst nicht als kartiert veröffentlicht."
"8-460-14-teich-bleddin";"8-460-14";"Teich Bleddin";"Wittenberg";"review";"two-source-v6.2-review";"51.7876459";"12.784032";"0.902";"Kandidat vorhanden, aber bewusst nicht als kartiert veröffentlicht."
"8-460-15-schluft-bei-bleddin";"8-460-15";"Schluft bei Bleddin";"Wittenberg";"review";"two-source-v6.2-review";"51.7876459";"12.784032";"0.902";"Kandidat vorhanden, aber bewusst nicht als kartiert veröffentlicht."
"8-460-17-sandkolk-bleddin";"8-460-17";"Sandkolk Bleddin";"Wittenberg";"review";"two-source-v6.2-review";"51.7876459";"12.784032";"0.902";"Kandidat vorhanden, aber bewusst nicht als kartiert veröffentlicht."
"8-460-23-moschkolk-bei-wartenburg";"8-460-23";"Moschkolk bei Wartenburg";"Wittenberg";"review";"two-source-v6.2-review";"51.8104739";"12.777933";"0";"Kandidat vorhanden, aber bewusst nicht als kartiert veröffentlicht."
"8-460-24-blaues-auge-bei-reinharz";"8-460-24";"Blaues Auge bei Reinharz";"Wittenberg";"review";"two-source-v6.2-review";"51.7012843";"12.6715444";"0";"Kandidat vorhanden, aber bewusst nicht als kartiert veröffentlicht."
"8-460-27-kolk-in-den-krebshornwiesen";"8-460-27";"Kolk in den Krebshornwiesen";"Wittenberg";"review";"two-source-v6.2-review";"52.2708363";"11.8713047";"0";"Kandidat vorhanden, aber bewusst nicht als kartiert veröffentlicht."
"8-460-28-kleiner-ri-bei-dabrun-schleienloch";"8-460-28";"Kleiner Riß bei Dabrun (Schleienloch)";"Wittenberg";"review";"two-source-v6.2-review";"51.8287999";"12.7242829";"0.83";"Kandidat vorhanden, aber bewusst nicht als kartiert veröffentlicht."
"8-460-33-schluft-priesitz";"8-460-33";"Schluft Priesitz";"Wittenberg";"review";"two-source-v6.2-review";"51.707121";"12.83869";"0.89";"Kandidat vorhanden, aber bewusst nicht als kartiert veröffentlicht."
"8-460-35-3-weinbergeiche-abtsdorf";"8-460-35";"3 Weinbergeiche Abtsdorf";"Wittenberg";"review";"two-source-v6.2-review";"51.8881929";"12.7270905";"0";"Kandidat vorhanden, aber bewusst nicht als kartiert veröffentlicht."
"8-460-36-tiefer-kolk-bei-trebitz";"8-460-36";"Tiefer Kolk bei Trebitz";"Wittenberg";"review";"two-source-v6.2-review";"51.7057999";"11.7673211";"0";"Kandidat vorhanden, aber bewusst nicht als kartiert veröffentlicht."
"8-460-37-sandekolk-bei-dabrun";"8-460-37";"Sandekolk bei Dabrun";"Wittenberg";"review";"two-source-v6.2-review";"51.8287999";"12.7242829";"0.83";"Kandidat vorhanden, aber bewusst nicht als kartiert veröffentlicht."
"8-460-38-fliegraben-vom-wachsdorfer";"8-460-38";"Fließgraben vom Wachsdorfer";"Wittenberg";"unmapped";"";"";"";"0";"Noch keine belastbare Kartenposition vorhanden."
"8-460-39-kolk-seegrehna";"8-460-39";"Kolk Seegrehna";"Wittenberg";"review";"two-source-v6.2-review";"51.8319227";"12.5585471";"0";"Kandidat vorhanden, aber bewusst nicht als kartiert veröffentlicht."
"8-460-40-forsterloch-bei-seegrehna";"8-460-40";"Försterloch bei Seegrehna";"Wittenberg";"review";"two-source-v6.2-review";"51.8319227";"12.5585471";"0";"Kandidat vorhanden, aber bewusst nicht als kartiert veröffentlicht."
"8-460-42-krummer-see-bodemar-bei-seegrehna-a-bl-h-k-pl-s-1-24";"8-460-42";"Krummer See (Bodemar) bei Seegrehna A, Bl, H, K, Pl, S 1,24";"Wittenberg";"review";"two-source-v6.2-review";"51.4708382";"11.8860993";"0.755";"Kandidat vorhanden, aber bewusst nicht als kartiert veröffentlicht."
"8-460-43-blumenwinkel-bei-seegrehna";"8-460-43";"Blumenwinkel bei Seegrehna";"Wittenberg";"review";"two-source-v6.2-review";"51.8319227";"12.5585471";"0";"Kandidat vorhanden, aber bewusst nicht als kartiert veröffentlicht."
"8-460-44-drehkolk-bei-seegrehna";"8-460-44";"Drehkolk bei Seegrehna";"Wittenberg";"review";"two-source-v6.2-review";"51.8319227";"12.5585471";"0";"Kandidat vorhanden, aber bewusst nicht als kartiert veröffentlicht."
"8-460-45-hauskolk-bei-seegrehna";"8-460-45";"Hauskolk bei Seegrehna";"Wittenberg";"review";"two-source-v6.2-review";"51.8319227";"12.5585471";"0";"Kandidat vorhanden, aber bewusst nicht als kartiert veröffentlicht."
"8-460-46-alter-bruckenkopf-muschelteich-pratau-b-bl-h-pl-1-24";"8-460-46";"Alter Brückenkopf (Muschelteich) Pratau B, Bl, H, Pl 1,24";"Wittenberg";"review";"two-source-v6.2-review";"51.4797441";"11.8783399";"0";"Kandidat vorhanden, aber bewusst nicht als kartiert veröffentlicht."
"8-460-47-tonteich-bulzig";"8-460-47";"Tonteich Bülzig";"Wittenberg";"review";"two-source-v6.2-review";"51.8928351";"12.7571365";"0";"Kandidat vorhanden, aber bewusst nicht als kartiert veröffentlicht."
"8-460-49-groer-see-bleesern-bei-seegrehna";"8-460-49";"Großer See (Bleesern) bei Seegrehna";"Wittenberg";"review";"two-source-v6.2-review";"51.8319227";"12.5585471";"0";"Kandidat vorhanden, aber bewusst nicht als kartiert veröffentlicht."
"8-460-50-schwarzes-wasser-bei-seegrehna";"8-460-50";"Schwarzes Wasser bei Seegrehna";"Wittenberg";"review";"two-source-v6.2-review";"51.8319227";"12.5585471";"0";"Kandidat vorhanden, aber bewusst nicht als kartiert veröffentlicht."
"8-460-51-sandebreite-bei-seegrehna";"8-460-51";"Sandebreite bei Seegrehna";"Wittenberg";"review";"two-source-v6.2-review";"51.8319227";"12.5585471";"0";"Kandidat vorhanden, aber bewusst nicht als kartiert veröffentlicht."
"8-460-53-alte-elbe-merschwitz";"8-460-53";"Alte Elbe Merschwitz";"Wittenberg";"review";"two-source-v6.2-review";"51.7351586";"12.7996359";"0";"Kandidat vorhanden, aber bewusst nicht als kartiert veröffentlicht."
"8-460-54-alte-badeanstalt-kemberg";"8-460-54";"Alte Badeanstalt Kemberg";"Wittenberg";"review";"two-source-v6.2-review";"51.7716825";"12.625912";"0.924";"Kandidat vorhanden, aber bewusst nicht als kartiert veröffentlicht."
"8-460-55-wendel-wittenberg";"8-460-55";"Wendel Wittenberg";"Wittenberg";"review";"two-source-v6.2-review";"51.8620156";"12.6926851";"0.894";"Kandidat vorhanden, aber bewusst nicht als kartiert veröffentlicht."
"8-460-56-booser-graben-vom-booser-ri-zur-elbe";"8-460-56";"Booser Graben vom Booser Riß zur Elbe";"Wittenberg";"review";"two-source-v6.2-review";"51.844406";"12.7447395";"0";"Kandidat vorhanden, aber bewusst nicht als kartiert veröffentlicht."
"8-460-57-espenkolk-i-und-ii-bei-gallin-muhlanger";"8-460-57";"Espenkolk I und II bei Gallin/Mühlanger";"Wittenberg";"review";"two-source-v6.2-review";"51.8384308";"12.7623931";"0.865";"Kandidat vorhanden, aber bewusst nicht als kartiert veröffentlicht."
"8-460-58-wilde-kolke-i-bei-dabrun-melzwig";"8-460-58";"Wilde Kölke I bei Dabrun/Melzwig";"Wittenberg";"review";"two-source-v6.2-review";"51.8287999";"12.7242829";"0.854";"Kandidat vorhanden, aber bewusst nicht als kartiert veröffentlicht."
"8-460-59-tiefes-loch-bleddin";"8-460-59";"Tiefes Loch Bleddin";"Wittenberg";"review";"two-source-v6.2-review";"51.7876459";"12.784032";"0.902";"Kandidat vorhanden, aber bewusst nicht als kartiert veröffentlicht."
"8-460-63-schwarzes-loch-1-3";"8-460-63";"Schwarzes Loch (1-3)";"Wittenberg";"review";"two-source-v6.2-review";"51.8740104";"12.075008";"0";"Kandidat vorhanden, aber bewusst nicht als kartiert veröffentlicht."
"8-460-67-katzenergel-bei-seegrehna";"8-460-67";"Katzenergel bei Seegrehna";"Wittenberg";"review";"two-source-v6.2-review";"51.8319227";"12.5585471";"0";"Kandidat vorhanden, aber bewusst nicht als kartiert veröffentlicht."
"8-460-73-zahna-von-der-strae-zahna";"8-460-73";"Zahna von der Straße Zahna-";"Wittenberg";"review";"two-source-v6.2-review";"51.93506";"12.7546736";"0";"Kandidat vorhanden, aber bewusst nicht als kartiert veröffentlicht."
"8-460-75-rehkolk-apollensdorf";"8-460-75";"Rehkolk Apollensdorf";"Wittenberg";"review";"two-source-v6.2-review";"51.8720593";"12.5418473";"0.895";"Kandidat vorhanden, aber bewusst nicht als kartiert veröffentlicht."
"8-460-76-wolfskolk-seegrehna";"8-460-76";"Wolfskolk Seegrehna";"Wittenberg";"review";"two-source-v6.2-review";"51.8319227";"12.5585471";"0";"Kandidat vorhanden, aber bewusst nicht als kartiert veröffentlicht."
"9-150-02-monchsteich-hausbergteich-bischofrode-a-k-ro-s-0-50";"9-150-02";"Mönchsteich (Hausbergteich) Bischofrode A, K, Ro, S 0,50";"Mansfeld-Südharz";"unmapped";"";"";"";"0";"Noch keine belastbare Kartenposition vorhanden."
"9-150-03-gemeindebad-neptun-helbra";"9-150-03";"Gemeindebad Neptun Helbra";"Mansfeld-Südharz";"review";"two-source-v6.2-review";"51.5567605";"11.4932511";"0";"Kandidat vorhanden, aber bewusst nicht als kartiert veröffentlicht."
"9-150-05-ottilienteich-bei-roblingen";"9-150-05";"Ottilienteich bei Röblingen";"Mansfeld-Südharz";"review";"two-source-v6.2-review";"51.4535698";"11.6731185";"0.789";"Kandidat vorhanden, aber bewusst nicht als kartiert veröffentlicht."
"9-150-06-marthateich-bei-wansleben";"9-150-06";"Marthateich bei Wansleben";"Mansfeld-Südharz";"review";"two-source-v6.2-review";"51.4611455";"11.7486181";"0";"Kandidat vorhanden, aber bewusst nicht als kartiert veröffentlicht."
"9-150-08-restl-tonlocher-ost-bei-wansleben";"9-150-08";"restl. Tonlöcher Ost bei Wansleben";"Mansfeld-Südharz";"review";"two-source-v6.2-review";"51.4611455";"11.7486181";"0";"Kandidat vorhanden, aber bewusst nicht als kartiert veröffentlicht."
"9-150-09-grube-bornstedt-neugluck";"9-150-09";"Grube Bornstedt Neuglück";"Mansfeld-Südharz";"review";"two-source-v6.2-review";"51.4868723";"11.4676944";"0";"Kandidat vorhanden, aber bewusst nicht als kartiert veröffentlicht."
"9-150-11-minnabad-volkstedt";"9-150-11";"Minnabad Volkstedt";"Mansfeld-Südharz";"review";"two-source-v6.2-review";"51.5696092";"11.5423583";"0.847";"Kandidat vorhanden, aber bewusst nicht als kartiert veröffentlicht."
"9-150-12-kleinwasserspeicher-ziegelrode";"9-150-12";"Kleinwasserspeicher Ziegelrode";"Mansfeld-Südharz";"unmapped";"";"";"";"0";"Noch keine belastbare Kartenposition vorhanden."
"9-150-13-hofteich-in-stedten";"9-150-13";"Hofteich in Stedten";"Mansfeld-Südharz";"review";"two-source-v6.2-review";"51.4400223";"11.6846419";"0";"Kandidat vorhanden, aber bewusst nicht als kartiert veröffentlicht."
"9-150-15-mittelgraben-v-stollengraben-bis";"9-150-15";"Mittelgraben v. Stollengraben bis";"Mansfeld-Südharz";"review";"two-source-v6.2-review";"51.6571329";"12.3058934";"0.784";"Kandidat vorhanden, aber bewusst nicht als kartiert veröffentlicht."
"9-150-17-sudlicher-ringkanal-von";"9-150-17";"Südlicher Ringkanal von";"Mansfeld-Südharz";"review";"two-source-v6.2-review";"51.1982592";"11.8646502";"0";"Kandidat vorhanden, aber bewusst nicht als kartiert veröffentlicht."
"9-150-18-tonloch-lauraberg-roblingen";"9-150-18";"Tonloch Lauraberg Röblingen";"Mansfeld-Südharz";"review";"two-source-v6.2-review";"51.4535698";"11.6731185";"0.789";"Kandidat vorhanden, aber bewusst nicht als kartiert veröffentlicht."
"9-150-19-helmsdorfer-teiche";"9-150-19";"Helmsdorfer Teiche";"Mansfeld-Südharz";"review";"two-source-v6.2-review";"51.6830703";"12.7977173";"0";"Kandidat vorhanden, aber bewusst nicht als kartiert veröffentlicht."
"9-150-21-groes-tonloch-wansleben";"9-150-21";"Großes Tonloch Wansleben";"Mansfeld-Südharz";"review";"two-source-v6.2-review";"51.4611455";"11.7486181";"0";"Kandidat vorhanden, aber bewusst nicht als kartiert veröffentlicht."
"9-150-22-nonnental-hornurg";"9-150-22";"Nonnental Hornurg";"Mansfeld-Südharz";"unmapped";"";"";"";"0";"Noch keine belastbare Kartenposition vorhanden."
"9-151-01-rudels-teich-bei-helfta";"9-151-01";"Rüdels Teich bei Helfta";"Mansfeld-Südharz";"review";"two-source-v6.2-review";"51.5056173";"11.5730922";"0.866";"Kandidat vorhanden, aber bewusst nicht als kartiert veröffentlicht."
"9-230-01-parkteich-in-wiederstedt";"9-230-01";"Parkteich in Wiederstedt";"Mansfeld-Südharz";"review";"two-source-v6.2-review";"51.6667";"11.5333";"0";"Kandidat vorhanden, aber bewusst nicht als kartiert veröffentlicht."
"9-230-02-tonloch-bei-hettstedt";"9-230-02";"Tonloch bei Hettstedt";"Mansfeld-Südharz";"review";"two-source-v6.2-review";"51.6500047";"11.4999986";"0";"Kandidat vorhanden, aber bewusst nicht als kartiert veröffentlicht."
"9-230-05-mansfelder-teich";"9-230-05";"Mansfelder Teich";"Mansfeld-Südharz";"review";"two-source-v6.2-review";"51.5816891";"11.4298761";"0";"Kandidat vorhanden, aber bewusst nicht als kartiert veröffentlicht."
"9-230-07-wippertalsperre";"9-230-07";"Wippertalsperre";"Mansfeld-Südharz";"review";"two-source-v6.2-review";"51.5696125";"11.192582";"0";"Kandidat vorhanden, aber bewusst nicht als kartiert veröffentlicht."
"9-230-08-schaferteich-sylda";"9-230-08";"Schäferteich Sylda";"Mansfeld-Südharz";"review";"two-source-v6.2-review";"51.679334";"11.4230811";"0.908";"Kandidat vorhanden, aber bewusst nicht als kartiert veröffentlicht."
"9-230-09-dorfteich-sylda";"9-230-09";"Dorfteich Sylda";"Mansfeld-Südharz";"review";"two-source-v6.2-review";"51.679334";"11.4230811";"0.908";"Kandidat vorhanden, aber bewusst nicht als kartiert veröffentlicht."
"9-230-11-amtsteich-bei-vatterode";"9-230-11";"Amtsteich bei Vatterode";"Mansfeld-Südharz";"review";"two-source-v6.2-review";"51.6010129";"11.4330532";"0";"Kandidat vorhanden, aber bewusst nicht als kartiert veröffentlicht."
"9-230-13-huttenteich-sylda";"9-230-13";"Hüttenteich Sylda";"Mansfeld-Südharz";"review";"two-source-v6.2-review";"51.679334";"11.4230811";"0.908";"Kandidat vorhanden, aber bewusst nicht als kartiert veröffentlicht."
"9-230-14-dorfteich-greifenhagen";"9-230-14";"Dorfteich Greifenhagen";"Mansfeld-Südharz";"unmapped";"";"";"";"0";"Noch keine belastbare Kartenposition vorhanden."
"9-230-15-ochsenpfuhlbachteich-vatterode";"9-230-15";"Ochsenpfuhlbachteich Vatterode";"Mansfeld-Südharz";"review";"two-source-v6.2-review";"51.5992349";"11.426009";"0.854";"Kandidat vorhanden, aber bewusst nicht als kartiert veröffentlicht."
"9-351-01-unterer-hofteich-in-sittichenbach";"9-351-01";"Unterer Hofteich in Sittichenbach";"Mansfeld-Südharz";"review";"two-source-v6.2-review";"51.4664524";"11.5179253";"0";"Kandidat vorhanden, aber bewusst nicht als kartiert veröffentlicht."
"9-351-02-fischteich-rothenschirmbach";"9-351-02";"Fischteich Rothenschirmbach";"Mansfeld-Südharz";"unmapped";"";"";"";"0";"Noch keine belastbare Kartenposition vorhanden."
"9-352-01-oberer-hofteich-in-sittichenbach";"9-352-01";"Oberer Hofteich in Sittichenbach";"Mansfeld-Südharz";"review";"two-source-v6.2-review";"51.4664524";"11.5179253";"0";"Kandidat vorhanden, aber bewusst nicht als kartiert veröffentlicht."
"9-390-02-see-hackpuffel";"9-390-02";"See Hackpüffel";"Mansfeld-Südharz";"unmapped";"";"";"";"0";"Noch keine belastbare Kartenposition vorhanden."
"9-390-03-toter-arm-lange-helme-bei";"9-390-03";"Toter Arm „Lange Helme“ bei";"Mansfeld-Südharz";"review";"two-source-v6.2-review";"51.4446311";"11.2297054";"0";"Kandidat vorhanden, aber bewusst nicht als kartiert veröffentlicht."
"9-390-08-schloteich-rottleberode";"9-390-08";"Schloßteich Rottleberode";"Mansfeld-Südharz";"review";"two-source-v6.2-review";"51.5185198";"10.9462338";"0";"Kandidat vorhanden, aber bewusst nicht als kartiert veröffentlicht."
"9-390-09-entfallt";"9-390-09";"entfällt";"Mansfeld-Südharz";"unmapped";"";"";"";"0";"Noch keine belastbare Kartenposition vorhanden."
"9-390-10-altarm-am-hornissenberg-bei-kelbra";"9-390-10";"Altarm am Hornissenberg bei Kelbra";"Mansfeld-Südharz";"review";"two-source-v6.2-review";"51.4390267";"11.0361459";"0.856";"Kandidat vorhanden, aber bewusst nicht als kartiert veröffentlicht."
"9-390-11-neuvorwerksteich-bei-allstedt";"9-390-11";"Neuvorwerksteich bei Allstedt";"Mansfeld-Südharz";"review";"two-source-v6.2-review";"51.402697";"11.3873822";"0";"Kandidat vorhanden, aber bewusst nicht als kartiert veröffentlicht."
"9-390-12-teich-karlsrode";"9-390-12";"Teich Karlsrode";"Mansfeld-Südharz";"review";"two-source-v6.2-review";"51.5482021";"11.0598093";"0";"Kandidat vorhanden, aber bewusst nicht als kartiert veröffentlicht."
"9-390-18-feuerloschteich-in-dittichenrode";"9-390-18";"Feuerlöschteich in Dittichenrode";"Mansfeld-Südharz";"review";"two-source-v6.2-review";"51.4689026";"11.1009878";"0.831";"Kandidat vorhanden, aber bewusst nicht als kartiert veröffentlicht."
"9-390-19-dorfteich-rotha";"9-390-19";"Dorfteich Rotha";"Mansfeld-Südharz";"review";"two-source-v6.2-review";"51.5409166";"11.1474381";"0.937";"Kandidat vorhanden, aber bewusst nicht als kartiert veröffentlicht."
"9-390-20-kunstteich-bei-wettelrode";"9-390-20";"Kunstteich bei Wettelrode";"Mansfeld-Südharz";"review";"two-source-v6.2-review";"51.5142656";"11.2755607";"0.824";"Kandidat vorhanden, aber bewusst nicht als kartiert veröffentlicht."
"9-390-21-zweier-und-dreierteich-am-rosarium";"9-390-21";"Zweier- und Dreierteich am Rosarium";"Mansfeld-Südharz";"review";"two-source-v6.2-review";"51.474971";"11.3099336";"0.837";"Kandidat vorhanden, aber bewusst nicht als kartiert veröffentlicht."
"9-390-22-helme-ab-200m-unterhalb-straen";"9-390-22";"Helme ab 200m unterhalb Straßen-";"Mansfeld-Südharz";"review";"two-source-v6.2-review";"51.3549269";"11.9907986";"0";"Kandidat vorhanden, aber bewusst nicht als kartiert veröffentlicht."
"9-390-24-alte-kiesgrube-berga";"9-390-24";"Alte Kiesgrube Berga";"Mansfeld-Südharz";"review";"two-source-v6.2-review";"51.4572795";"11.0018156";"0.87";"Kandidat vorhanden, aber bewusst nicht als kartiert veröffentlicht."
"9-390-25-teich-in-beyernaumburg-othal";"9-390-25";"Teich in Beyernaumburg/Othal";"Mansfeld-Südharz";"review";"two-source-v6.2-review";"50.9834268";"12.1235181";"0";"Kandidat vorhanden, aber bewusst nicht als kartiert veröffentlicht."
"9-390-28-toter-helmearm-bei-bennungen";"9-390-28";"Toter Helmearm bei Bennungen";"Mansfeld-Südharz";"review";"two-source-v6.2-review";"51.4598672";"11.1178032";"0";"Kandidat vorhanden, aber bewusst nicht als kartiert veröffentlicht."
"9-390-29-alte-kiesgrube-katarienenrieth";"9-390-29";"Alte Kiesgrube Katarienenrieth";"Mansfeld-Südharz";"unmapped";"";"";"";"0";"Noch keine belastbare Kartenposition vorhanden."
"9-390-32-stausee-kelbra";"9-390-32";"Stausee Kelbra";"Mansfeld-Südharz";"review";"two-source-v6.2-review";"51.4390267";"11.0361459";"0.856";"Kandidat vorhanden, aber bewusst nicht als kartiert veröffentlicht."
"10-210-01-kiesgrube-in-rattmannsdorf";"10-210-01";"Kiesgrube in Rattmannsdorf";"Saalekreis";"review";"two-source-v6.2-review";"51.416118";"11.9547373";"0.839";"Kandidat vorhanden, aber bewusst nicht als kartiert veröffentlicht."
"10-210-02-kiesgrube-gansteich-zwintschona";"10-210-02";"Kiesgrube (Gänsteich) Zwintschöna";"Saalekreis";"review";"two-source-v6.2-review";"51.4481896";"12.0486271";"0";"Kandidat vorhanden, aber bewusst nicht als kartiert veröffentlicht."
"10-210-03-friedrichsbad-in-zwintschona";"10-210-03";"Friedrichsbad in Zwintschöna";"Saalekreis";"review";"two-source-v6.2-review";"51.4499103";"12.0488239";"0.888";"Kandidat vorhanden, aber bewusst nicht als kartiert veröffentlicht."
"10-210-04-dorfteich-in-zwintschona";"10-210-04";"Dorfteich in Zwintschöna";"Saalekreis";"review";"two-source-v6.2-review";"51.4499103";"12.0488239";"0.888";"Kandidat vorhanden, aber bewusst nicht als kartiert veröffentlicht."
"10-210-05-muhlteich-in-zwintschona";"10-210-05";"Mühlteich in Zwintschöna";"Saalekreis";"review";"two-source-v6.2-review";"51.4499103";"12.0488239";"0.888";"Kandidat vorhanden, aber bewusst nicht als kartiert veröffentlicht."
"10-210-06-kiesgrube-rockendorf-bei-hohenweiden";"10-210-06";"Kiesgrube Rockendorf bei Hohenweiden";"Saalekreis";"review";"two-source-v6.2-review";"51.4126386";"11.9335821";"0";"Kandidat vorhanden, aber bewusst nicht als kartiert veröffentlicht."
"10-210-07-kiesgrube-in-ropzig";"10-210-07";"Kiesgrube in Röpzig";"Saalekreis";"review";"two-source-v6.2-review";"51.4328408";"11.9440623";"0";"Kandidat vorhanden, aber bewusst nicht als kartiert veröffentlicht."
"10-210-08-wallendorfer-see-aktuelle";"10-210-08";"Wallendorfer See - Aktuelle";"Saalekreis";"unmapped";"";"";"";"0";"Noch keine belastbare Kartenposition vorhanden."
"10-210-10-dorfteich-plonitz";"10-210-10";"Dorfteich Plößnitz";"Saalekreis";"review";"two-source-v6.2-review";"51.5348193";"12.0593357";"0.912";"Kandidat vorhanden, aber bewusst nicht als kartiert veröffentlicht."
"10-210-11-dorfteich-hohenthurm";"10-210-11";"Dorfteich Hohenthurm";"Saalekreis";"review";"two-source-v6.2-review";"51.5237204";"12.1006565";"0";"Kandidat vorhanden, aber bewusst nicht als kartiert veröffentlicht."
"10-290-03-krugs-teich-in-schafstadt";"10-290-03";"Krugs Teich in Schafstädt";"Saalekreis";"review";"two-source-v6.2-review";"51.3828756";"11.7752528";"0.925";"Kandidat vorhanden, aber bewusst nicht als kartiert veröffentlicht."
"10-290-05-gr-und-kl-muhlteich-schkopau";"10-290-05";"Gr. und Kl. Mühlteich Schkopau";"Saalekreis";"review";"two-source-v6.2-review";"51.3907253";"11.985593";"0";"Kandidat vorhanden, aber bewusst nicht als kartiert veröffentlicht."
"10-290-06-parkteich-in-braunsbedra";"10-290-06";"Parkteich in Braunsbedra";"Saalekreis";"review";"two-source-v6.2-review";"51.2887039";"11.8746476";"0.79";"Kandidat vorhanden, aber bewusst nicht als kartiert veröffentlicht."
"10-290-08-dorfteich-zollschen";"10-290-08";"Dorfteich Zöllschen";"Saalekreis";"review";"two-source-v6.2-review";"51.2726083";"12.1189504";"0";"Kandidat vorhanden, aber bewusst nicht als kartiert veröffentlicht."
"10-290-09-groes-kohlenloch-bei-tollwitz";"10-290-09";"Großes Kohlenloch bei Tollwitz";"Saalekreis";"review";"two-source-v6.2-review";"51.2850233";"12.0995143";"0";"Kandidat vorhanden, aber bewusst nicht als kartiert veröffentlicht."
"10-290-10-kleines-kohlenloch-bei-tollwitz";"10-290-10";"Kleines Kohlenloch bei Tollwitz";"Saalekreis";"review";"two-source-v6.2-review";"51.2783797";"12.1074995";"0.895";"Kandidat vorhanden, aber bewusst nicht als kartiert veröffentlicht."
"10-290-11-pfutze-bei-tollwitz";"10-290-11";"Pfütze bei Tollwitz";"Saalekreis";"review";"two-source-v6.2-review";"51.2783797";"12.1074995";"0.895";"Kandidat vorhanden, aber bewusst nicht als kartiert veröffentlicht."
"10-290-13-saale-leipzig-kanal";"10-290-13";"Saale-Leipzig-Kanal";"Saalekreis";"unmapped";"";"";"";"0";"Noch keine belastbare Kartenposition vorhanden."
"10-290-14-saale-im-altkreis-merseburg";"10-290-14";"Saale im Altkreis Merseburg";"Saalekreis";"review";"two-source-v6.2-review";"51.3592592";"12.0032226";"0.844";"Kandidat vorhanden, aber bewusst nicht als kartiert veröffentlicht."
"10-290-16-kanal-wusteneutsch-km-1-32-1-62";"10-290-16";"Kanal Wüsteneutsch km 1, 32 - 1, 62";"Saalekreis";"review";"two-source-v6.2-review";"51.5180425";"12.0827055";"0.758";"Kandidat vorhanden, aber bewusst nicht als kartiert veröffentlicht."
"10-290-17-schenkteich-in-zweimen";"10-290-17";"Schenkteich in Zweimen";"Saalekreis";"review";"two-source-v6.2-review";"51.3619887";"12.1362389";"0";"Kandidat vorhanden, aber bewusst nicht als kartiert veröffentlicht."
"10-290-18-hirtenteich-in-zweimen";"10-290-18";"Hirtenteich in Zweimen";"Saalekreis";"review";"two-source-v6.2-review";"51.3546752";"12.1372834";"0.885";"Kandidat vorhanden, aber bewusst nicht als kartiert veröffentlicht."
"10-290-20-kuhteich-feldsee-bei-wallendorf";"10-290-20";"Kuhteich (Feldsee) bei Wallendorf";"Saalekreis";"review";"two-source-v6.2-review";"51.3554127";"12.0818832";"0";"Kandidat vorhanden, aber bewusst nicht als kartiert veröffentlicht."
"10-290-22-geisel-von-quelle-bei-mucheln-bis";"10-290-22";"Geisel von Quelle bei Mücheln bis";"Saalekreis";"review";"two-source-v6.2-review";"51.5660773";"12.0688254";"0.887";"Kandidat vorhanden, aber bewusst nicht als kartiert veröffentlicht."
"10-290-23-luppe-von-landesgrenze-sachsen";"10-290-23";"Luppe von Landesgrenze Sachsen";"Saalekreis";"review";"two-source-v6.2-review";"51.6963947";"11.2059699";"0.851";"Kandidat vorhanden, aber bewusst nicht als kartiert veröffentlicht."
"10-290-24-weie-elster-von-landesgrenze-sachsen";"10-290-24";"Weiße Elster von Landesgrenze Sachsen";"Saalekreis";"review";"two-source-v6.2-review";"51.6963947";"11.2059699";"0.851";"Kandidat vorhanden, aber bewusst nicht als kartiert veröffentlicht."
"10-290-25-umgehungskanal-merseburg";"10-290-25";"Umgehungskanal Merseburg";"Saalekreis";"review";"two-source-v6.2-review";"51.3592592";"12.0032226";"0.844";"Kandidat vorhanden, aber bewusst nicht als kartiert veröffentlicht."
"10-290-26-saalealtarm-leuna";"10-290-26";"Saalealtarm Leuna";"Saalekreis";"review";"two-source-v6.2-review";"51.3321433";"12.0140891";"0.848";"Kandidat vorhanden, aber bewusst nicht als kartiert veröffentlicht."
"10-290-28-vorderer-und-hinterer-gotthardsteich";"10-290-28";"Vorderer und Hinterer Gotthardsteich";"Saalekreis";"unmapped";"";"";"";"0";"Noch keine belastbare Kartenposition vorhanden."
"10-290-29-grokaynaer-see-sudteil-nsg";"10-290-29";"Großkaynaer See – Südteil NSG!";"Saalekreis";"review";"two-source-v6.2-review";"51.5704449";"11.8586957";"0";"Kandidat vorhanden, aber bewusst nicht als kartiert veröffentlicht."
"10-290-32-schachtteich-milzau";"10-290-32";"Schachtteich Milzau";"Saalekreis";"review";"two-source-v6.2-review";"51.3758149";"11.9017413";"0.908";"Kandidat vorhanden, aber bewusst nicht als kartiert veröffentlicht."
"10-290-34-spitzteich-zweimen";"10-290-34";"Spitzteich Zweimen";"Saalekreis";"review";"two-source-v6.2-review";"51.3546752";"12.1372834";"0.885";"Kandidat vorhanden, aber bewusst nicht als kartiert veröffentlicht."
"10-290-36-dorfteich-oebles-schlechtewitz";"10-290-36";"Dorfteich Oebles-Schlechtewitz";"Saalekreis";"review";"two-source-v6.2-review";"51.2577035";"12.060402";"0";"Kandidat vorhanden, aber bewusst nicht als kartiert veröffentlicht."
"10-290-38-teich-1-schladebach";"10-290-38";"Teich 1 Schladebach";"Saalekreis";"review";"two-source-v6.2-review";"51.3198103";"12.1099835";"0";"Kandidat vorhanden, aber bewusst nicht als kartiert veröffentlicht."
"10-290-39-teich-1-witzschkersdorf";"10-290-39";"Teich 1 Witzschkersdorf";"Saalekreis";"unmapped";"";"";"";"0";"Noch keine belastbare Kartenposition vorhanden."
"10-290-44-teich-in-thalschutz";"10-290-44";"Teich in Thalschütz";"Saalekreis";"review";"two-source-v6.2-review";"51.2955783";"12.1304009";"0.922";"Kandidat vorhanden, aber bewusst nicht als kartiert veröffentlicht."
"10-290-45-teich-in-rampitz";"10-290-45";"Teich in Rampitz";"Saalekreis";"review";"two-source-v6.2-review";"51.3029572";"12.1321544";"0";"Kandidat vorhanden, aber bewusst nicht als kartiert veröffentlicht."
"10-290-46-teich-in-gohren";"10-290-46";"Teich in Göhren";"Saalekreis";"review";"two-source-v6.2-review";"51.3546752";"12.1372834";"0.917";"Kandidat vorhanden, aber bewusst nicht als kartiert veröffentlicht."
"10-290-47-ranitzer-see-nordteil";"10-290-47";"Raßnitzer See (Nordteil)";"Saalekreis";"review";"two-source-v6.2-review";"51.3768254";"12.0992473";"0";"Kandidat vorhanden, aber bewusst nicht als kartiert veröffentlicht."
"10-290-48-malerteich-in-gunthersdorf";"10-290-48";"Malerteich in Günthersdorf";"Saalekreis";"review";"two-source-v6.2-review";"51.337113";"12.180005";"0.906";"Kandidat vorhanden, aber bewusst nicht als kartiert veröffentlicht."
"10-290-49-dorfteich-krollwitz";"10-290-49";"Dorfteich Kröllwitz";"Saalekreis";"review";"two-source-v6.2-review";"51.3048169";"12.046482";"0";"Kandidat vorhanden, aber bewusst nicht als kartiert veröffentlicht."
"10-290-50-staubecken-tollwitz";"10-290-50";"Staubecken Tollwitz";"Saalekreis";"review";"two-source-v6.2-review";"51.2783797";"12.1074995";"0.895";"Kandidat vorhanden, aber bewusst nicht als kartiert veröffentlicht."
"10-290-52-geiseltalsee-teilflache";"10-290-52";"Geiseltalsee (Teilfläche)";"Saalekreis";"review";"two-source-v6.2-review";"51.317264";"11.8948758";"0";"Kandidat vorhanden, aber bewusst nicht als kartiert veröffentlicht."
"10-290-53-kiessee-1-wallendorf";"10-290-53";"Kiessee 1 Wallendorf";"Saalekreis";"review";"two-source-v6.2-review";"51.3551805";"12.0840786";"0.915";"Kandidat vorhanden, aber bewusst nicht als kartiert veröffentlicht."
"10-290-54-kiessee-wallendorf-sudl-gastrasse";"10-290-54";"Kiessee Wallendorf südl. Gastrasse";"Saalekreis";"review";"two-source-v6.2-review";"52.2355732";"11.7064976";"0";"Kandidat vorhanden, aber bewusst nicht als kartiert veröffentlicht."
"10-290-55-kiessee-2-wallendorf";"10-290-55";"Kiessee 2 Wallendorf";"Saalekreis";"review";"two-source-v6.2-review";"51.3551805";"12.0840786";"0.915";"Kandidat vorhanden, aber bewusst nicht als kartiert veröffentlicht."
"10-290-57-ockendorfer-teich-leuna";"10-290-57";"Ockendorfer Teich Leuna";"Saalekreis";"review";"two-source-v6.2-review";"51.3269353";"12.0291405";"0.854";"Kandidat vorhanden, aber bewusst nicht als kartiert veröffentlicht."
"10-351-01-froschteich-farnstadt";"10-351-01";"Froschteich Farnstädt";"Saalekreis";"unmapped";"";"";"";"0";"Noch keine belastbare Kartenposition vorhanden."
"10-351-02-hofeteich-farnstadt";"10-351-02";"Hofeteich Farnstädt";"Saalekreis";"unmapped";"";"";"";"0";"Noch keine belastbare Kartenposition vorhanden."
"10-352-01-naturstrandbad-bei-obhausen-kopie-vom-a-bl-h-k-pl-ro-s-z-20-00-fs-und-fes-sichtbar-im-auto-auslegen";"10-352-01";"Naturstrandbad bei Obhausen Kopie vom A, Bl, H, K, Pl, Ro,S, Z 20,00 FS und FES sichtbar im Auto auslegen";"Saalekreis";"review";"two-source-v6.2-review";"51.376522";"11.6477525";"0";"Kandidat vorhanden, aber bewusst nicht als kartiert veröffentlicht."
"10-352-02-teich-thalgarten-in-querfurt";"10-352-02";"Teich Thalgarten in Querfurt";"Saalekreis";"review";"two-source-v6.2-review";"51.3821953";"11.6092281";"0.791";"Kandidat vorhanden, aber bewusst nicht als kartiert veröffentlicht."
"10-353-02-langer-teich-in-landgrafroda";"10-353-02";"Langer Teich in Landgrafroda";"Saalekreis";"review";"two-source-v6.2-review";"51.3512116";"11.4287773";"0.918";"Kandidat vorhanden, aber bewusst nicht als kartiert veröffentlicht."
"10-353-04-muhlenteich-in-schmon";"10-353-04";"Mühlenteich in Schmon";"Saalekreis";"review";"two-source-v6.2-review";"51.3462697";"11.5545663";"0";"Kandidat vorhanden, aber bewusst nicht als kartiert veröffentlicht."
"10-353-05-backerteich-landgrafroda";"10-353-05";"Bäckerteich Landgrafroda";"Saalekreis";"review";"two-source-v6.2-review";"51.3512116";"11.4287773";"0.918";"Kandidat vorhanden, aber bewusst nicht als kartiert veröffentlicht."
"10-370-02-grundel-teich-bei-teutschenthal";"10-370-02";"Gründel Teich bei Teutschenthal";"Saalekreis";"review";"two-source-v6.2-review";"51.4496079";"11.8085724";"0.842";"Kandidat vorhanden, aber bewusst nicht als kartiert veröffentlicht."
"10-370-03-steinbruch-am-gutzer-berg-bei-landsberg-a-b-h-k-pl-ro-s-3-20";"10-370-03";"Steinbruch am Gützer Berg bei Landsberg A, B, H, K, Pl, Ro, S 3,20";"Saalekreis";"review";"two-source-v6.2-review";"51.4797891";"11.8775744";"0";"Kandidat vorhanden, aber bewusst nicht als kartiert veröffentlicht."
"10-370-04-schmiedern-am-gutzer-berg";"10-370-04";"Schmiedern am Gützer Berg";"Saalekreis";"review";"two-source-v6.2-review";"51.5307052";"12.1595916";"0.837";"Kandidat vorhanden, aber bewusst nicht als kartiert veröffentlicht."
"10-370-05-obere-steinbreite-bei-brachwitz";"10-370-05";"Obere Steinbreite bei Brachwitz";"Saalekreis";"review";"two-source-v6.2-review";"51.5392813";"11.8829435";"0.825";"Kandidat vorhanden, aber bewusst nicht als kartiert veröffentlicht."
"10-370-06-steinbruche-am-spitzberg-bei-landsberg-b-bl-k-pl-ro-0-85";"10-370-06";"Steinbrüche am Spitzberg bei Landsberg B, Bl, K, Pl, Ro 0,85";"Saalekreis";"review";"two-source-v6.2-review";"51.5307052";"12.1595916";"0.837";"Kandidat vorhanden, aber bewusst nicht als kartiert veröffentlicht."
"10-370-07-ihlau-bei-wettin";"10-370-07";"Ihlau bei Wettin";"Saalekreis";"review";"two-source-v6.2-review";"51.583174";"11.8224962";"0";"Kandidat vorhanden, aber bewusst nicht als kartiert veröffentlicht."
"10-370-09-steinbruch-bei-niemberg";"10-370-09";"Steinbruch bei Niemberg";"Saalekreis";"review";"two-source-v6.2-review";"51.5499359";"12.0897751";"0";"Kandidat vorhanden, aber bewusst nicht als kartiert veröffentlicht."
"10-370-10-lauterbachsloch-ii-bei-gimritz";"10-370-10";"Lauterbachsloch II bei Gimritz";"Saalekreis";"review";"two-source-v6.2-review";"51.5673626";"11.8676807";"0";"Kandidat vorhanden, aber bewusst nicht als kartiert veröffentlicht."
"10-370-11-tonloch-bei-teicha";"10-370-11";"Tonloch bei Teicha";"Saalekreis";"review";"two-source-v6.2-review";"51.5585602";"11.9568734";"0";"Kandidat vorhanden, aber bewusst nicht als kartiert veröffentlicht."
"10-370-12-blaues-tonloch-bei-salzmunde";"10-370-12";"Blaues Tonloch bei Salzmünde";"Saalekreis";"review";"two-source-v6.2-review";"51.5255008";"11.8290042";"0";"Kandidat vorhanden, aber bewusst nicht als kartiert veröffentlicht."
"10-370-13-vorderer-schacht-bei-dollnitz";"10-370-13";"Vorderer Schacht bei Döllnitz";"Saalekreis";"review";"two-source-v6.2-review";"51.4061681";"12.0224734";"0.864";"Kandidat vorhanden, aber bewusst nicht als kartiert veröffentlicht."
"10-370-14-pappelgrund-bei-teutschenthal";"10-370-14";"Pappelgrund bei Teutschenthal";"Saalekreis";"review";"two-source-v6.2-review";"51.4496079";"11.8085724";"0.842";"Kandidat vorhanden, aber bewusst nicht als kartiert veröffentlicht."
"10-370-16-erlengrund-bei-teutschenthal";"10-370-16";"Erlengrund bei Teutschenthal";"Saalekreis";"review";"two-source-v6.2-review";"51.4496079";"11.8085724";"0.842";"Kandidat vorhanden, aber bewusst nicht als kartiert veröffentlicht."
"10-370-18-gewasser-an-der-seilbahn-i";"10-370-18";"Gewässer an der Seilbahn I";"Saalekreis";"review";"two-source-v6.2-review";"51.5473413";"11.906682";"0.879";"Kandidat vorhanden, aber bewusst nicht als kartiert veröffentlicht."
"10-370-20-saalealtarm-dobis-nsg-beachten";"10-370-20";"Saalealtarm Dobis – NSG beachten-";"Saalekreis";"unmapped";"";"";"";"0";"Noch keine belastbare Kartenposition vorhanden."
"10-370-21-salza-von-straenbrucke-wansleben";"10-370-21";"Salza von Straßenbrücke Wansleben/";"Saalekreis";"review";"two-source-v6.2-review";"51.4611455";"11.7486181";"0";"Kandidat vorhanden, aber bewusst nicht als kartiert veröffentlicht."
"10-370-22-kiestagebau-bei-plotz";"10-370-22";"Kiestagebau bei Plötz";"Saalekreis";"review";"two-source-v6.2-review";"51.6381853";"11.9463541";"0";"Kandidat vorhanden, aber bewusst nicht als kartiert veröffentlicht."
"10-370-23-2-dorfteiche-in-niemberg";"10-370-23";"2 Dorfteiche in Niemberg";"Saalekreis";"review";"two-source-v6.2-review";"51.5578506";"12.1031993";"0.877";"Kandidat vorhanden, aber bewusst nicht als kartiert veröffentlicht."
"10-370-25-tonloch-morl";"10-370-25";"Tonloch Morl";"Saalekreis";"review";"two-source-v6.2-review";"51.5473413";"11.906682";"0.879";"Kandidat vorhanden, aber bewusst nicht als kartiert veröffentlicht."
"10-370-26-2-teiche-im-ot-hohen";"10-370-26";"2 Teiche im OT Hohen";"Saalekreis";"review";"two-source-v6.2-review";"51.5668219";"12.0665287";"0";"Kandidat vorhanden, aber bewusst nicht als kartiert veröffentlicht."
"10-370-27-saalealtarm-stollen-wettin";"10-370-27";"Saalealtarm Stollen Wettin";"Saalekreis";"review";"two-source-v6.2-review";"51.58758";"11.8019834";"0";"Kandidat vorhanden, aber bewusst nicht als kartiert veröffentlicht."
"10-370-29-westenteiche-brachstedt";"10-370-29";"Westenteiche Brachstedt";"Saalekreis";"review";"two-source-v6.2-review";"51.5718493";"12.0502355";"0";"Kandidat vorhanden, aber bewusst nicht als kartiert veröffentlicht."
"10-370-30-dorfteich-nauendorf";"10-370-30";"Dorfteich Nauendorf";"Saalekreis";"review";"two-source-v6.2-review";"51.6010931";"11.8833125";"0";"Kandidat vorhanden, aber bewusst nicht als kartiert veröffentlicht."
"10-370-31-parkteiche-ostrau";"10-370-31";"Parkteiche Ostrau";"Saalekreis";"review";"two-source-v6.2-review";"51.6178648";"12.0093228";"0";"Kandidat vorhanden, aber bewusst nicht als kartiert veröffentlicht."
"10-370-32-steinbruch-ostrau";"10-370-32";"Steinbruch Ostrau";"Saalekreis";"review";"two-source-v6.2-review";"51.6200395";"12.0124822";"0.886";"Kandidat vorhanden, aber bewusst nicht als kartiert veröffentlicht."
"10-370-33-seilbahn-iii-u-ii-bei-morl";"10-370-33";"Seilbahn III u. II bei Morl";"Saalekreis";"review";"two-source-v6.2-review";"51.5473413";"11.906682";"0.879";"Kandidat vorhanden, aber bewusst nicht als kartiert veröffentlicht."
"10-370-38-dorfteich-schwerz";"10-370-38";"Dorfteich Schwerz";"Saalekreis";"review";"two-source-v6.2-review";"51.5643161";"12.1333133";"0";"Kandidat vorhanden, aber bewusst nicht als kartiert veröffentlicht."
"10-370-39-dorfteich-dammendorf";"10-370-39";"Dorfteich Dammendorf";"Saalekreis";"review";"two-source-v6.2-review";"51.5760404";"12.1303852";"0";"Kandidat vorhanden, aber bewusst nicht als kartiert veröffentlicht."
"10-370-40-teich-im-industriegebiet-sietzsch";"10-370-40";"Teich im Industriegebiet Sietzsch";"Saalekreis";"review";"two-source-v6.2-review";"51.4896334";"12.1771607";"0";"Kandidat vorhanden, aber bewusst nicht als kartiert veröffentlicht."
"10-370-41-dorfteich-lohnsdorf";"10-370-41";"Dorfteich Lohnsdorf";"Saalekreis";"review";"two-source-v6.2-review";"51.4987534";"12.1713851";"0.924";"Kandidat vorhanden, aber bewusst nicht als kartiert veröffentlicht."
"10-370-44-teiche-am-wasserwerk";"10-370-44";"Teiche am Wasserwerk";"Saalekreis";"review";"two-source-v6.2-review";"52.1027995";"11.651089";"0";"Kandidat vorhanden, aber bewusst nicht als kartiert veröffentlicht."
"10-370-45-teich-am-rodelberg";"10-370-45";"Teich am Rodelberg";"Saalekreis";"review";"two-source-v6.2-review";"51.7971634";"12.2597306";"0.928";"Kandidat vorhanden, aber bewusst nicht als kartiert veröffentlicht."
"10-370-49-goethebruch-petersberg";"10-370-49";"Goethebruch Petersberg";"Saalekreis";"review";"two-source-v6.2-review";"51.5967194";"11.953037";"0";"Kandidat vorhanden, aber bewusst nicht als kartiert veröffentlicht."
"10-370-51-napresse-dollnitz";"10-370-51";"Naßpresse Döllnitz";"Saalekreis";"review";"two-source-v6.2-review";"51.4088558";"12.0483502";"0.854";"Kandidat vorhanden, aber bewusst nicht als kartiert veröffentlicht."
"10-370-52-entenfang-bei-langenbogen";"10-370-52";"Entenfang bei Langenbogen";"Saalekreis";"review";"two-source-v6.2-review";"51.4848343";"11.7610091";"0.838";"Kandidat vorhanden, aber bewusst nicht als kartiert veröffentlicht."
"10-370-54-webersche-sandgrube-beidersee";"10-370-54";"Webersche Sandgrube Beidersee";"Saalekreis";"review";"two-source-v6.2-review";"51.5655497";"11.9046284";"0";"Kandidat vorhanden, aber bewusst nicht als kartiert veröffentlicht."
"10-371-01-muhlteich-krosigk";"10-371-01";"Mühlteich Krosigk";"Saalekreis";"review";"two-source-v6.2-review";"51.6105779";"11.9338775";"0";"Kandidat vorhanden, aber bewusst nicht als kartiert veröffentlicht."
"11-240-02-auensee-bei-granschutz";"11-240-02";"Auensee bei Granschütz";"Burgenlandkreis";"review";"two-source-v6.2-review";"51.1834255";"12.0537508";"0";"Kandidat vorhanden, aber bewusst nicht als kartiert veröffentlicht."
"11-240-03-vollert-bei-trebnitz";"11-240-03";"Vollert bei Trebnitz";"Burgenlandkreis";"review";"two-source-v6.2-review";"51.0932918";"12.0750421";"0.834";"Kandidat vorhanden, aber bewusst nicht als kartiert veröffentlicht."
"11-240-04-restloch-tornau";"11-240-04";"Restloch Tornau";"Burgenlandkreis";"review";"two-source-v6.2-review";"51.1905176";"12.1483066";"0.838";"Kandidat vorhanden, aber bewusst nicht als kartiert veröffentlicht."
"11-240-05-klarteich-taucha";"11-240-05";"Klärteich Taucha";"Burgenlandkreis";"review";"two-source-v6.2-review";"51.1932556";"12.0790202";"0";"Kandidat vorhanden, aber bewusst nicht als kartiert veröffentlicht."
"11-240-06-feuerloschteich-gerstewitz";"11-240-06";"Feuerlöschteich Gerstewitz";"Burgenlandkreis";"review";"two-source-v6.2-review";"51.1920387";"12.0228088";"0.806";"Kandidat vorhanden, aber bewusst nicht als kartiert veröffentlicht."
"11-241-02-mondsee-pirkau-bei-hohenmolsen";"11-241-02";"Mondsee Pirkau bei Hohenmölsen";"Burgenlandkreis";"review";"two-source-v6.2-review";"51.1528562";"12.1022227";"0.845";"Kandidat vorhanden, aber bewusst nicht als kartiert veröffentlicht."
"11-241-04-eisensee-bei-hohenmolsen";"11-241-04";"Eisensee bei Hohenmölsen";"Burgenlandkreis";"review";"two-source-v6.2-review";"51.1528562";"12.1022227";"0.845";"Kandidat vorhanden, aber bewusst nicht als kartiert veröffentlicht."
"11-241-05-an-der-einheit-bei-grimma";"11-241-05";"An der Einheit bei Grimma";"Burgenlandkreis";"review";"two-source-v6.2-review";"51.6212986";"10.9471595";"0";"Kandidat vorhanden, aber bewusst nicht als kartiert veröffentlicht."
"11-241-06-tagebaurestloch-kamerad-bei-dobris";"11-241-06";"Tagebaurestloch Kamerad bei Döbris";"Burgenlandkreis";"review";"two-source-v6.2-review";"51.1108548";"12.1246208";"0";"Kandidat vorhanden, aber bewusst nicht als kartiert veröffentlicht."
"11-300-01-parkteich-zu-grojena";"11-300-01";"Parkteich zu Großjena";"Burgenlandkreis";"review";"two-source-v6.2-review";"51.1881542";"11.7884486";"0.914";"Kandidat vorhanden, aber bewusst nicht als kartiert veröffentlicht."
"11-300-02-baggerteich-in-naumburg";"11-300-02";"Baggerteich in Naumburg";"Burgenlandkreis";"review";"two-source-v6.2-review";"51.1557146";"11.8088372";"0.881";"Kandidat vorhanden, aber bewusst nicht als kartiert veröffentlicht."
"11-300-03-grubenteich-bei-neidschutz";"11-300-03";"Grubenteich bei Neidschütz";"Burgenlandkreis";"review";"two-source-v6.2-review";"51.1030049";"11.8064088";"0";"Kandidat vorhanden, aber bewusst nicht als kartiert veröffentlicht."
"11-300-07-kl-saale-v-bad-kosen-b-almrich";"11-300-07";"Kl. Saale v. Bad Kösen b. Almrich";"Burgenlandkreis";"review";"two-source-v6.2-review";"51.1511353";"11.7851963";"0";"Kandidat vorhanden, aber bewusst nicht als kartiert veröffentlicht."
"11-300-08-herren-und-bauernteich-in";"11-300-08";"Herren- und Bauernteich in";"Burgenlandkreis";"review";"two-source-v6.2-review";"51.2097205";"11.7686241";"0.895";"Kandidat vorhanden, aber bewusst nicht als kartiert veröffentlicht."
"11-310-01-unstrutaltarm-bei-memleben";"11-310-01";"Unstrutaltarm bei Memleben/";"Burgenlandkreis";"review";"two-source-v6.2-review";"51.2646037";"11.4914523";"0";"Kandidat vorhanden, aber bewusst nicht als kartiert veröffentlicht."
"11-310-02-toter-arm-bei-nebra";"11-310-02";"Toter Arm bei Nebra";"Burgenlandkreis";"review";"two-source-v6.2-review";"51.28326";"11.5840475";"0.845";"Kandidat vorhanden, aber bewusst nicht als kartiert veröffentlicht."
"11-310-04-unstrutflutkanal-von-landesgrenze";"11-310-04";"Unstrutflutkanal von Landesgrenze";"Burgenlandkreis";"review";"two-source-v6.2-review";"51.690096";"11.2193439";"0";"Kandidat vorhanden, aber bewusst nicht als kartiert veröffentlicht."
"11-310-05-unstrut-von-landesgrenze-thuringen";"11-310-05";"Unstrut von Landesgrenze Thüringen";"Burgenlandkreis";"review";"two-source-v6.2-review";"51.8826486";"11.7973263";"0.789";"Kandidat vorhanden, aber bewusst nicht als kartiert veröffentlicht."
"11-440-01-tagebaurestloch-bei-gostau";"11-440-01";"Tagebaurestloch bei Gostau";"Burgenlandkreis";"review";"two-source-v6.2-review";"51.2353894";"12.1158912";"0.8";"Kandidat vorhanden, aber bewusst nicht als kartiert veröffentlicht."
"11-440-02-saale-von-eisenbahnbrucke-bei-eulau";"11-440-02";"Saale von Eisenbahnbrücke bei Eulau";"Burgenlandkreis";"review";"two-source-v6.2-review";"51.1825493";"11.8561033";"0.892";"Kandidat vorhanden, aber bewusst nicht als kartiert veröffentlicht."
"11-440-03-teich-im-rieth-schkortleben";"11-440-03";"Teich im Rieth Schkortleben";"Burgenlandkreis";"review";"two-source-v6.2-review";"51.2437139";"12.0067197";"0";"Kandidat vorhanden, aber bewusst nicht als kartiert veröffentlicht."
"11-440-05-alter-saalearm-uichteritz";"11-440-05";"Alter Saalearm Uichteritz";"Burgenlandkreis";"review";"two-source-v6.2-review";"51.1844322";"11.9072087";"0.771";"Kandidat vorhanden, aber bewusst nicht als kartiert veröffentlicht."
"11-441-01-meuchener-teich";"11-441-01";"Meuchener Teich";"Burgenlandkreis";"unmapped";"";"";"";"0";"Noch keine belastbare Kartenposition vorhanden."
"11-443-01-saale-von-kleinkorbetha-bis-einlauf";"11-443-01";"Saale von Kleinkorbetha bis Einlauf";"Burgenlandkreis";"review";"two-source-v6.2-review";"51.256011";"12.0440173";"0";"Kandidat vorhanden, aber bewusst nicht als kartiert veröffentlicht."
"11-443-02-alte-saale-tebnitz-nsg-beachten";"11-443-02";"Alte Saale Tebnitz – NSG beachten!";"Burgenlandkreis";"unmapped";"";"";"";"0";"Noch keine belastbare Kartenposition vorhanden."
"11-480-01-rohmsdorfer-teich";"11-480-01";"Rohmsdorfer Teich";"Burgenlandkreis";"unmapped";"";"";"";"0";"Noch keine belastbare Kartenposition vorhanden."
"11-480-04-weie-elster-im-kreisgebiet";"11-480-04";"Weiße Elster im Kreisgebiet";"Burgenlandkreis";"unmapped";"";"";"";"0";"Noch keine belastbare Kartenposition vorhanden."
"11-480-06-kaynaer-teiche";"11-480-06";"Kaynaer Teiche";"Burgenlandkreis";"review";"two-source-v6.2-review";"51.6830703";"12.7977173";"0";"Kandidat vorhanden, aber bewusst nicht als kartiert veröffentlicht."
"11-480-07-weickelsdorfer-teich";"11-480-07";"Weickelsdorfer Teich";"Burgenlandkreis";"unmapped";"";"";"";"0";"Noch keine belastbare Kartenposition vorhanden."
"11-480-08-parkteich-hollsteitz";"11-480-08";"Parkteich Hollsteitz";"Burgenlandkreis";"review";"two-source-v6.2-review";"51.078481";"12.0330122";"0";"Kandidat vorhanden, aber bewusst nicht als kartiert veröffentlicht."
"11-480-09-phonix-nord";"11-480-09";"Phönix Nord";"Burgenlandkreis";"review";"two-source-v6.2-review";"51.0784786";"12.2595029";"0.835";"Kandidat vorhanden, aber bewusst nicht als kartiert veröffentlicht."
"11-480-10-inselteich-thierbach";"11-480-10";"Inselteich Thierbach";"Burgenlandkreis";"review";"two-source-v6.2-review";"51.0646158";"12.0710956";"0";"Kandidat vorhanden, aber bewusst nicht als kartiert veröffentlicht."
"11-480-12-alter-elsterarm-profen";"11-480-12";"Alter Elsterarm Profen";"Burgenlandkreis";"review";"two-source-v6.2-review";"51.1257313";"12.2326148";"0";"Kandidat vorhanden, aber bewusst nicht als kartiert veröffentlicht."
"11-480-13-revierparkteich-profen";"11-480-13";"Revierparkteich Profen";"Burgenlandkreis";"review";"two-source-v6.2-review";"51.1269549";"12.2176128";"0.924";"Kandidat vorhanden, aber bewusst nicht als kartiert veröffentlicht."
"11-480-14-elstermuhlgraben-elsteraue";"11-480-14";"Elstermühlgraben Elsteraue";"Burgenlandkreis";"review";"two-source-v6.2-review";"51.0787654";"12.2136328";"0";"Kandidat vorhanden, aber bewusst nicht als kartiert veröffentlicht."
"11-480-17-elstermuhlgraben";"11-480-17";"Elstermühlgraben";"Burgenlandkreis";"review";"two-source-v6.2-review";"51.4072877";"12.0261595";"0";"Kandidat vorhanden, aber bewusst nicht als kartiert veröffentlicht."
"11-480-18-hasselteich-droyig";"11-480-18";"Hasselteich Droyßig";"Burgenlandkreis";"review";"two-source-v6.2-review";"51.0427356";"12.0259026";"0.913";"Kandidat vorhanden, aber bewusst nicht als kartiert veröffentlicht."
"11-480-19-teich-in-altgroitzschen";"11-480-19";"Teich in Altgroitzschen";"Burgenlandkreis";"review";"two-source-v6.2-review";"50.9834268";"12.1235181";"0";"Kandidat vorhanden, aber bewusst nicht als kartiert veröffentlicht."
"11-480-20-wal-in-gobitz";"11-480-20";"Wal in Göbitz";"Burgenlandkreis";"review";"two-source-v6.2-review";"51.0852901";"12.1850361";"0.935";"Kandidat vorhanden, aber bewusst nicht als kartiert veröffentlicht."
"11-482-01-hainbergsee-sachsen-anhalt-bereich-a-b-h-k-s-z-6-30";"11-482-01";"Hainbergsee (Sachsen-Anhalt-Bereich) A, B, H, K, S, Z 6,30";"Burgenlandkreis";"review";"two-source-v6.2-review";"51.4784373";"11.8854531";"0.865";"Kandidat vorhanden, aber bewusst nicht als kartiert veröffentlicht."
"11-482-02-muhlgraben-wetterzeube";"11-482-02";"Mühlgraben Wetterzeube";"Burgenlandkreis";"review";"two-source-v6.2-review";"51.0096261";"12.0181537";"0.87";"Kandidat vorhanden, aber bewusst nicht als kartiert veröffentlicht."
"11-482-03-muhlgraben-gobitz-ostrau";"11-482-03";"Mühlgraben Göbitz-Ostrau";"Burgenlandkreis";"review";"two-source-v6.2-review";"51.0933087";"12.1891951";"0";"Kandidat vorhanden, aber bewusst nicht als kartiert veröffentlicht."
"11-482-04-grasteich-spora";"11-482-04";"Grasteich Spora";"Burgenlandkreis";"review";"two-source-v6.2-review";"51.027054";"12.26299";"0.878";"Kandidat vorhanden, aber bewusst nicht als kartiert veröffentlicht."
"11-482-05-flograben-von-lg-thuringen-bis";"11-482-05";"Floßgraben von LG Thüringen bis";"Burgenlandkreis";"review";"two-source-v6.2-review";"51.6571329";"12.3058934";"0.784";"Kandidat vorhanden, aber bewusst nicht als kartiert veröffentlicht."
"12-140-01-scholitzer-see-und-hintersee";"12-140-01";"Scholitzer See und Hintersee";"Dessau-Roßlau";"review";"two-source-v6.2-review";"51.82839";"12.2902419";"0";"Kandidat vorhanden, aber bewusst nicht als kartiert veröffentlicht."
"12-140-03-lorkteich-goer-lork";"12-140-03";"Lorkteich (Goßer Lork)";"Dessau-Roßlau";"unmapped";"";"";"";"0";"Noch keine belastbare Kartenposition vorhanden."
"12-140-04-stillinge-nord";"12-140-04";"Stillinge Nord";"Dessau-Roßlau";"review";"two-source-v6.2-review";"51.9081688";"12.2480566";"0.924";"Kandidat vorhanden, aber bewusst nicht als kartiert veröffentlicht."
"12-140-05-rehsumpf";"12-140-05";"Rehsumpf";"Dessau-Roßlau";"review";"two-source-v6.2-review";"51.8509086";"12.2699735";"0.864";"Kandidat vorhanden, aber bewusst nicht als kartiert veröffentlicht."
"12-140-06-wallwitzsee-im-beckerbruch-sudseite-a-bl-h-k-pl-ro-z-4-00";"12-140-06";"Wallwitzsee im Beckerbruch –Südseite- A, Bl, H, K, Pl, Ro, Z 4,00";"Dessau-Roßlau";"unmapped";"";"";"";"0";"Noch keine belastbare Kartenposition vorhanden."
"12-140-07-mulde-von-ca-150-m-unterhalb-abzweig-a-b-bl-d-h-pl-20-00-jonitzer-mulde-bis-tiergartenbrucke-und-q-z-von-unterhalb-brucke-b185-bis-250m-oberhalb-einmundung-jonitzer-mulde-und-von-einmundung-lorkgraben-bis-tannenhagerbrucke-sowie-jonitzer-mulde-von-abzweig-aus-der-mulde-bis-oberhalb-brucke-jonitzer-muhle";"12-140-07";"Mulde von ca. 150 m unterhalb Abzweig A, B, Bl, D, H, Pl, 20,00 Jonitzer Mulde bis Tiergartenbrücke und Q, Z von unterhalb Brücke B185 bis 250m oberhalb Einmündung Jonitzer Mulde und von Einmündung Lorkgraben bis Tannenhägerbrücke sowie Jonitzer Mulde von Abzweig aus der Mulde bis oberhalb Brücke Jonitzer Mühle";"Dessau-Roßlau";"review";"two-source-v6.2-review";"51.8372597";"12.2666661";"0.923";"Kandidat vorhanden, aber bewusst nicht als kartiert veröffentlicht."
"12-140-08-peisker-an-der-strae-zum-ot-rolau";"12-140-08";"Peisker an der Straße zum OT Roßlau";"Dessau-Roßlau";"review";"two-source-v6.2-review";"51.8844454";"12.2422782";"0.869";"Kandidat vorhanden, aber bewusst nicht als kartiert veröffentlicht."
"12-140-09-fahrsee-an-der-strae-zum-ot-rolau";"12-140-09";"Fährsee an der Straße zum OT Roßlau";"Dessau-Roßlau";"review";"two-source-v6.2-review";"51.8844454";"12.2422782";"0.869";"Kandidat vorhanden, aber bewusst nicht als kartiert veröffentlicht."
"12-140-10-die-bach-hofsee-bei-kleutsch";"12-140-10";"Die Bach (Hofsee) bei Kleutsch";"Dessau-Roßlau";"review";"two-source-v6.2-review";"51.7956231";"12.2958266";"0";"Kandidat vorhanden, aber bewusst nicht als kartiert veröffentlicht."
"12-140-11-zoberbergsee-1-im-ot-mosigkau";"12-140-11";"Zoberbergsee 1 im OT Mosigkau";"Dessau-Roßlau";"review";"two-source-v6.2-review";"51.804734";"12.1514431";"0.896";"Kandidat vorhanden, aber bewusst nicht als kartiert veröffentlicht."
"12-140-12-zoberbergsee-2-inkl-kleiner-see";"12-140-12";"Zoberbergsee 2 inkl. „Kleiner See“,";"Dessau-Roßlau";"unmapped";"";"";"";"0";"Noch keine belastbare Kartenposition vorhanden."
"12-183-01-sollnitzer-see";"12-183-01";"Sollnitzer See";"Dessau-Roßlau";"review";"two-source-v6.2-review";"51.7682169";"12.3188776";"0";"Kandidat vorhanden, aber bewusst nicht als kartiert veröffentlicht."
"12-183-02-kiessandtagebaurestloch-sollnitz-1";"12-183-02";"Kiessandtagebaurestloch Sollnitz 1";"Dessau-Roßlau";"review";"two-source-v6.2-review";"51.7681686";"12.3139309";"0";"Kandidat vorhanden, aber bewusst nicht als kartiert veröffentlicht."
"12-183-03-kiessandtagebaurestloch-sollnitz-2";"12-183-03";"Kiessandtagebaurestloch Sollnitz 2";"Dessau-Roßlau";"review";"two-source-v6.2-review";"51.7681686";"12.3139309";"0";"Kandidat vorhanden, aber bewusst nicht als kartiert veröffentlicht."
"12-360-02-karpfenteich-biethe-im-ot-rolau";"12-360-02";"Karpfenteich Biethe im OT Roßlau";"Dessau-Roßlau";"review";"two-source-v6.2-review";"51.8844454";"12.2422782";"0.869";"Kandidat vorhanden, aber bewusst nicht als kartiert veröffentlicht."
"13-280-01-neustadter-see-i";"13-280-01";"Neustädter See I";"Magdeburg";"review";"two-source-v6.2-review";"52.220366";"11.6495708";"0";"Kandidat vorhanden, aber bewusst nicht als kartiert veröffentlicht."
"13-280-02-mittellandkanal-toter-arm";"13-280-02";"Mittellandkanal (Toter Arm)";"Magdeburg";"review";"two-source-v6.2-review";"52.229182";"11.6359148";"0";"Kandidat vorhanden, aber bewusst nicht als kartiert veröffentlicht."
"13-280-03-rothenseer-verbindungskanal";"13-280-03";"Rothenseer Verbindungskanal";"Magdeburg";"review";"two-source-v6.2-review";"52.2494558";"11.7394997";"0";"Kandidat vorhanden, aber bewusst nicht als kartiert veröffentlicht."
"13-280-04-handelshafen-magdeburg";"13-280-04";"Handelshafen Magdeburg";"Magdeburg";"review";"two-source-v6.2-review";"52.1446126";"11.6581821";"0";"Kandidat vorhanden, aber bewusst nicht als kartiert veröffentlicht."
"13-280-05-industriehafen-magdeburg";"13-280-05";"Industriehafen Magdeburg";"Magdeburg";"review";"two-source-v6.2-review";"52.1677318";"11.6718865";"0";"Kandidat vorhanden, aber bewusst nicht als kartiert veröffentlicht."
"13-280-06-fermersleber-see-salbker-see-ii";"13-280-06";"Fermersleber See (Salbker See II)";"Magdeburg";"unmapped";"";"";"";"0";"Noch keine belastbare Kartenposition vorhanden."
"13-280-07-neustadter-see-ii-schonstrecke-beachten-a-b-bl-h-k-pl-s-28-00";"13-280-07";"Neustädter See II, Schonstrecke beachten A, B, Bl, H, K, Pl, S 28,00";"Magdeburg";"review";"two-source-v6.2-review";"51.4784373";"11.8854531";"0.873";"Kandidat vorhanden, aber bewusst nicht als kartiert veröffentlicht."
"13-280-08-erdkuhle-bei-rothensee";"13-280-08";"Erdkuhle bei Rothensee";"Magdeburg";"review";"two-source-v6.2-review";"52.2087284";"11.3284435";"0";"Kandidat vorhanden, aber bewusst nicht als kartiert veröffentlicht."
"13-280-10-2-baggerlocher-waldseen";"13-280-10";"2 Baggerlöcher (Waldseen)";"Magdeburg";"unmapped";"";"";"";"0";"Noch keine belastbare Kartenposition vorhanden."
"13-280-11-dr-gotz-teich";"13-280-11";"Dr.-Götz-Teich";"Magdeburg";"unmapped";"";"";"";"0";"Noch keine belastbare Kartenposition vorhanden."
"13-280-13-else-kolke-bei-zipkeleben";"13-280-13";"Else-Kolke bei Zipkeleben";"Magdeburg";"review";"two-source-v6.2-review";"52.1053454";"11.7070766";"0.892";"Kandidat vorhanden, aber bewusst nicht als kartiert veröffentlicht."
"13-280-14-4-kolke-am-klusdamm";"13-280-14";"4 Kolke am Klusdamm";"Magdeburg";"review";"two-source-v6.2-review";"52.1122595";"11.6720211";"0";"Kandidat vorhanden, aber bewusst nicht als kartiert veröffentlicht."
"13-280-15-prester-see-3-teile";"13-280-15";"Prester See (3 Teile)";"Magdeburg";"review";"two-source-v6.2-review";"52.1567927";"11.6143314";"0.81";"Kandidat vorhanden, aber bewusst nicht als kartiert veröffentlicht."
"13-280-17-barleber-see-i";"13-280-17";"Barleber See I";"Magdeburg";"review";"two-source-v6.2-review";"52.220366";"11.6495708";"0";"Kandidat vorhanden, aber bewusst nicht als kartiert veröffentlicht."
"13-280-18-alte-elbe-kreuzhorst";"13-280-18";"Alte Elbe Kreuzhorst";"Magdeburg";"review";"two-source-v6.2-review";"52.0806166";"11.726241";"0.767";"Kandidat vorhanden, aber bewusst nicht als kartiert veröffentlicht."
"13-280-19-zipkeleber-see";"13-280-19";"Zipkeleber See";"Magdeburg";"unmapped";"";"";"";"0";"Noch keine belastbare Kartenposition vorhanden."
"13-280-20-baggerloch-an-der-sulzewiese";"13-280-20";"Baggerloch an der Sülzewiese";"Magdeburg";"review";"two-source-v6.2-review";"52.1307566";"11.7001896";"0";"Kandidat vorhanden, aber bewusst nicht als kartiert veröffentlicht."
"13-280-21-baggerloch-kelterer-bei-rothensee";"13-280-21";"Baggerloch Kelterer bei Rothensee";"Magdeburg";"review";"two-source-v6.2-review";"52.2087284";"11.3284435";"0";"Kandidat vorhanden, aber bewusst nicht als kartiert veröffentlicht."
"13-280-23-elbe-und-alte-elbe";"13-280-23";"Elbe und Alte Elbe";"Magdeburg";"review";"two-source-v6.2-review";"52.1297774";"11.6441168";"0.865";"Kandidat vorhanden, aber bewusst nicht als kartiert veröffentlicht."
"13-280-24-zollelbe-vom-elb-km-325-60-327-40";"13-280-24";"Zollelbe vom Elb-km 325,60 – 327,40";"Magdeburg";"review";"two-source-v6.2-review";"52.5659531";"11.9753686";"0.78";"Kandidat vorhanden, aber bewusst nicht als kartiert veröffentlicht."
"13-280-25-obere-vorhafen-von-elb-km-330-331-2-b-bl-pl-z-1-20-sudliche-schleusenkammer";"13-280-25";"Obere Vorhäfen von Elb-km 330- 331,2 B, Bl, Pl, Z 1,20 (südliche Schleusenkammer)";"Magdeburg";"review";"two-source-v6.2-review";"52.9835307";"11.7372035";"0";"Kandidat vorhanden, aber bewusst nicht als kartiert veröffentlicht."
"13-280-26-frankenfelder-teich";"13-280-26";"Frankenfelder Teich";"Magdeburg";"unmapped";"";"";"";"0";"Noch keine belastbare Kartenposition vorhanden."
"13-280-27-kommandantenteiche";"13-280-27";"Kommandantenteiche";"Magdeburg";"unmapped";"";"";"";"0";"Noch keine belastbare Kartenposition vorhanden."
"13-280-28-schleusenkanal-ehem-doppelschleuse";"13-280-28";"Schleusenkanal ehem. Doppelschleuse";"Magdeburg";"unmapped";"";"";"";"0";"Noch keine belastbare Kartenposition vorhanden."
"13-280-30-sternsee-olvenstedt";"13-280-30";"Sternsee Olvenstedt";"Magdeburg";"review";"two-source-v6.2-review";"52.1538177";"11.5673175";"0.863";"Kandidat vorhanden, aber bewusst nicht als kartiert veröffentlicht."
"13-280-31-barrosee-dreieck";"13-280-31";"Barrosee Dreieck";"Magdeburg";"review";"two-source-v6.2-review";"52.190184";"11.6366697";"0";"Kandidat vorhanden, aber bewusst nicht als kartiert veröffentlicht."
"13-280-32-siel-zipkeleben";"13-280-32";"Siel Zipkeleben";"Magdeburg";"review";"two-source-v6.2-review";"52.1053454";"11.7070766";"0.892";"Kandidat vorhanden, aber bewusst nicht als kartiert veröffentlicht."
"13-280-33-ruckhaltebecken-diesdorfer-graseweg";"13-280-33";"Rückhaltebecken Diesdorfer Graseweg";"Magdeburg";"review";"two-source-v6.2-review";"51.4831986";"11.9673536";"0";"Kandidat vorhanden, aber bewusst nicht als kartiert veröffentlicht."
"13-280-34-steinfohr-randau-calenberge";"13-280-34";"Steinföhr Randau-Calenberge";"Magdeburg";"review";"two-source-v6.2-review";"52.0632269";"11.7295761";"0";"Kandidat vorhanden, aber bewusst nicht als kartiert veröffentlicht."
"13-280-35-der-placken-kuhlenhagen";"13-280-35";"Der Placken (Kuhlenhagen)";"Magdeburg";"unmapped";"";"";"";"0";"Noch keine belastbare Kartenposition vorhanden."
"13-282-01-hohmann-s-badelauben-kleiner-see";"13-282-01";"Hohmann´s Badelauben - Kleiner See";"Magdeburg";"review";"two-source-v6.2-review";"52.0581945";"11.8576528";"0";"Kandidat vorhanden, aber bewusst nicht als kartiert veröffentlicht."
"13-400-01-wolter-1-und-2-bei-randau";"13-400-01";"Wolter 1 und 2 bei Randau";"Magdeburg";"review";"two-source-v6.2-review";"52.0620744";"11.7222911";"0.932";"Kandidat vorhanden, aber bewusst nicht als kartiert veröffentlicht."
"13-400-02-riemer-1-2-und-3-bei-randau";"13-400-02";"Riemer 1, 2 und 3 bei Randau";"Magdeburg";"review";"two-source-v6.2-review";"52.0620744";"11.7222911";"0.932";"Kandidat vorhanden, aber bewusst nicht als kartiert veröffentlicht."
"13-400-03-schloteich-in-randau";"13-400-03";"Schloßteich in Randau";"Magdeburg";"review";"two-source-v6.2-review";"52.0620744";"11.7222911";"0.932";"Kandidat vorhanden, aber bewusst nicht als kartiert veröffentlicht."
"13-400-04-langer-see-groer-see-bei-randau";"13-400-04";"Langer See (Großer See) bei Randau";"Magdeburg";"review";"two-source-v6.2-review";"52.0620744";"11.7222911";"0.932";"Kandidat vorhanden, aber bewusst nicht als kartiert veröffentlicht."
"13-400-05-gelbes-loch-bei-randau";"13-400-05";"Gelbes Loch bei Randau";"Magdeburg";"review";"two-source-v6.2-review";"52.0806166";"11.726241";"0.782";"Kandidat vorhanden, aber bewusst nicht als kartiert veröffentlicht."
"13-400-06-alte-elbe-bei-randau-calenberge";"13-400-06";"Alte Elbe bei Randau/Calenberge";"Magdeburg";"review";"two-source-v6.2-review";"52.0708256";"11.6870362";"0.758";"Kandidat vorhanden, aber bewusst nicht als kartiert veröffentlicht."
"13-400-07-kiesbaggerloch-bei-randau";"13-400-07";"Kiesbaggerloch bei Randau";"Magdeburg";"review";"two-source-v6.2-review";"52.0620744";"11.7222911";"0.932";"Kandidat vorhanden, aber bewusst nicht als kartiert veröffentlicht."
"13-400-08-schwarzer-kruger-bei-randau";"13-400-08";"Schwarzer Krüger bei Randau";"Magdeburg";"review";"two-source-v6.2-review";"52.0620744";"11.7222911";"0.932";"Kandidat vorhanden, aber bewusst nicht als kartiert veröffentlicht."
"13-400-09-kaltes-loch-bei-randau";"13-400-09";"Kaltes Loch bei Randau";"Magdeburg";"review";"two-source-v6.2-review";"52.0620744";"11.7222911";"0.932";"Kandidat vorhanden, aber bewusst nicht als kartiert veröffentlicht."
"13-400-10-butz-bei-randau";"13-400-10";"Butz bei Randau";"Magdeburg";"review";"two-source-v6.2-review";"52.0620744";"11.7222911";"0.932";"Kandidat vorhanden, aber bewusst nicht als kartiert veröffentlicht."
"14-210-01-saalealtarm-hohenweiden";"14-210-01";"Saalealtarm Hohenweiden";"Halle";"review";"two-source-v6.2-review";"51.4208109";"11.9355066";"0";"Kandidat vorhanden, aber bewusst nicht als kartiert veröffentlicht."
"14-210-03-kleines-posthorn-rechtsseitig";"14-210-03";"Kleines Posthorn rechtsseitig";"Halle";"review";"two-source-v6.2-review";"51.5170229";"11.9979874";"0";"Kandidat vorhanden, aber bewusst nicht als kartiert veröffentlicht."
"14-210-04-groer-angersdorfer-teich";"14-210-04";"Großer Angersdorfer Teich";"Halle";"unmapped";"";"";"";"0";"Noch keine belastbare Kartenposition vorhanden."
"14-210-05-kleiner-angersdorfer-teich";"14-210-05";"Kleiner Angersdorfer Teich";"Halle";"unmapped";"";"";"";"0";"Noch keine belastbare Kartenposition vorhanden."
"14-210-06-pfarrteich-seeben";"14-210-06";"Pfarrteich Seeben";"Halle";"review";"two-source-v6.2-review";"52.8861353";"11.0324419";"0";"Kandidat vorhanden, aber bewusst nicht als kartiert veröffentlicht."
"14-210-08-osendorfer-see";"14-210-08";"Osendorfer See";"Halle";"review";"two-source-v6.2-review";"51.4316668";"12.022209";"0";"Kandidat vorhanden, aber bewusst nicht als kartiert veröffentlicht."
"14-210-09-kalksteinbruch-in-neustadt";"14-210-09";"Kalksteinbruch in Neustadt";"Halle";"review";"two-source-v6.2-review";"51.5273145";"11.5375426";"0";"Kandidat vorhanden, aber bewusst nicht als kartiert veröffentlicht."
"14-210-10-kirchteich-in-neustadt";"14-210-10";"Kirchteich in Neustadt";"Halle";"review";"two-source-v6.2-review";"51.4715384";"11.9324365";"0.86";"Kandidat vorhanden, aber bewusst nicht als kartiert veröffentlicht."
"14-210-12-untere-aue-neuer-kanal";"14-210-12";"Untere Aue (Neuer Kanal)";"Halle";"review";"two-source-v6.2-review";"51.064705";"12.1356686";"0";"Kandidat vorhanden, aber bewusst nicht als kartiert veröffentlicht."
"14-210-13-friedhofsteich-neustadt";"14-210-13";"Friedhofsteich Neustadt";"Halle";"review";"two-source-v6.2-review";"51.4882195";"11.9257035";"0.787";"Kandidat vorhanden, aber bewusst nicht als kartiert veröffentlicht."
"14-210-14-hufeisensee-in-kanena";"14-210-14";"Hufeisensee in Kanena";"Halle";"review";"two-source-v6.2-review";"51.4571452";"12.0357052";"0";"Kandidat vorhanden, aber bewusst nicht als kartiert veröffentlicht."
"14-210-15-pulverweidenteich";"14-210-15";"Pulverweidenteich";"Halle";"review";"two-source-v6.2-review";"51.473544";"11.9540923";"0";"Kandidat vorhanden, aber bewusst nicht als kartiert veröffentlicht."
"14-210-16-saale-von-straenbrucke-b-91";"14-210-16";"Saale von Straßenbrücke B 91";"Halle";"review";"two-source-v6.2-review";"51.4064735";"11.9779442";"0";"Kandidat vorhanden, aber bewusst nicht als kartiert veröffentlicht."
"14-210-17-umgehungskanal-halle-alter-kanal";"14-210-17";"Umgehungskanal Halle (Alter Kanal)";"Halle";"review";"two-source-v6.2-review";"51.4824354";"11.9712985";"0";"Kandidat vorhanden, aber bewusst nicht als kartiert veröffentlicht."
"14-210-18-weie-elster-von-straenbrucke";"14-210-18";"Weiße Elster von Straßenbrücke";"Halle";"review";"two-source-v6.2-review";"51.5056019";"11.9639648";"0.843";"Kandidat vorhanden, aber bewusst nicht als kartiert veröffentlicht."
"14-210-20-teich-am-passendorfer-damm";"14-210-20";"Teich am Passendorfer Damm";"Halle";"review";"two-source-v6.2-review";"51.4626588";"11.9184847";"0";"Kandidat vorhanden, aber bewusst nicht als kartiert veröffentlicht."
"14-210-21-reide-von-braschwitz-zoberitz";"14-210-21";"Reide von Braschwitz-Zöberitz";"Halle";"review";"two-source-v6.2-review";"51.4326645";"12.0284558";"0";"Kandidat vorhanden, aber bewusst nicht als kartiert veröffentlicht."
"14-210-22-cobra-in-bruckdorf";"14-210-22";"Cobra in Bruckdorf";"Halle";"review";"two-source-v6.2-review";"51.4446284";"12.0284654";"0";"Kandidat vorhanden, aber bewusst nicht als kartiert veröffentlicht."
"14-210-23-tongrube-in-bruckdorf";"14-210-23";"Tongrube in Bruckdorf";"Halle";"review";"two-source-v6.2-review";"51.4446284";"12.0284654";"0";"Kandidat vorhanden, aber bewusst nicht als kartiert veröffentlicht."
"14-210-24-unsere-rast-in-bruckdorf";"14-210-24";"Unsere Rast in Bruckdorf";"Halle";"review";"two-source-v6.2-review";"51.4446284";"12.0284654";"0";"Kandidat vorhanden, aber bewusst nicht als kartiert veröffentlicht."
"14-210-25-ententeich-in-planena";"14-210-25";"Ententeich in Planena";"Halle";"review";"two-source-v6.2-review";"51.413703";"11.9589865";"0";"Kandidat vorhanden, aber bewusst nicht als kartiert veröffentlicht."
"14-212-01-groes-posthorn-linksseitig-am";"14-212-01";"Großes Posthorn linksseitig am";"Halle";"review";"two-source-v6.2-review";"51.4958021";"11.983865";"0.878";"Kandidat vorhanden, aber bewusst nicht als kartiert veröffentlicht."
