"id";"lavNumber";"name";"district";"status";"confidence";"method";"latitude";"longitude";"locality";"candidateName";"distanceKm";"candidateAreaHa"
"1-160-01-bruders-teich-bei-gardelegen";"1-160-01";"Brüders Teich bei Gardelegen";"Altmarkkreis Salzwedel";"review";"0.908";"locality-water-review";"52.5298075";"11.3967719";"Gardelegen";"";"0.42";""
"1-160-02-wasserspeicher-luffingen";"1-160-02";"Wasserspeicher Lüffingen";"Altmarkkreis Salzwedel";"review";"0.838";"locality-water-review";"52.5690667";"11.4038551";"Lüffingen";"";"1.34";""
"1-160-03-kieskuhle-die-lange-wohrde";"1-160-03";"Kieskuhle (Die lange Wohrde)";"Altmarkkreis Salzwedel";"review";"0.908";"locality-water-review";"52.5298075";"11.3967719";"Gardelegen";"";"0.42";""
"1-160-04-stadtgraben-in-gardelegen";"1-160-04";"Stadtgraben in Gardelegen";"Altmarkkreis Salzwedel";"review";"0.856";"locality-water-review";"52.5186616";"11.3838142";"Gardelegen";"";"1.1";""
"1-160-05-lindenthaler-teich-bei-gardelegen";"1-160-05";"Lindenthaler Teich bei Gardelegen";"Altmarkkreis Salzwedel";"review";"0.908";"locality-water-review";"52.5298075";"11.3967719";"Gardelegen";"";"0.42";""
"1-160-06-wilhelmskanal-von-strae";"1-160-06";"Wilhelmskanal von Straße";"Altmarkkreis Salzwedel";"unmatched";"";"";"";"";"von Straße";"";"";""
"1-160-07-rotzen-s-loch-bei-breiteiche";"1-160-07";"Rötzen´s Loch bei Breiteiche";"Altmarkkreis Salzwedel";"unmatched";"";"";"";"";"";"";"";""
"1-160-08-kiessee-gade-bei-solpke";"1-160-08";"Kiessee Gäde bei Solpke";"Altmarkkreis Salzwedel";"review";"0.867";"locality-water-review";"52.5072174";"11.3007939";"Solpke";"";"0.95";""
"1-160-09-5-teiche-am-ipser-weg";"1-160-09";"5 Teiche am Ipser Weg";"Altmarkkreis Salzwedel";"review";"0.912";"locality-water-review";"52.5105546";"11.4031394";"Ipser Weg";"";"0.36";""
"1-160-12-mahlbusen-heidberg-bei-estedt";"1-160-12";"Mahlbusen-Heidberg bei Estedt";"Altmarkkreis Salzwedel";"review";"0.913";"locality-water-review";"52.5774526";"11.3662233";"Estedt";"";"0.35";""
"1-160-13-forsterteich-bei-jerchel";"1-160-13";"Försterteich bei Jerchel";"Altmarkkreis Salzwedel";"review";"0.905";"locality-water-review";"52.4660874";"11.3160803";"Jerchel";"";"0.45";""
"1-160-14-milde-von-gardelegen";"1-160-14";"Milde von Gardelegen-";"Altmarkkreis Salzwedel";"review";"0.896";"locality-water-review";"52.5194852";"11.5303351";"von Gardelegen-";"";"0.57";""
"1-160-15-blechbudenteich-bei";"1-160-15";"Blechbudenteich bei";"Altmarkkreis Salzwedel";"review";"0.846";"locality-water-review";"52.69358";"11.4673365";"bei";"";"1.22";""
"1-160-16-untere-milde-von-wegebrucke";"1-160-16";"Untere Milde von Wegebrücke";"Altmarkkreis Salzwedel";"review";"0.747";"locality-water-review";"52.7047934";"11.5078816";"die Milde";"";"2.52";""
"1-160-17-kellerbuschteiche-lindstedt";"1-160-17";"Kellerbuschteiche Lindstedt";"Altmarkkreis Salzwedel";"review";"0.925";"locality-water-review";"52.5905802";"11.5322808";"Lindstedt";"";"0.2";""
"1-160-18-untere-milde-von-straenbrucke";"1-160-18";"Untere Milde von Straßenbrücke";"Altmarkkreis Salzwedel";"unmatched";"";"";"";"";"";"";"";""
"1-160-19-teich-faule-breite-bei-letzlingen";"1-160-19";"Teich „Faule Breite“ bei Letzlingen";"Altmarkkreis Salzwedel";"review";"0.874";"locality-water-review";"52.4460723";"11.4729848";"Letzlingen";"";"0.86";""
"1-160-20-konigsgraben-vom-abschlag";"1-160-20";"Königsgraben vom Abschlag";"Altmarkkreis Salzwedel";"review";"0.747";"locality-water-review";"52.7047934";"11.5078816";"die Milde";"";"2.52";""
"1-160-21-kiesgrube-wernitz";"1-160-21";"Kiesgrube Wernitz";"Altmarkkreis Salzwedel";"review";"0.91";"locality-water-review";"52.4877963";"11.2364454";"Wernitz";"";"0.39";""
"1-160-22-secantsgraben-von-str-br-kalbe-m";"1-160-22";"Secantsgraben von Str.-Br. Kalbe/M. –";"Altmarkkreis Salzwedel";"review";"0.747";"locality-water-review";"52.7047934";"11.5078816";"die Milde";"";"2.52";""
"1-160-23-grube-minna-bei-kassieck";"1-160-23";"Grube Minna bei Kassieck";"Altmarkkreis Salzwedel";"review";"0.927";"locality-water-review";"52.5846956";"11.4873324";"Kassieck";"";"0.17";""
"1-161-01-teich-am-anglerheim-burggraben";"1-161-01";"Teich am Anglerheim (Burggraben)";"Altmarkkreis Salzwedel";"review";"0.937";"locality-water-review";"51.773576";"10.7971424";"Anglerheim";"";"0.04";""
"1-161-02-milde-von-kalbe-straenbrucke";"1-161-02";"Milde von Kalbe (Straßenbrücke)";"Altmarkkreis Salzwedel";"unmatched";"";"";"";"";"";"";"";""
"1-161-03-untere-milde-von-winkelstedt";"1-161-03";"Untere Milde von Winkelstedt";"Altmarkkreis Salzwedel";"review";"0.914";"locality-water-review";"52.677317";"11.3072696";"Winkelstedt";"";"0.34";""
"1-260-01-dorfteich-miesterhorst";"1-260-01";"Dorfteich Miesterhorst";"Altmarkkreis Salzwedel";"review";"0.934";"locality-water-review";"52.460807";"11.1415221";"Miesterhorst";"";"0.07";""
"1-260-02-anglerteiche-apenburg";"1-260-02";"Anglerteiche Apenburg";"Altmarkkreis Salzwedel";"review";"0.914";"locality-water-review";"52.7100588";"11.2006718";"Apenburg";"";"0.33";""
"1-260-03-wasserbecken-am-schlammgraben";"1-260-03";"Wasserbecken am Schlammgraben";"Altmarkkreis Salzwedel";"review";"0.83";"locality-water-review";"52.5761761";"11.0779017";"Kusey";"";"1.44";""
"1-260-04-prozebusch-in-dannefeld";"1-260-04";"Prozeßbusch in Dannefeld";"Altmarkkreis Salzwedel";"review";"0.923";"locality-water-review";"52.5076908";"11.1432105";"Dannefeld";"";"0.23";""
"1-260-05-sauergrund-bei-dannefeld";"1-260-05";"Sauergrund bei Dannefeld";"Altmarkkreis Salzwedel";"review";"0.923";"locality-water-review";"52.5076908";"11.1432105";"Dannefeld";"";"0.23";""
"1-260-07-beregnungsteich-bei-lockstedt";"1-260-07";"Beregnungsteich bei Lockstedt";"Altmarkkreis Salzwedel";"review";"0.892";"locality-water-review";"52.6657464";"11.1942592";"Lockstedt";"";"0.63";""
"1-260-08-langer-teich-immekath";"1-260-08";"Langer Teich Immekath";"Altmarkkreis Salzwedel";"review";"0.932";"locality-water-review";"52.6277652";"11.0816699";"Immekath";"";"0.11";""
"1-260-09-neues-gewasser-in-klotze";"1-260-09";"Neues Gewässer in Klötze";"Altmarkkreis Salzwedel";"review";"0.9";"locality-water-review";"52.622978";"11.1655101";"Klötze";"";"0.52";""
"1-260-10-teich-am-ehemaligen";"1-260-10";"Teich am ehemaligen";"Altmarkkreis Salzwedel";"review";"0.892";"locality-water-review";"52.6657464";"11.1942592";"Lockstedt";"";"0.63";""
"1-260-11-jeetze-von-dorfstrae-im-amt";"1-260-11";"Jeetze von Dorfstraße im Amt";"Altmarkkreis Salzwedel";"review";"0.905";"locality-water-review";"52.7859661";"11.1686674";"Amt";"";"0.45";""
"1-260-12-alte-badeanstalt-bei-jahrstedt";"1-260-12";"Alte Badeanstalt bei Jahrstedt";"Altmarkkreis Salzwedel";"review";"0.906";"locality-water-review";"52.5633612";"10.9708505";"Jahrstedt";"";"0.44";""
"1-260-13-dorfteich-steimke";"1-260-13";"Dorfteich Steimke";"Altmarkkreis Salzwedel";"review";"0.921";"locality-water-review";"52.58744";"10.963068";"Steimke";"";"0.24";""
"1-260-14-ohre-in-steimke";"1-260-14";"Ohre in Steimke";"Altmarkkreis Salzwedel";"review";"0.878";"locality-water-review";"52.6021446";"10.9490976";"Steimke";"Ohre";"1.96";""
"1-260-15-ohre-in-jahrstedt";"1-260-15";"Ohre in Jahrstedt";"Altmarkkreis Salzwedel";"review";"0.888";"locality-water-review";"52.5557359";"10.9815634";"Jahrstedt";"";"0.67";""
"1-260-16-ehemalige-klarteiche-in-kusey";"1-260-16";"ehemalige Klärteiche in Kusey";"Altmarkkreis Salzwedel";"review";"0.909";"locality-water-review";"52.5802866";"11.1015091";"Kusey";"";"0.41";""
"1-260-17-radestucken-neuekrug";"1-260-17";"Radestücken Neuekrug";"Altmarkkreis Salzwedel";"review";"0.841";"locality-water-review";"52.7786135";"10.8198134";"Neuekrug";"";"1.3";""
"1-260-18-dorfteich-dannefeld";"1-260-18";"Dorfteich Dannefeld";"Altmarkkreis Salzwedel";"review";"0.923";"locality-water-review";"52.5076908";"11.1432105";"Dannefeld";"";"0.23";""
"1-260-19-groe-rothe-neuferchau";"1-260-19";"Große Röthe Neuferchau";"Altmarkkreis Salzwedel";"review";"0.836";"locality-water-review";"52.5785765";"11.0840948";"Neuferchau";"";"1.36";""
"1-260-20-untere-milde-cheinitz";"1-260-20";"Untere Milde Cheinitz";"Altmarkkreis Salzwedel";"review";"0.916";"locality-water-review";"52.6991031";"11.2520614";"Cheinitz";"";"0.31";""
"1-260-21-brookbuschteich-immekath";"1-260-21";"Brookbuschteich Immekath";"Altmarkkreis Salzwedel";"review";"0.932";"locality-water-review";"52.6277652";"11.0816699";"Immekath";"";"0.11";""
"1-260-22-moorgraben-cheinitz-bruchau";"1-260-22";"Moorgraben Cheinitz/Brüchau";"Altmarkkreis Salzwedel";"unmatched";"";"";"";"";"";"";"";""
"1-380-01-plattensee-bei-winterfeld";"1-380-01";"Plattensee bei Winterfeld";"Altmarkkreis Salzwedel";"review";"0.91";"locality-water-review";"52.7421551";"11.2416101";"Winterfeld";"";"0.39";""
"1-380-02-pfefferteich-bei-salzwedel";"1-380-02";"Pfefferteich bei Salzwedel";"Altmarkkreis Salzwedel";"review";"0.938";"locality-water-review";"52.8502074";"11.1473386";"Salzwedel";"Pfefferteich";"0.53";""
"1-380-03-1-tonstich-in-den-beekwiesen";"1-380-03";"1. Tonstich in den Beekwiesen";"Altmarkkreis Salzwedel";"review";"0.926";"locality-water-review";"52.8518698";"11.156102";"Salzwedel";"";"0.18";""
"1-380-04-brietzer-teiche";"1-380-04";"Brietzer Teiche";"Altmarkkreis Salzwedel";"unmatched";"";"";"";"";"";"";"";""
"1-380-05-teich-in-langenapel";"1-380-05";"Teich in Langenapel";"Altmarkkreis Salzwedel";"review";"0.914";"locality-water-review";"52.8161811";"10.9622902";"Langenapel";"";"0.34";""
"1-380-06-blaukuhlen-in-fleetmark";"1-380-06";"Blaukuhlen in Fleetmark";"Altmarkkreis Salzwedel";"review";"0.876";"locality-water-review";"52.7888212";"11.3820511";"Fleetmark";"";"0.83";""
"1-380-07-wolfsteich-diesdorf";"1-380-07";"Wolfsteich Diesdorf";"Altmarkkreis Salzwedel";"review";"0.889";"locality-water-review";"52.7538173";"10.8668971";"Diesdorf";"";"0.66";""
"1-380-08-salzwedeler-dumme-von-bodden";"1-380-08";"Salzwedeler Dumme von Bödden-";"Altmarkkreis Salzwedel";"unmatched";"";"";"";"";"";"";"";""
"1-380-09-tonstich-seibtscher-teich";"1-380-09";"Tonstich (Seibtscher Teich)";"Altmarkkreis Salzwedel";"unmatched";"";"";"";"";"";"";"";""
"1-380-10-2-tonstich-in-beekwiesen-bei-salzwedel";"1-380-10";"2. Tonstich in Beekwiesen bei Salzwedel";"Altmarkkreis Salzwedel";"review";"0.926";"locality-water-review";"52.8518698";"11.156102";"Salzwedel";"";"0.18";""
"1-380-11-regenruckhaltebecken-ritzer-brucke";"1-380-11";"Regenrückhaltebecken Ritzer Brücke";"Altmarkkreis Salzwedel";"unmatched";"";"";"";"";"Ritzer Brücke";"";"";""
"1-380-12-purnitz-bei-dambeck";"1-380-12";"Purnitz bei Dambeck";"Altmarkkreis Salzwedel";"unmatched";"";"";"";"";"Dambeck";"";"";""
"1-380-14-alte-dumme-osterwohle-tylsen";"1-380-14";"Alte Dumme Osterwohle/Tylsen";"Altmarkkreis Salzwedel";"review";"0.829";"locality-water-review";"52.8364392";"11.0261095";"Dumme Osterwohle/Tylsen";"";"1.45";""
"1-380-15-beeke-bei-wallstawe-bis-mundung";"1-380-15";"Beeke bei Wallstawe bis Mündung";"Altmarkkreis Salzwedel";"unmatched";"";"";"";"";"";"";"";""
"1-380-16-kalter-graben-bei-wallstawe";"1-380-16";"Kalter Graben bei Wallstawe";"Altmarkkreis Salzwedel";"review";"0.917";"locality-water-review";"52.7959203";"11.0139844";"Wallstawe";"";"0.3";""
"1-380-17-molmker-bach-von";"1-380-17";"Molmker Bach von";"Altmarkkreis Salzwedel";"review";"0.841";"locality-water-review";"52.5223345";"11.5178727";"von";"";"1.29";""
"1-381-01-flot-und-muhlgraben-bei-mechau";"1-381-01";"Flöt- und Mühlgraben bei Mechau";"Altmarkkreis Salzwedel";"review";"0.84";"locality-water-review";"52.8679765";"11.3299001";"Mechau";"";"1.3";""
"2-160-01-kolk-in-bismark";"2-160-01";"Kolk in Bismark";"Stendal";"review";"0.919";"locality-water-review";"52.6435891";"11.621246";"Bismark";"";"0.28";""
"2-160-02-secantsgraben-von-straenbrucke";"2-160-02";"Secantsgraben von Straßenbrücke";"Stendal";"unmatched";"";"";"";"";"Damm";"";"";""
"2-220-01-kleiner-see-bei-schonfeld";"2-220-01";"Kleiner See bei Schönfeld";"Stendal";"review";"0.912";"locality-water-review";"52.7241636";"12.0570704";"Schönfeld";"";"0.37";""
"2-220-02-scharlipper-see";"2-220-02";"Scharlipper See";"Stendal";"unmatched";"";"";"";"";"";"";"";""
"2-220-04-kleiner-klietzer-see";"2-220-04";"Kleiner Klietzer See";"Stendal";"unmatched";"";"";"";"";"";"";"";""
"2-220-05-gewasser-vor-dem-weiher-in-sandau";"2-220-05";"Gewässer vor dem Weiher in Sandau";"Stendal";"review";"0.91";"locality-water-review";"52.7864963";"12.0440166";"Sandau";"";"0.39";""
"2-220-06-wenddorfteich-in-sandau";"2-220-06";"Wenddorfteich in Sandau";"Stendal";"review";"0.91";"locality-water-review";"52.7864963";"12.0440166";"Sandau";"";"0.39";""
"2-220-10-eichenschlenke-bei-havelberg";"2-220-10";"Eichenschlenke bei Havelberg";"Stendal";"unmatched";"";"";"";"";"Havelberg";"";"";""
"2-220-11-kampierung-bei-havelberg";"2-220-11";"Kampierung bei Havelberg";"Stendal";"review";"0.918";"locality-water-review";"52.8232935";"12.0711128";"Havelberg";"";"0.28";""
"2-220-12-groe-wiesenschlenke-bei-havelberg";"2-220-12";"Große Wiesenschlenke bei Havelberg";"Stendal";"review";"0.918";"locality-water-review";"52.8232935";"12.0711128";"Havelberg";"";"0.28";""
"2-220-13-hornings-bracke-bei-havelberg";"2-220-13";"Hornings Bracke bei Havelberg";"Stendal";"review";"0.918";"locality-water-review";"52.8232935";"12.0711128";"Havelberg";"";"0.28";""
"2-220-14-kuhnsches-loch-bei-havelberg";"2-220-14";"Kühnsches Loch bei Havelberg";"Stendal";"review";"0.918";"locality-water-review";"52.8232935";"12.0711128";"Havelberg";"";"0.28";""
"2-220-15-karpfenlocher-bei-havelberg";"2-220-15";"Karpfenlöcher bei Havelberg";"Stendal";"review";"0.918";"locality-water-review";"52.8232935";"12.0711128";"Havelberg";"";"0.28";""
"2-220-18-elbe-km-428-431-rechtsseitig";"2-220-18";"Elbe km 428-431 rechtsseitig";"Stendal";"unmatched";"";"";"";"";"";"";"";""
"2-220-20-garzer-see-in-havelberg";"2-220-20";"Garzer See in Havelberg";"Stendal";"review";"0.918";"locality-water-review";"52.8232935";"12.0711128";"Havelberg";"";"0.28";""
"2-330-01-weidenwerder-bei-losenrade";"2-330-01";"Weidenwerder bei Losenrade";"Stendal";"review";"0.915";"locality-water-review";"52.9637074";"11.7639447";"Losenrade";"";"0.33";""
"2-330-02-streitwerder-bei-losenrade";"2-330-02";"Streitwerder bei Losenrade";"Stendal";"review";"0.915";"locality-water-review";"52.9637074";"11.7639447";"Losenrade";"";"0.33";""
"2-330-03-kuhweide-bei-losenrade";"2-330-03";"Kuhweide bei Losenrade";"Stendal";"review";"0.915";"locality-water-review";"52.9637074";"11.7639447";"Losenrade";"";"0.33";""
"2-330-04-die-benahen-bei-losenrade";"2-330-04";"Die Benähen bei Losenrade";"Stendal";"review";"0.915";"locality-water-review";"52.9637074";"11.7639447";"Losenrade";"";"0.33";""
"2-330-05-das-heisterrevier-bei-losenrade";"2-330-05";"Das Heisterrevier bei Losenrade";"Stendal";"review";"0.915";"locality-water-review";"52.9637074";"11.7639447";"Losenrade";"";"0.33";""
"2-330-06-hinterdeichstucken-bei-loserade";"2-330-06";"Hinterdeichstücken bei Loserade";"Stendal";"unmatched";"";"";"";"";"";"";"";""
"2-330-07-neuer-werder-bei-losenrade";"2-330-07";"Neuer Werder bei Losenrade";"Stendal";"review";"0.915";"locality-water-review";"52.9637074";"11.7639447";"Losenrade";"";"0.33";""
"2-330-08-werder-bei-losenrade";"2-330-08";"Werder bei Losenrade";"Stendal";"review";"0.915";"locality-water-review";"52.9637074";"11.7639447";"Losenrade";"";"0.33";""
"2-330-09-buschwerder-gansekuhle-bei";"2-330-09";"Buschwerder (Gänsekuhle) bei";"Stendal";"review";"0.876";"locality-water-review";"52.8248843";"12.0618073";"bei";"";"0.83";""
"2-330-10-groe-brack-beuster";"2-330-10";"Große Brack Beuster";"Stendal";"review";"0.917";"locality-water-review";"52.9404917";"11.7914236";"Beuster";"";"0.3";""
"2-330-11-alte-elbe-und-gansebrink";"2-330-11";"Alte Elbe und Gänsebrink";"Stendal";"unmatched";"";"";"";"";"";"";"";""
"2-330-12-binnengewasser-links-der-elbe";"2-330-12";"Binnengewässer links der Elbe";"Stendal";"review";"0.825";"locality-water-review";"52.9386032";"11.8070277";"der Elbe";"";"1.5";""
"2-330-13-schonberger-haken";"2-330-13";"Schönberger Haken";"Stendal";"review";"0.923";"locality-water-review";"52.9019138";"11.861507";"Haken";"";"0.22";""
"2-330-14-elbe-von-km-428-454-linksseitig";"2-330-14";"Elbe von km 428 - 454 linksseitig";"Stendal";"unmatched";"";"";"";"";"";"";"";""
"2-330-15-gewasser-feldneuendorf-bei";"2-330-15";"Gewässer Feldneuendorf bei";"Stendal";"review";"0.876";"locality-water-review";"52.8248843";"12.0618073";"bei";"";"0.83";""
"2-330-17-kiesgruben-wolterslage";"2-330-17";"Kiesgruben Wolterslage";"Stendal";"review";"0.909";"locality-water-review";"52.814462";"11.8496365";"Wolterslage";"";"0.4";""
"2-330-18-uchte-von-einmundung-des-land";"2-330-18";"Uchte von Einmündung des Land-";"Stendal";"review";"0.92";"locality-water-review";"52.7622506";"11.796798";"Düsedau";"";"0.26";""
"2-330-19-biese-und-aland-von-einmundung-des";"2-330-19";"Biese und Aland von Einmündung des";"Stendal";"review";"0.89";"locality-water-review";"52.7908125";"11.7616949";"des";"";"0.66";""
"2-330-21-alter-elbarm-kuhlenwerder";"2-330-21";"Alter Elbarm Kühlenwerder";"Stendal";"unmatched";"";"";"";"";"";"";"";""
"2-330-22-mittelsbruch-bei-losenrade";"2-330-22";"Mittelsbruch bei Losenrade";"Stendal";"review";"0.915";"locality-water-review";"52.9637074";"11.7639447";"Losenrade";"";"0.33";""
"2-330-23-eisenbahnerbruch-bei-losenrade";"2-330-23";"Eisenbahnerbruch bei Losenrade";"Stendal";"review";"0.915";"locality-water-review";"52.9637074";"11.7639447";"Losenrade";"";"0.33";""
"2-330-24-der-haken-am-hausberg-bei";"2-330-24";"Der Haken am Hausberg bei";"Stendal";"review";"0.803";"locality-water-review";"52.8248843";"12.0618073";"bei";"";"0.83";""
"2-330-25-schonberger-baggerloch";"2-330-25";"Schönberger Baggerloch";"Stendal";"review";"0.861";"locality-water-review";"52.1518012";"11.7302445";"Baggerloch";"";"0.48";""
"2-330-26-blauer-see-sandauerholz";"2-330-26";"Blauer See Sandauerholz";"Stendal";"review";"0.896";"locality-water-review";"52.7894193";"12.0060073";"Sandauerholz";"";"0.27";""
"2-330-27-schonberger-bagerloch-ii";"2-330-27";"Schönberger Bagerloch II";"Stendal";"review";"0.882";"locality-water-review";"52.8260115";"12.0587343";"II";"";"0.35";""
"2-330-28-baggerloch-wendemark";"2-330-28";"Baggerloch Wendemark";"Stendal";"review";"0.765";"locality-water-review";"52.8713643";"11.9544297";"Wendemark";"";"2.28";""
"2-330-29-bodenentnahmestelle-losenrade-1";"2-330-29";"Bodenentnahmestelle Losenrade 1";"Stendal";"review";"0.902";"locality-water-review";"52.9644864";"11.7651059";"Losenrade 1";"";"0.23";""
"2-330-30-bodenentnahmestelle-kruden";"2-330-30";"Bodenentnahmestelle Krüden";"Stendal";"review";"0.826";"locality-water-review";"52.9098255";"11.697833";"Krüden";"";"1.48";""
"2-330-31-baggersee-feldneuendorf";"2-330-31";"Baggersee Feldneuendorf";"Stendal";"review";"0.873";"locality-water-review";"52.9092071";"11.750001";"Feldneuendorf";"";"0.41";""
"2-334-01-bleichwehl-bei-werben-elbe";"2-334-01";"Bleichwehl bei Werben/Elbe";"Stendal";"review";"0.91";"locality-water-review";"52.8619083";"11.9797307";"Werben/Elbe";"";"0.18";""
"2-334-02-marschners-loch-bei-werben-elbe";"2-334-02";"Marschners Loch bei Werben/Elbe";"Stendal";"review";"0.91";"locality-water-review";"52.8619083";"11.9797307";"Werben/Elbe";"";"0.18";""
"2-334-03-wasserkuhle-langes-loch";"2-334-03";"Wasserkuhle Langes Loch";"Stendal";"review";"0.89";"locality-water-review";"52.8639319";"11.9812891";"Werben/Elbe";"";"0.31";""
"2-334-05-kiesgrube-schwimmbad-bei";"2-334-05";"Kiesgrube Schwimmbad bei";"Stendal";"review";"0.803";"locality-water-review";"52.8248843";"12.0618073";"bei";"";"0.83";""
"2-334-06-volkes-locher-in-rabel";"2-334-06";"Völkes Löcher in Räbel";"Stendal";"review";"0.859";"locality-water-review";"52.8404028";"12.024885";"Räbel";"";"0.49";""
"2-420-01-kohnsee-kladen";"2-420-01";"Köhnsee Kläden";"Stendal";"review";"0.903";"locality-water-review";"52.6332939";"11.6570417";"Kläden";"";"0.23";""
"2-420-02-schludenlanke-elbnebengewasser";"2-420-02";"Schlüdenlanke (Elbnebengewässer)";"Stendal";"review";"0.876";"locality-water-review";"52.6778001";"12.0018182";"Arneburg";"";"0.39";""
"2-420-04-stadtsee-in-stendal";"2-420-04";"Stadtsee in Stendal";"Stendal";"review";"0.855";"locality-water-review";"52.597681";"11.8470551";"Stendal";"Stadtsee";"1.17";""
"2-420-05-kiesgrube-schernikau";"2-420-05";"Kiesgrube Schernikau";"Stendal";"review";"0.782";"locality-water-review";"52.6398302";"11.7965615";"Schernikau";"";"2.06";""
"2-420-07-ziegeleiteich-charlottenhof-bei";"2-420-07";"Ziegeleiteich Charlottenhof bei";"Stendal";"review";"0.803";"locality-water-review";"52.8248843";"12.0618073";"bei";"";"0.83";""
"2-420-08-elbe-km-392-402-linksseitig";"2-420-08";"Elbe km 392 - 402 linksseitig";"Stendal";"unmatched";"";"";"";"";"";"";"";""
"2-420-10-dahlener-kiessee";"2-420-10";"Dahlener Kiessee";"Stendal";"unmatched";"";"";"";"";"";"";"";""
"2-420-11-fieber-in-stendal";"2-420-11";"Fieber in Stendal";"Stendal";"review";"0.838";"locality-water-review";"52.6005401";"11.8540908";"Stendal";"";"0.62";""
"2-420-12-elbnebengewasser-bei-hamerten";"2-420-12";"Elbnebengewässer bei Hämerten";"Stendal";"review";"0.886";"locality-water-review";"52.5895903";"11.9923774";"Hämerten";"";"0.33";""
"2-420-13-bauernwiehl-bei-fischbeck";"2-420-13";"Bauernwiehl bei Fischbeck";"Stendal";"review";"0.831";"locality-water-review";"52.542202";"12.0066643";"Fischbeck";"";"0.66";""
"2-421-01-dollgraben";"2-421-01";"Dollgraben";"Stendal";"unmatched";"";"";"";"";"";"";"";""
"2-421-03-gr-und-kl-parkteich-in-tangerhutte";"2-421-03";"Gr. und Kl. Parkteich in Tangerhütte";"Stendal";"review";"0.839";"locality-water-review";"52.4277796";"11.822457";"Tangerhütte";"";"1.32";""
"2-421-05-bertinger-see";"2-421-05";"Bertinger See";"Stendal";"unmatched";"";"";"";"";"";"";"";""
"2-421-07-lehmkuhle-in-cobbel";"2-421-07";"Lehmkuhle in Cobbel";"Stendal";"review";"0.916";"locality-water-review";"52.3937425";"11.8622872";"Cobbel";"";"0.15";""
"2-421-08-kreutzkolk-in-uetz";"2-421-08";"Kreutzkolk in Uetz";"Stendal";"review";"0.915";"locality-water-review";"52.3644013";"11.8450651";"Uetz";"";"0.15";""
"2-421-10-uetzer-spring";"2-421-10";"Uetzer Spring";"Stendal";"review";"0.913";"locality-water-review";"52.6693443";"12.2007126";"Spring";"";"0.16";""
"2-421-11-elbe-km-372-4-km-378-linksseitig";"2-421-11";"Elbe km 372, 4 – km 378 linksseitig";"Stendal";"unmatched";"";"";"";"";"";"";"";""
"2-422-01-fichtenwiehl-bei-fischbeck";"2-422-01";"Fichtenwiehl bei Fischbeck";"Stendal";"review";"0.831";"locality-water-review";"52.542202";"12.0066643";"Fischbeck";"";"0.66";""
"2-422-02-altes-kiesloch-bei-tangermunde";"2-422-02";"Altes Kiesloch bei Tangermünde";"Stendal";"review";"0.85";"locality-water-review";"52.5388554";"11.9763018";"Tangermünde";"";"0.55";""
"2-422-03-neues-kiesloch-bei-tangermunde";"2-422-03";"Neues Kiesloch bei Tangermünde";"Stendal";"review";"0.85";"locality-water-review";"52.5388554";"11.9763018";"Tangermünde";"";"0.55";""
"2-422-04-hartsteinwerke-bei-tangermunde";"2-422-04";"Hartsteinwerke bei Tangermünde";"Stendal";"review";"0.85";"locality-water-review";"52.5388554";"11.9763018";"Tangermünde";"";"0.55";""
"2-422-10-tankstellenloch-bei-fischbeck";"2-422-10";"Tankstellenloch bei Fischbeck";"Stendal";"review";"0.831";"locality-water-review";"52.542202";"12.0066643";"Fischbeck";"";"0.66";""
"2-422-11-junkerwiehl-bei-fischbeck";"2-422-11";"Junkerwiehl bei Fischbeck";"Stendal";"review";"0.831";"locality-water-review";"52.542202";"12.0066643";"Fischbeck";"";"0.66";""
"2-422-12-elbe-km-386-392-beidseitig-km-391-392";"2-422-12";"Elbe km 386-392 beidseitig, km 391-392";"Stendal";"unmatched";"";"";"";"";"391-392";"";"";""
"2-422-13-bolsdorfer-tanger";"2-422-13";"Bölsdorfer Tanger";"Stendal";"review";"0.875";"locality-water-review";"52.516045";"11.9426673";"Bölsdorfer Tanger";"";"0.4";""
"2-422-14-hafenbecken-tangermunde";"2-422-14";"Hafenbecken Tangermünde";"Stendal";"review";"0.85";"locality-water-review";"52.5388554";"11.9763018";"Tangermünde";"";"0.55";""
"2-423-01-baggerloch-buch";"2-423-01";"Baggerloch Buch";"Stendal";"review";"0.849";"locality-water-review";"52.48451";"11.965852";"Buch";"";"1.18";""
"2-423-02-bucher-kl-lanke";"2-423-02";"Bucher kl. Lanke";"Stendal";"review";"0.858";"locality-water-review";"52.5302465";"11.9594105";"Lanke";"";"0.5";""
"2-423-03-bucher-lanke";"2-423-03";"Bucher Lanke";"Stendal";"review";"0.858";"locality-water-review";"52.5302465";"11.9594105";"Lanke";"";"0.5";""
"2-423-04-trollsee-bei-bolsdorf";"2-423-04";"Trollsee bei Bölsdorf";"Stendal";"review";"0.924";"locality-water-review";"52.5083823";"11.9281141";"Bölsdorf";"";"0.1";""
"2-424-01-groer-gluming-in-grieben";"2-424-01";"Großer Glüming in Grieben";"Stendal";"review";"0.79";"locality-water-review";"52.4419114";"11.9665047";"Grieben";"";"0.91";""
"2-424-02-kleiner-gluming-in-grieben";"2-424-02";"Kleiner Glüming in Grieben";"Stendal";"review";"0.79";"locality-water-review";"52.4419114";"11.9665047";"Grieben";"";"0.91";""
"2-424-03-griebener-see";"2-424-03";"Griebener See";"Stendal";"unmatched";"";"";"";"";"";"";"";""
"2-426-01-jaeneckes-teiche-bei-stendal";"2-426-01";"Jaeneckes Teiche bei Stendal";"Stendal";"review";"0.838";"locality-water-review";"52.6005401";"11.8540908";"Stendal";"";"0.62";""
"3-200-01-sieben-insel-teich-in-flechtingen";"3-200-01";"Sieben-Insel-Teich in Flechtingen";"Börde";"review";"0.916";"locality-water-review";"52.3315217";"11.2375789";"Flechtingen";"";"0.14";""
"3-200-02-holzmuhlenteich-in-flechtingen";"3-200-02";"Holzmühlenteich in Flechtingen";"Börde";"review";"0.916";"locality-water-review";"52.3315217";"11.2375789";"Flechtingen";"";"0.14";""
"3-200-03-muhlenteich-flechtingen";"3-200-03";"Mühlenteich Flechtingen";"Börde";"review";"0.916";"locality-water-review";"52.3315217";"11.2375789";"Flechtingen";"";"0.14";""
"3-200-04-schloteich-in-flechtingen";"3-200-04";"Schloßteich in Flechtingen";"Börde";"review";"0.927";"locality-water-review";"52.3289406";"11.2382684";"Flechtingen";"Schlossteich";"0.36";""
"3-200-05-dorfteich-in-nordgermersleben";"3-200-05";"Dorfteich in Nordgermersleben";"Börde";"unmatched";"";"";"";"";"Nordgermersleben";"";"";""
"3-200-06-muhlenteich-flechtingen";"3-200-06";"Mühlenteich Flechtingen";"Börde";"review";"0.916";"locality-water-review";"52.3315217";"11.2375789";"Flechtingen";"";"0.14";""
"3-200-09-nachtwiese-bei-bebertal";"3-200-09";"Nachtwiese bei Bebertal";"Börde";"review";"0.884";"locality-water-review";"52.2428216";"11.3410155";"Bebertal";"";"0.34";""
"3-200-10-haidteich-bei-bebertal";"3-200-10";"Haidteich bei Bebertal";"Börde";"review";"0.884";"locality-water-review";"52.2428216";"11.3410155";"Bebertal";"";"0.34";""
"3-200-11-steinbruche-nordhusen";"3-200-11";"Steinbrüche Nordhusen";"Börde";"review";"0.9";"locality-water-review";"52.2461969";"11.3807624";"Nordhusen";"";"0.25";""
"3-200-12-ehemalige-schweineweide-bei";"3-200-12";"Ehemalige Schweineweide bei";"Börde";"unmatched";"";"";"";"";"bei";"";"";""
"3-200-13-hofteich-bodendorf";"3-200-13";"Hofteich Bodendorf";"Börde";"review";"0.849";"locality-water-review";"52.2877324";"11.2823173";"Bodendorf";"";"0.55";""
"3-200-16-neuer-teich-in-bebertal";"3-200-16";"Neuer Teich in Bebertal";"Börde";"review";"0.884";"locality-water-review";"52.2428216";"11.3410155";"Bebertal";"";"0.34";""
"3-200-17-konigsee-bei-bebertal";"3-200-17";"Königsee bei Bebertal";"Börde";"review";"0.904";"locality-water-review";"52.2472696";"11.3423937";"Bebertal";"Königsee";"0.63";""
"3-200-22-nonnenspringteich-haldensleben";"3-200-22";"Nonnenspringteich Haldensleben";"Börde";"unmatched";"";"";"";"";"Haldensleben";"";"";""
"3-200-23-gutsteich-kleinsantersleben";"3-200-23";"Gutsteich Kleinsantersleben";"Börde";"review";"0.838";"locality-water-review";"52.2060958";"11.4048587";"Schackensleben";"";"1.33";""
"3-200-24-gutsteich-brumby-2-teile";"3-200-24";"Gutsteich Brumby (2 Teile)";"Börde";"unmatched";"";"";"";"";"Nordgermersleben";"";"";""
"3-200-25-horsinger-spitze-bei-horsingen";"3-200-25";"Hörsinger Spitze bei Hörsingen";"Börde";"unmatched";"";"";"";"";"Hörsingen";"";"";""
"3-200-27-tongrube-bei-ivenrode";"3-200-27";"Tongrube bei Ivenrode";"Börde";"unmatched";"";"";"";"";"Ivenrode";"";"";""
"3-200-30-wiemeckenbruch-bei-belsdorf";"3-200-30";"Wiemeckenbruch bei Belsdorf";"Börde";"review";"0.796";"locality-water-review";"52.3422407";"11.1520265";"Belsdorf";"";"0.88";""
"3-200-31-speicher-an-der-speetze-bei-everingen-a-h-k-s-1-00";"3-200-31";"Speicher an der Speetze bei Everingen A, H, K, S 1,00";"Börde";"unmatched";"";"";"";"";"Everingen A";"";"";""
"3-200-32-wegenstedter-teich-bei-calvorde";"3-200-32";"Wegenstedter Teich bei Calvörde";"Börde";"review";"0.881";"locality-water-review";"52.3936762";"11.2840741";"Calvörde";"Wegenstedter Teich";"0.88";""
"3-200-33-mittelllandkanal-bereich";"3-200-33";"Mittelllandkanal Bereich";"Börde";"review";"0.802";"locality-water-review";"51.8510015";"12.2490817";"Bereich";"";"0.84";""
"3-200-34-ohre-von-straenbrucke-calvorde";"3-200-34";"Ohre von Straßenbrücke Calvörde";"Börde";"unmatched";"";"";"";"";"Calvörde";"";"";""
"3-200-35-3-teiche-rosenhagen-bei-erxleben";"3-200-35";"3 Teiche Rosenhagen bei Erxleben";"Börde";"unmatched";"";"";"";"";"Erxleben";"";"";""
"3-200-37-schafbade-bei-erxleben";"3-200-37";"Schafbade bei Erxleben";"Börde";"review";"0.925";"locality-water-review";"52.2192712";"11.2411831";"Erxleben";"";"0.09";""
"3-200-40-silbersee-bei-calvorde";"3-200-40";"Silbersee bei Calvörde";"Börde";"review";"0.84";"locality-water-review";"52.3958691";"11.3057448";"Calvörde";"";"0.61";""
"3-200-41-schweineweide-kathendorf";"3-200-41";"Schweineweide Kathendorf";"Börde";"review";"0.83";"locality-water-review";"52.3981302";"11.1473377";"Kathendorf";"";"1.43";""
"3-200-42-aller-von-bab-2-bis-landesgrenze";"3-200-42";"Aller von BAB 2 bis Landesgrenze";"Börde";"unmatched";"";"";"";"";"Landesgrenze";"";"";""
"3-200-43-scholecke-vom-ablauf-schaferteich";"3-200-43";"Schölecke vom Ablauf Schäferteich";"Börde";"unmatched";"";"";"";"";"die Aller";"";"";""
"3-200-44-speetze-vom-ablauf-schloteich";"3-200-44";"Speetze vom Ablauf Schloßteich";"Börde";"unmatched";"";"";"";"";"die Aller";"";"";""
"3-200-45-beber-von-einmundung-der-rie";"3-200-45";"Beber von Einmündung der Rie";"Börde";"review";"0.818";"locality-water-review";"51.4773429";"11.9782414";"Rie";"";"0.74";""
"3-200-46-wanneweh-von-einmundung-des";"3-200-46";"Wanneweh von Einmündung des";"Börde";"review";"0.849";"locality-water-review";"52.2733724";"11.0612403";"des";"";"1.19";""
"3-200-47-markgrafenteich-bei-bebertal";"3-200-47";"Markgrafenteich bei Bebertal";"Börde";"review";"0.884";"locality-water-review";"52.2428216";"11.3410155";"Bebertal";"";"0.34";""
"3-200-49-teich-am-siekweg-in-rottmersleben";"3-200-49";"Teich am Siekweg in Rottmersleben";"Börde";"review";"0.846";"locality-water-review";"52.2060958";"11.4048587";"Rottmersleben";"";"1.22";""
"3-200-50-speicher-an-der-krummbeck";"3-200-50";"Speicher an der Krummbeck";"Börde";"unmatched";"";"";"";"";"";"";"";""
"3-200-52-regenruckhaltebecken-in-hermsdorf";"3-200-52";"Regenrückhaltebecken in Hermsdorf";"Börde";"review";"0.873";"locality-water-review";"52.1867944";"11.4815856";"Hermsdorf";"";"0.41";""
"3-200-53-speicher-am-butterberg";"3-200-53";"Speicher am Butterberg";"Börde";"review";"0.816";"locality-water-review";"52.2628318";"11.2232058";"Butterberg";"";"0.76";""
"3-200-56-waldsteinbruch-hundisburg";"3-200-56";"Waldsteinbruch Hundisburg";"Börde";"unmatched";"";"";"";"";"Waldsteinbruch Hundisburg";"";"";""
"3-200-58-teich-in-ratzlingen";"3-200-58";"Teich in Rätzlingen";"Börde";"unmatched";"";"";"";"";"Rätzlingen";"";"";""
"3-200-59-koppelteiche-hundisburg";"3-200-59";"Koppelteiche Hundisburg";"Börde";"unmatched";"";"";"";"";"Hundisburg";"";"";""
"3-200-61-gartenteich-ratzlingen";"3-200-61";"Gartenteich Rätzlingen";"Börde";"review";"0.789";"locality-water-review";"52.4063985";"11.1186335";"Rätzlingen";"";"0.92";""
"3-200-63-teich-in-ivenrode";"3-200-63";"Teich in Ivenrode";"Börde";"review";"0.894";"locality-water-review";"52.2718419";"11.2281803";"Ivenrode";"";"0.28";""
"3-200-64-oberteich-in-uhrsleben";"3-200-64";"Oberteich in Uhrsleben";"Börde";"review";"0.918";"locality-water-review";"52.1986108";"11.2626629";"Uhrsleben";"";"0.13";""
"3-200-65-teich-hasselburg";"3-200-65";"Teich Hasselburg";"Börde";"unmatched";"";"";"";"";"Hasselburg";"";"";""
"3-200-66-stapelteiche-flechtingen";"3-200-66";"Stapelteiche Flechtingen";"Börde";"review";"0.916";"locality-water-review";"52.3315217";"11.2375789";"Flechtingen";"";"0.14";""
"3-200-67-schwanenteich-hundisburg";"3-200-67";"Schwanenteich Hundisburg";"Börde";"review";"0.876";"locality-water-review";"52.2488388";"11.3955604";"Hundisburg";"";"0.39";""
"3-201-01-speicher-am-generalsberg";"3-201-01";"Speicher am Generalsberg";"Börde";"unmatched";"";"";"";"";"";"";"";""
"3-261-01-mittellandkanal-bereich-oebisfelde";"3-261-01";"Mittellandkanal Bereich Oebisfelde";"Börde";"unmatched";"";"";"";"";"Oebisfelde";"";"";""
"3-261-02-aller-westlich-von-everingen";"3-261-02";"Aller westlich von Everingen";"Börde";"review";"0.769";"locality-water-review";"52.3544538";"11.0618598";"von Everingen";"";"1.04";""
"3-261-03-dorfteich-in-breitenrode";"3-261-03";"Dorfteich in Breitenrode";"Börde";"review";"0.758";"locality-water-review";"52.4812416";"10.9731481";"Breitenrode";"";"1.11";""
"3-261-04-muhlaller-mit-regenauffangbecken";"3-261-04";"Mühlaller mit Regenauffangbecken";"Börde";"unmatched";"";"";"";"";"Oebisfelde";"";"";""
"3-261-05-landgraben-bei-oebisfelde";"3-261-05";"Landgraben bei Oebisfelde";"Börde";"unmatched";"";"";"";"";"Oebisfelde";"";"";""
"3-261-06-schillingsteich-in-niendorf";"3-261-06";"Schillingsteich in Niendorf";"Börde";"review";"0.862";"locality-water-review";"52.4465437";"11.0652942";"Niendorf";"";"0.48";""
"3-261-07-regenwasserbecken-hinter-der";"3-261-07";"Regenwasserbecken hinter der";"Börde";"unmatched";"";"";"";"";"Oebisfelde";"";"";""
"3-261-08-badekuhle-in-wassensdorf";"3-261-08";"Badekuhle in Wassensdorf";"Börde";"review";"0.895";"locality-water-review";"52.4570471";"10.9995335";"Wassensdorf";"";"0.27";""
"3-282-01-tagebau-wolmirstedt-flur-31";"3-282-01";"Tagebau Wolmirstedt (Flur 31)";"Börde";"review";"0.854";"locality-water-review";"51.8477178";"12.2157836";"(Flur 31)";"";"0.52";""
"3-410-01-kiesschacht-in-kroppenstedt";"3-410-01";"Kiesschacht in Kroppenstedt";"Börde";"unmatched";"";"";"";"";"Kroppenstedt";"";"";""
"3-421-01-forellenteich-mahlwinkel";"3-421-01";"Forellenteich Mahlwinkel";"Börde";"review";"0.827";"locality-water-review";"52.3949698";"11.7872429";"Mahlwinkel";"";"1.48";""
"3-430-01-dorfteiche-in-ampfurth";"3-430-01";"Dorfteiche in Ampfurth";"Börde";"review";"0.894";"locality-water-review";"52.0621943";"11.3172225";"Ampfurth";"";"0.28";""
"3-430-02-priesterteich-in-eggenstedt";"3-430-02";"Priesterteich in Eggenstedt";"Börde";"unmatched";"";"";"";"";"Eggenstedt";"";"";""
"3-430-03-muhlenteich-in-schermcke";"3-430-03";"Mühlenteich in Schermcke";"Börde";"review";"0.911";"locality-water-review";"52.0548707";"11.28787";"Schermcke";"";"0.18";""
"3-430-04-bauernteich-in-schermke";"3-430-04";"Bauernteich in Schermke";"Börde";"unmatched";"";"";"";"";"";"";"";""
"3-430-07-gewasser-bei-kleinwanzleben";"3-430-07";"Gewässer bei Kleinwanzleben";"Börde";"unmatched";"";"";"";"";"";"";"";""
"3-430-08-bode-von-einmundung-des-muhl";"3-430-08";"Bode von Einmündung des Mühl-";"Börde";"review";"0.855";"locality-water-review";"51.3615094";"12.07155";"des Mühl-";"";"0.52";""
"3-430-09-fabrikenteich-in-seehausen";"3-430-09";"Fabrikenteich in Seehausen";"Börde";"unmatched";"";"";"";"";"";"";"";""
"3-430-13-uber-der-olbe-baggergelande";"3-430-13";"Über der Olbe-Baggergelände";"Börde";"unmatched";"";"";"";"";"Druxberge";"";"";""
"3-430-14-seehauser-seewiesen";"3-430-14";"Seehäuser Seewiesen";"Börde";"unmatched";"";"";"";"";"";"";"";""
"3-430-16-runder-teich-in-siegersleben";"3-430-16";"Runder Teich in Siegersleben";"Börde";"unmatched";"";"";"";"";"Siegersleben";"";"";""
"3-430-17-parkteich-meyendorf";"3-430-17";"Parkteich Meyendorf";"Börde";"review";"0.916";"locality-water-review";"52.0895067";"11.330871";"Meyendorf";"";"0.14";""
"3-430-18-das-grundlos-bei-heynburg";"3-430-18";"Das Grundlos bei Heynburg";"Börde";"unmatched";"";"";"";"";"Heynburg";"";"";""
"3-430-20-beregnungsspeicherbecken";"3-430-20";"Beregnungsspeicherbecken";"Börde";"unmatched";"";"";"";"";"Drackenstedt";"";"";""
"3-430-21-teich-im-park-peseckendorf";"3-430-21";"Teich im Park Peseckendorf";"Börde";"unmatched";"";"";"";"";"Peseckendorf";"";"";""
"3-430-22-umkehr-bei-wanzleben";"3-430-22";"Umkehr bei Wanzleben";"Börde";"review";"0.869";"locality-water-review";"52.0631202";"11.4424221";"Wanzleben";"";"0.43";""
"3-430-23-teich-in-hemsdorf";"3-430-23";"Teich in Hemsdorf";"Börde";"unmatched";"";"";"";"";"Hemsdorf";"";"";""
"3-430-24-altes-bad-in-hotensleben";"3-430-24";"Altes Bad in Hötensleben";"Börde";"unmatched";"";"";"";"";"Hötensleben";"";"";""
"3-430-25-dorfteich-stemmern";"3-430-25";"Dorfteich Stemmern";"Börde";"review";"0.836";"locality-water-review";"51.9998296";"11.5713956";"Stemmern";"Teich Stemmern";"0.34";""
"3-430-26-rahl-hotensleben";"3-430-26";"Rahl Hötensleben";"Börde";"review";"0.904";"locality-water-review";"52.1196449";"11.0412093";"Rahl Hötensleben";"";"0.22";""
"3-431-01-tonkuhle-bei-altenweddingen";"3-431-01";"Tonkuhle bei Altenweddingen";"Börde";"unmatched";"";"";"";"";"Altenweddingen";"";"";""
"3-432-01-karpfenteich-krottorf";"3-432-01";"Karpfenteich Krottorf";"Börde";"review";"0.899";"locality-water-review";"51.978445";"11.1809509";"Krottorf";"";"0.25";""
"3-470-01-ententeich-barleben";"3-470-01";"Ententeich Barleben";"Börde";"review";"0.928";"locality-water-review";"52.200073";"11.6204241";"Barleben";"";"0.07";""
"3-470-02-moortalsee-bei-zielitz-farsleben";"3-470-02";"Moortalsee bei Zielitz/Farsleben";"Börde";"unmatched";"";"";"";"";"";"";"";""
"3-470-03-alte-kiesgrube-rabe";"3-470-03";"Alte Kiesgrube (Rabe)";"Börde";"review";"0.893";"locality-water-review";"52.2316856";"11.5184452";"Groß Ammensleben";"";"0.29";""
"3-470-05-jersleber-see";"3-470-05";"Jersleber See";"Börde";"unmatched";"";"";"";"";"";"";"";""
"3-470-06-mittellandkanal-bereich-wolmirstedt";"3-470-06";"Mittellandkanal Bereich Wolmirstedt";"Börde";"unmatched";"";"";"";"";"Wolmirstedt A";"";"";""
"3-470-09-zielitzer-see";"3-470-09";"Zielitzer See";"Börde";"unmatched";"";"";"";"";"";"";"";""
"3-470-10-kiesloch-heinrichsberg-mittelheger";"3-470-10";"Kiesloch Heinrichsberg/Mittelheger";"Börde";"unmatched";"";"";"";"";"";"";"";""
"3-470-11-groer-kiesbagger-bei-wolmirstedt";"3-470-11";"Großer Kiesbagger bei Wolmirstedt";"Börde";"review";"0.871";"locality-water-review";"52.2450242";"11.6243577";"Wolmirstedt";"";"0.42";""
"3-470-12-dobberitz-bei-glindenberg";"3-470-12";"Döbberitz bei Glindenberg";"Börde";"review";"0.852";"locality-water-review";"52.2379828";"11.6789422";"Glindenberg";"";"0.54";""
"3-470-13-steinkolk-bei-glindenberg";"3-470-13";"Steinkolk bei Glindenberg";"Börde";"review";"0.852";"locality-water-review";"52.2379828";"11.6789422";"Glindenberg";"";"0.54";""
"3-470-14-specklacke-bei-glindenberg";"3-470-14";"Specklacke bei Glindenberg";"Börde";"review";"0.852";"locality-water-review";"52.2379828";"11.6789422";"Glindenberg";"";"0.54";""
"3-470-15-baggerloch-meseberg";"3-470-15";"Baggerloch Meseberg";"Börde";"unmatched";"";"";"";"";"Meseberg";"";"";""
"3-470-17-ohre-von-vahldorfer-brucke-bis";"3-470-17";"Ohre von Vahldorfer Brücke bis";"Börde";"review";"0.784";"locality-water-review";"51.6571329";"12.3058934";"bis";"";"0.95";""
"3-470-18-braunschweiger-loch-kiesgrube";"3-470-18";"Braunschweiger Loch (Kiesgrube)";"Börde";"unmatched";"";"";"";"";"";"";"";""
"3-470-19-klane-bei-glindenberg";"3-470-19";"Kläne bei Glindenberg";"Börde";"review";"0.852";"locality-water-review";"52.2379828";"11.6789422";"Glindenberg";"";"0.54";""
"3-470-20-daukuhle-bei-samswegen";"3-470-20";"Daukuhle bei Samswegen";"Börde";"review";"0.851";"locality-water-review";"52.2646994";"11.5657053";"Samswegen";"";"0.54";""
"3-470-21-steinbruch-dahlenwarsleben";"3-470-21";"Steinbruch Dahlenwarsleben";"Börde";"unmatched";"";"";"";"";"Steinbruch Dahlenwarsleben";"";"";""
"3-470-22-steinbruch-wellen";"3-470-22";"Steinbruch Wellen";"Börde";"review";"0.858";"locality-water-review";"52.1458154";"11.4431107";"Wellen";"";"0.5";""
"3-470-23-see-im-technologiepark-ostfalen";"3-470-23";"See im Technologiepark Ostfalen";"Börde";"review";"0.928";"locality-water-review";"52.200073";"11.6204241";"Barleben";"";"0.07";""
"3-470-26-ohre-von-wolmirstedt-bis-elbmundung";"3-470-26";"Ohre von Wolmirstedt bis Elbmündung";"Börde";"unmatched";"";"";"";"";"";"";"";""
"3-470-27-mittellandkanal-km-320-10-321-10";"3-470-27";"Mittellandkanal km 320, 10 – 321, 10";"Börde";"review";"0.712";"locality-water-review";"52.3502881";"11.560878";"321, 10";"";"2.98";""
"3-470-28-regenruckhaltebecken-meitzendorf";"3-470-28";"Regenrückhaltebecken Meitzendorf";"Börde";"review";"0.812";"locality-water-review";"52.2172932";"11.5673215";"Meitzendorf";"";"0.78";""
"3-471-01-1-kiesgrube-an-der-zufahrt-zum";"3-471-01";"1. Kiesgrube an der Zufahrt zum";"Börde";"review";"0.839";"locality-water-review";"52.5657784";"10.9383288";"Zufahrt zum";"";"0.61";""
"3-471-02-2-kiesgrube-an-der-zufahrt-zum";"3-471-02";"2. Kiesgrube an der Zufahrt zum";"Börde";"review";"0.839";"locality-water-review";"52.5657784";"10.9383288";"Zufahrt zum";"";"0.61";""
"3-471-03-unterholz-und-haken-bei-rogatz";"3-471-03";"Unterholz und Haken bei Rogätz";"Börde";"review";"0.832";"locality-water-review";"52.3116009";"11.7749445";"Rogätz";"";"0.66";""
"3-472-01-pfennigsee-bei-farsleben";"3-472-01";"Pfennigsee bei Farsleben";"Börde";"unmatched";"";"";"";"";"Farsleben";"";"";""
"3-472-02-kleiner-kiesbagger-bei-wolmirstedt";"3-472-02";"Kleiner Kiesbagger bei Wolmirstedt";"Börde";"review";"0.871";"locality-water-review";"52.2450242";"11.6243577";"Wolmirstedt";"";"0.42";""
"3-472-03-kuchenhorn-bei-wolmirstedt";"3-472-03";"Küchenhorn bei Wolmirstedt";"Börde";"review";"0.871";"locality-water-review";"52.2450242";"11.6243577";"Wolmirstedt";"";"0.42";""
"3-472-04-zollau-bei-glindenberg";"3-472-04";"Zollau bei Glindenberg";"Börde";"review";"0.852";"locality-water-review";"52.2379828";"11.6789422";"Glindenberg";"";"0.54";""
"3-472-05-ohre-stadgebiet-wolmirstedt";"3-472-05";"Ohre Stadgebiet Wolmirstedt";"Börde";"review";"0.834";"locality-water-review";"52.2438106";"11.6211875";"Wolmirstedt";"";"0.64";""
"3-472-07-dorfteich-hohenwarsleben";"3-472-07";"Dorfteich Hohenwarsleben";"Börde";"review";"0.916";"locality-water-review";"52.1764278";"11.5032555";"Hohenwarsleben";"";"0.15";""
"3-472-08-nordliches-entlastungsgerinne";"3-472-08";"Nördliches Entlastungsgerinne";"Börde";"unmatched";"";"";"";"";"";"";"";""
"3-472-09-biotop-am-anger";"3-472-09";"Biotop am Anger";"Börde";"unmatched";"";"";"";"";"Anger";"";"";""
"3-472-10-an-der-tranke-ochtmersleben";"3-472-10";"An der Tränke Ochtmersleben";"Börde";"review";"0.836";"locality-water-review";"52.1666635";"11.4053311";"Tränke Ochtmersleben";"";"1.36";""
"4-130-01-alte-elbe-lostau";"4-130-01";"Alte Elbe Lostau";"Jerichower Land";"review";"0.849";"locality-water-review";"52.182304";"11.7034429";"Elbe Lostau";"";"1.19";""
"4-130-02-ihle-von-brucke-bab-2-bis-mundung";"4-130-02";"Ihle von Brücke BAB 2 bis Mündung";"Jerichower Land";"unmatched";"";"";"";"";"";"";"";""
"4-130-04-niegripper-see";"4-130-04";"Niegripper See";"Jerichower Land";"unmatched";"";"";"";"";"";"";"";""
"4-130-05-steinbruch-heinrichsthal";"4-130-05";"Steinbruch Heinrichsthal";"Jerichower Land";"unmatched";"";"";"";"";"";"";"";""
"4-130-06-steinbruch-fuchsberg-gommern";"4-130-06";"Steinbruch Fuchsberg Gommern";"Jerichower Land";"review";"0.78";"locality-water-review";"52.0701388";"11.8363363";"Fuchsberg Gommern";"";"0.98";""
"4-130-07-badeteich-schermen";"4-130-07";"Badeteich Schermen";"Jerichower Land";"review";"0.889";"locality-water-review";"52.233379";"11.8120655";"Schermen";"";"0.31";""
"4-130-08-fenn-in-moser";"4-130-08";"Fenn in Möser";"Jerichower Land";"review";"0.856";"locality-water-review";"52.2100832";"11.8540345";"Möser";"";"0.51";""
"4-130-09-tongrube-moserhohe";"4-130-09";"Tongrube Möserhöhe";"Jerichower Land";"unmatched";"";"";"";"";"";"";"";""
"4-130-10-teiche-bei-nedlitz";"4-130-10";"Teiche bei Nedlitz";"Jerichower Land";"review";"0.891";"locality-water-review";"52.1287799";"11.8337627";"Nedlitz";"";"0.3";""
"4-130-11-groe-wehle-bei-niegripp";"4-130-11";"Große Wehle bei Niegripp";"Jerichower Land";"review";"0.906";"locality-water-review";"52.2639633";"11.7618822";"Niegripp";"";"0.21";""
"4-130-12-schweinekolk-bei-niegripp";"4-130-12";"Schweinekolk bei Niegripp";"Jerichower Land";"review";"0.935";"locality-water-review";"52.2648699";"11.7549985";"Niegripp";"Schweinekolk";"0.28";""
"4-130-13-moorslake-bei-schartau";"4-130-13";"Moorslake bei Schartau";"Jerichower Land";"review";"0.8";"locality-water-review";"52.2918081";"11.7792947";"Schartau";"";"0.85";""
"4-130-14-katzenkolk-bei-schartau";"4-130-14";"Katzenkolk bei Schartau";"Jerichower Land";"review";"0.824";"locality-water-review";"52.279426";"11.7731322";"Schartau";"Katzenkolk";"1.52";""
"4-130-15-elbe-havel-kanal-km-326-67-km-344";"4-130-15";"Elbe-Havel-Kanal km 326, 67- km 344";"Jerichower Land";"review";"0.908";"locality-water-review";"52.4196991";"12.1471119";"km 344";"";"0.19";""
"4-130-17-dedens-gewasser-bei-lostau";"4-130-17";"Dedens-Gewässer bei Lostau";"Jerichower Land";"unmatched";"";"";"";"";"Lostau";"";"";""
"4-130-18-elbe-km-334-350-beidseitig";"4-130-18";"Elbe km 334-350 beidseitig";"Jerichower Land";"unmatched";"";"";"";"";"";"";"";""
"4-130-19-ehle-von-vehlitz-bis-mundung";"4-130-19";"Ehle von Vehlitz bis Mündung";"Jerichower Land";"unmatched";"";"";"";"";"";"";"";""
"4-130-20-ehle-vom-ablauf-der-fischteiche";"4-130-20";"Ehle vom Ablauf der Fischteiche";"Jerichower Land";"unmatched";"";"";"";"";"";"";"";""
"4-130-21-feldschlochenkolk-in-burg";"4-130-21";"Feldschlößchenkolk in Burg";"Jerichower Land";"review";"0.916";"locality-water-review";"52.2711281";"11.8607563";"Burg";"";"0.15";""
"4-130-22-schlogewasser-ehleteich-in-mockern";"4-130-22";"Schloßgewässer Ehleteich in Möckern";"Jerichower Land";"review";"0.883";"locality-water-review";"52.1374967";"11.9534295";"Möckern";"";"0.35";""
"4-130-23-gerwischer-baggersee-ii-teilflache";"4-130-23";"Gerwischer Baggersee II (Teilfläche)";"Jerichower Land";"unmatched";"";"";"";"";"";"";"";""
"4-130-24-niegripper-verbindungskanal";"4-130-24";"Niegripper Verbindungskanal";"Jerichower Land";"unmatched";"";"";"";"";"";"";"";""
"4-130-27-dunker-see-burg";"4-130-27";"Dunker-See Burg";"Jerichower Land";"review";"0.916";"locality-water-review";"52.2711281";"11.8607563";"Burg";"";"0.15";""
"4-130-28-gerwischer-baggersee-i";"4-130-28";"Gerwischer Baggersee I";"Jerichower Land";"unmatched";"";"";"";"";"";"";"";""
"4-130-29-altes-baggerloch-lostau";"4-130-29";"Altes Baggerloch Lostau";"Jerichower Land";"unmatched";"";"";"";"";"Baggerloch Lostau";"";"";""
"4-130-30-kathe-kolk-menz";"4-130-30";"Käthe-Kolk Menz";"Jerichower Land";"review";"0.899";"locality-water-review";"52.1176237";"11.7665146";"Menz";"";"0.25";""
"4-130-31-alte-elbe-bei-niegripp";"4-130-31";"Alte Elbe bei Niegripp";"Jerichower Land";"unmatched";"";"";"";"";"Niegripp";"";"";""
"4-130-32-niegripper-altkanal-teilflache";"4-130-32";"Niegripper Altkanal (Teilfläche)";"Jerichower Land";"unmatched";"";"";"";"";"";"";"";""
"4-130-33-gr-gehrenscher-see";"4-130-33";"Gr. Gehrenscher See";"Jerichower Land";"unmatched";"";"";"";"";"";"";"";""
"4-130-34-flickschuhteich-burg";"4-130-34";"Flickschuhteich Burg";"Jerichower Land";"review";"0.916";"locality-water-review";"52.2711281";"11.8607563";"Burg";"";"0.15";""
"4-130-36-mittellandkanal-km-322-82-km-324-46-a-bl-k-pl-z-5-31-nordufer";"4-130-36";"Mittellandkanal km 322,82 - km 324,46 A, Bl, K, Pl, Z 5,31 Nordufer";"Jerichower Land";"unmatched";"";"";"";"";"";"";"";""
"4-170-01-lehmkuhlengraben-bei-parchen";"4-170-01";"Lehmkuhlengraben bei Parchen";"Jerichower Land";"review";"0.85";"locality-water-review";"52.3567771";"12.0650882";"Parchen";"Lehmkuhlengraben";"1.23";""
"4-170-03-zernau-see-bei-mutzel";"4-170-03";"Zernau-See bei Mützel";"Jerichower Land";"review";"0.737";"locality-water-review";"52.3901605";"12.140709";"Mützel";"";"2.65";""
"4-170-04-muhlengraben-bei-mutzel";"4-170-04";"Mühlengraben bei Mützel";"Jerichower Land";"unmatched";"";"";"";"";"Mützel";"";"";""
"4-170-06-kiesgrube-brettiner-chaussee-ein";"4-170-06";"Kiesgrube Brettiner Chaussee Ein-";"Jerichower Land";"review";"0.905";"locality-water-review";"52.1700956";"11.6109462";"Ein-";"";"0.21";""
"4-170-08-altenplatower-altkanal";"4-170-08";"Altenplatower-Altkanal";"Jerichower Land";"unmatched";"";"";"";"";"";"";"";""
"4-170-09-rodorfer-altkanal-km-0-0-bis";"4-170-09";"Roßdorfer Altkanal km 0, 0 bis";"Jerichower Land";"review";"0.868";"locality-water-review";"52.4196991";"12.1471119";"0 bis";"";"0.44";""
"4-170-10-kiesgrube-zabakuck";"4-170-10";"Kiesgrube Zabakuck";"Jerichower Land";"unmatched";"";"";"";"";"Zabakuck";"";"";""
"4-170-11-tucheim-parchener-bach-vom-ringels";"4-170-11";"Tucheim-Parchener-Bach vom Ringels-";"Jerichower Land";"unmatched";"";"";"";"";"";"";"";""
"4-170-12-torschiffahrtskanal-vom-wehr-mutzel-bis-a-b-bl-h-pl-qu-3-00-zur-mundung-in-den-fiener-haupvorfluter";"4-170-12";"Torschiffahrtskanal vom Wehr Mützel bis A, B, Bl, H, Pl, Qu 3,00 zur Mündung in den Fiener Haupvorfluter";"Jerichower Land";"unmatched";"";"";"";"";"";"";"";""
"4-170-13-fiener-hauptvorfluter-vom-wehr";"4-170-13";"Fiener Hauptvorfluter vom Wehr";"Jerichower Land";"review";"0.833";"locality-water-review";"52.3884409";"11.9684783";"Wehr";"";"0.65";""
"4-170-14-hauptstremme-vom-rodorfer-altkanal-a-b-bl-h-pl-s-8-00-bis-zur-einmundung-des-galmer-grabens";"4-170-14";"Hauptstremme vom Roßdorfer Altkanal A, B, Bl, H, Pl, S 8,00 bis zur Einmündung des Galmer Grabens";"Jerichower Land";"unmatched";"";"";"";"";"";"";"";""
"4-170-15-schlagenthiner-stremme-vom-rodorfer-a-b-bl-h-pl-s-7-00-altkanal-bis-zur-hauptstremme";"4-170-15";"Schlagenthiner Stremme vom Roßdorfer A, B, Bl, H, Pl, S 7,00 Altkanal bis zur Hauptstremme";"Jerichower Land";"review";"0.835";"locality-water-review";"52.4822552";"12.2398619";"Hauptstremme";"";"0.64";""
"4-170-16-elbe-havel-kanal-von-km-360-bis-364-5-a-b-bl-h-k-71-92-brucke-b1-ortsausgang-genthin-und";"4-170-16";"Elbe-Havel-Kanal von km 360 bis 364, 5 A, B, Bl, H, K, 71,92 (Brücke B1 Ortsausgang Genthin) und";"Jerichower Land";"review";"0.904";"locality-water-review";"52.4087394";"12.139385";"Genthin) und";"";"0.22";""
"4-170-17-2-teiche-im-parchener-park";"4-170-17";"2 Teiche im Parchener Park";"Jerichower Land";"review";"0.881";"locality-water-review";"52.4096458";"12.1525042";"Park";"";"0.36";""
"4-171-01-kiesgrube-netzband-bei-derben";"4-171-01";"Kiesgrube Netzband bei Derben";"Jerichower Land";"unmatched";"";"";"";"";"Derben";"";"";""
"4-171-02-kiesschacht-wenzlau-bei-derben";"4-171-02";"Kiesschacht Wenzlau bei Derben";"Jerichower Land";"review";"0.837";"locality-water-review";"52.4096612";"11.9955837";"Derben";"";"0.63";""
"4-171-03-muhlenlanke-herrenseegraben-bei-parey-a-b-bl-gu-h-pl-ro-1-00";"4-171-03";"Mühlenlanke-Herrenseegraben bei Parey A, B, Bl, Gü, H, Pl, Ro 1,00";"Jerichower Land";"unmatched";"";"";"";"";"Parey A";"";"";""
"4-171-04-kiesgrube-an-der-mts-in-parey";"4-171-04";"Kiesgrube an der MTS in Parey";"Jerichower Land";"review";"0.898";"locality-water-review";"52.3773864";"11.9850074";"Parey";"";"0.26";""
"4-171-05-alte-elbe-mit-tunnel-und";"4-171-05";"Alte Elbe mit Tunnel und";"Jerichower Land";"unmatched";"";"";"";"";"Parey";"";"";""
"4-171-07-badeteich-bei-gusen";"4-171-07";"Badeteich bei Güsen";"Jerichower Land";"review";"0.893";"locality-water-review";"52.3473585";"11.9715853";"Güsen";"Badeteich Güsen";"0.75";""
"4-171-08-feuerloschteich-bei-ferchland";"4-171-08";"Feuerlöschteich bei Ferchland";"Jerichower Land";"unmatched";"";"";"";"";"Ferchland";"";"";""
"4-171-09-kiesloch-born-bei-derben";"4-171-09";"Kiesloch Born bei Derben";"Jerichower Land";"review";"0.837";"locality-water-review";"52.4096612";"11.9955837";"Derben";"";"0.63";""
"4-171-10-wulsch-kieslocher-bei-derben";"4-171-10";"Wulsch Kieslöcher bei Derben";"Jerichower Land";"review";"0.837";"locality-water-review";"52.4096612";"11.9955837";"Derben";"";"0.63";""
"4-171-11-alte-und-neue-kieslocher-bei-derben";"4-171-11";"Alte und Neue Kieslöcher bei Derben";"Jerichower Land";"review";"0.837";"locality-water-review";"52.4096612";"11.9955837";"Derben";"";"0.63";""
"4-171-12-baggerelbe-bei-derben";"4-171-12";"Baggerelbe bei Derben";"Jerichower Land";"unmatched";"";"";"";"";"Derben";"";"";""
"4-171-13-kieslocher-derben";"4-171-13";"Kieslöcher Derben";"Jerichower Land";"review";"0.837";"locality-water-review";"52.4096612";"11.9955837";"Derben";"";"0.63";""
"4-171-14-stromelbe-von-km-372-4";"4-171-14";"Stromelbe von km 372,4";"Jerichower Land";"review";"0.883";"locality-water-review";"51.74643";"11.0094452";"km 372,4";"";"0.35";""
"4-171-15-pareyer-verbindungskanal";"4-171-15";"Pareyer Verbindungskanal";"Jerichower Land";"unmatched";"";"";"";"";"";"";"";""
"4-171-16-zerbener-altarm-am";"4-171-16";"Zerbener Altarm am";"Jerichower Land";"review";"0.906";"locality-water-review";"51.7589429";"13.0912271";"Altarm am";"";"0.21";""
"4-171-18-waldmuhlenlanke-bei-parey";"4-171-18";"Waldmühlenlanke bei Parey";"Jerichower Land";"review";"0.898";"locality-water-review";"52.3773864";"11.9850074";"Parey";"";"0.26";""
"4-171-21-erdegraben-bei-parey";"4-171-21";"Erdegraben bei Parey";"Jerichower Land";"review";"0.87";"locality-water-review";"52.3818511";"11.9911974";"Parey";"";"0.43";""
"4-171-23-badingslanke-bei-zerben";"4-171-23";"Badingslanke bei Zerben";"Jerichower Land";"unmatched";"";"";"";"";"Zerben";"";"";""
"4-171-24-lemmerweide-bei-derben";"4-171-24";"Lemmerweide bei Derben";"Jerichower Land";"review";"0.837";"locality-water-review";"52.4096612";"11.9955837";"Derben";"";"0.63";""
"4-171-25-groes-wasserloch-parey-kuhn-s-loch";"4-171-25";"Großes Wasserloch Parey (Kühn´s Loch)";"Jerichower Land";"review";"0.945";"locality-water-review";"52.3894247";"11.984425";"Loch)";"Kühns Loch";"0.17";""
"4-171-26-elbe-havel-kanal-von-km-344-bis-km-353";"4-171-26";"Elbe-Havel-Kanal von km 344 bis km 353";"Jerichower Land";"review";"0.868";"locality-water-review";"52.4196991";"12.1471119";"km 353";"";"0.44";""
"4-172-01-elbe-havel-kanal-von-km-364-5";"4-172-01";"Elbe-Havel-Kanal von km 364,5";"Jerichower Land";"review";"0.848";"locality-water-review";"53.6879895";"9.1814549";"364,5";"";"0.56";""
"4-172-03-rodorfer-altkanal-von";"4-172-03";"Roßdorfer Altkanal von";"Jerichower Land";"unmatched";"";"";"";"";"von";"";"";""
"4-173-01-bergzower-altkanal-vom-abzweig";"4-173-01";"Bergzower Altkanal vom Abzweig";"Jerichower Land";"unmatched";"";"";"";"";"Abzweig";"";"";""
"4-173-02-elbe-havel-kanal-von-km-353-km-360";"4-173-02";"Elbe-Havel-Kanal von km 353 - km 360";"Jerichower Land";"review";"0.785";"locality-water-review";"52.4967467";"12.0194681";"360";"";"2.02";""
"4-280-01-umflutehle-von-einmundung-der";"4-280-01";"Umflutehle von Einmündung der";"Jerichower Land";"unmatched";"";"";"";"";"die Elbe";"";"";""
"4-490-02-ziegeleiteich-1-und-2-bei-leitzkau";"4-490-02";"Ziegeleiteich 1 und 2 bei Leitzkau";"Jerichower Land";"unmatched";"";"";"";"";"Leitzkau";"";"";""
"4-490-03-schloteich-und-2-nebenteiche-in";"4-490-03";"Schloßteich und 2 Nebenteiche in";"Jerichower Land";"review";"0.885";"locality-water-review";"52.2638312";"11.8326902";"in";"";"0.34";""
"4-490-04-dornburger-see";"4-490-04";"Dornburger See";"Jerichower Land";"unmatched";"";"";"";"";"";"";"";""
"4-490-07-dorfteich-in-ladeburg";"4-490-07";"Dorfteich in Ladeburg";"Jerichower Land";"review";"0.875";"locality-water-review";"52.0802341";"11.9351159";"Ladeburg";"";"0.39";""
"4-491-01-prodeler-see-2-teiche";"4-491-01";"Prödeler See - 2 Teiche";"Jerichower Land";"unmatched";"";"";"";"";"";"";"";""
"4-491-03-lubser-see";"4-491-03";"Lübser See";"Jerichower Land";"unmatched";"";"";"";"";"";"";"";""
"4-492-01-pappelteich-bei-hobeck";"4-492-01";"Pappelteich bei Hobeck";"Jerichower Land";"unmatched";"";"";"";"";"Hobeck";"";"";""
"4-492-02-groer-teich-bei-dalchau";"4-492-02";"Großer Teich bei Dalchau";"Jerichower Land";"unmatched";"";"";"";"";"Dalchau";"";"";""
"4-492-03-kleiner-teich-bei-dalchau";"4-492-03";"Kleiner Teich bei Dalchau";"Jerichower Land";"review";"0.924";"locality-water-review";"52.1124461";"11.9896018";"Dalchau";"";"0.1";""
"4-492-04-teich-in-gobel";"4-492-04";"Teich in Göbel";"Jerichower Land";"review";"0.918";"locality-water-review";"52.0753173";"12.0140574";"Göbel";"";"0.13";""
"4-492-05-kiesgrube-loburg";"4-492-05";"Kiesgrube Loburg";"Jerichower Land";"unmatched";"";"";"";"";"Loburg";"";"";""
"4-492-06-rosianer-stau";"4-492-06";"Rosianer Stau";"Jerichower Land";"review";"0.892";"locality-water-review";"52.6075216";"11.4869597";"Stau";"";"0.29";""
"5-100-02-ellernteich-in-reinstedt";"5-100-02";"Ellernteich in Reinstedt";"Harz";"unmatched";"";"";"";"";"Reinstedt";"";"";""
"5-101-01-kiesgrube-zwischen-aschersleben";"5-101-01";"Kiesgrube zwischen Aschersleben";"Harz";"review";"0.732";"locality-water-review";"51.8200904";"11.1442594";"Aschersleben";"";"2.71";""
"5-101-02-pappelteich-ermsleben";"5-101-02";"Pappelteich Ermsleben";"Harz";"unmatched";"";"";"";"";"Ermsleben";"";"";""
"5-101-03-burgteich-ermsleben";"5-101-03";"Burgteich Ermsleben";"Harz";"unmatched";"";"";"";"";"Ermsleben";"";"";""
"5-190-02-parkteich-mahndorf";"5-190-02";"Parkteich Mahndorf";"Harz";"unmatched";"";"";"";"";"Mahndorf";"";"";""
"5-190-03-bode-vom-einlauf-des-goldbaches";"5-190-03";"Bode vom Einlauf des Goldbaches";"Harz";"unmatched";"";"";"";"";"";"";"";""
"5-190-04-halberstadter-see-1-badesee";"5-190-04";"Halberstädter See 1 (Badesee)";"Harz";"unmatched";"";"";"";"";"";"";"";""
"5-190-06-groer-graben-vom-zusammenfluss";"5-190-06";"Großer Graben vom Zusammenfluss";"Harz";"unmatched";"";"";"";"";"";"";"";""
"5-190-08-halberstadter-see-ii";"5-190-08";"Halberstädter See II";"Harz";"review";"0.769";"locality-water-review";"51.6575633";"11.1495517";"II";"";"1.04";""
"5-191-01-fischteich-osterwieck";"5-191-01";"Fischteich Osterwieck";"Harz";"review";"0.821";"locality-water-review";"51.9646992";"10.7055165";"Osterwieck";"";"0.73";""
"5-191-02-muhlenteich-deersheim";"5-191-02";"Mühlenteich Deersheim";"Harz";"unmatched";"";"";"";"";"Deersheim";"";"";""
"5-191-03-turmteich-eilenstedt";"5-191-03";"Turmteich Eilenstedt";"Harz";"review";"0.76";"locality-water-review";"51.9851521";"11.0418283";"Eilenstedt";"";"1.1";""
"5-191-04-steinbachteich-deersheim";"5-191-04";"Steinbachteich Deersheim";"Harz";"review";"0.897";"locality-water-review";"51.9809516";"10.78052";"Deersheim";"";"0.26";""
"5-230-01-untere-schwenneckestau-bei-pansfelde-a-k-pl-ro-s-0-50";"5-230-01";"Untere Schwenneckestau bei Pansfelde A, K, Pl, Ro, S 0,50";"Harz";"review";"0.921";"locality-water-review";"51.6575356";"11.2779405";"Pansfelde A";"";"0.11";""
"5-230-03-oberer-teich-pansfelde";"5-230-03";"Oberer Teich Pansfelde";"Harz";"review";"0.921";"locality-water-review";"51.6575356";"11.2779405";"Pansfelde";"";"0.11";""
"5-230-04-unterer-teich-pansfelde";"5-230-04";"Unterer Teich Pansfelde";"Harz";"review";"0.921";"locality-water-review";"51.6575356";"11.2779405";"Pansfelde";"";"0.11";""
"5-340-01-erichsburger-teich-bei-friedrichsbrunn";"5-340-01";"Erichsburger Teich bei Friedrichsbrunn";"Harz";"review";"0.901";"locality-water-review";"51.6969464";"11.0261575";"Friedrichsbrunn";"";"0.23";""
"5-340-02-bergrat-muller-teich-bei-gernrode";"5-340-02";"Bergrat-Müller Teich bei Gernrode";"Harz";"review";"0.894";"locality-water-review";"51.7255993";"11.1418533";"Gernrode";"";"0.28";""
"5-340-03-neuer-teich-bei-gernrode";"5-340-03";"Neuer Teich bei Gernrode";"Harz";"review";"0.894";"locality-water-review";"51.7255993";"11.1418533";"Gernrode";"";"0.28";""
"5-340-05-kunstteich-in-ballenstedt";"5-340-05";"Kunstteich in Ballenstedt";"Harz";"unmatched";"";"";"";"";"Ballenstedt";"";"";""
"5-340-06-hauptseegraben-von-kreisgrenze";"5-340-06";"Hauptseegraben von Kreisgrenze";"Harz";"review";"0.793";"locality-water-review";"51.686505";"11.2910271";"die Selke";"";"0.9";""
"5-340-07-groer-dachsteich-bei-ballenstedt";"5-340-07";"Großer Dachsteich bei Ballenstedt";"Harz";"unmatched";"";"";"";"";"Ballenstedt";"";"";""
"5-340-08-kiesgrube-bei-dittfurt";"5-340-08";"Kiesgrube bei Dittfurt";"Harz";"unmatched";"";"";"";"";"";"";"";""
"5-340-09-bode-vom-einlauf-des-quarmbaches";"5-340-09";"Bode vom Einlauf des Quarmbaches";"Harz";"unmatched";"";"";"";"";"";"";"";""
"5-340-10-groer-siebersteinsteich-bei-ballenstedt-a-b-bl-h-k-4-20-pl-ro-s";"5-340-10";"Großer Siebersteinsteich bei Ballenstedt A, B, Bl, H, K, 4,20 Pl, Ro, S";"Harz";"unmatched";"";"";"";"";"Ballenstedt A";"";"";""
"5-340-11-kleiner-siebersteinsteich-bei-ballenstedt-b-h-k-pl-s-z-1-80";"5-340-11";"Kleiner Siebersteinsteich bei Ballenstedt B, H, K, Pl, S, Z 1,80";"Harz";"review";"0.852";"locality-water-review";"51.7176889";"11.229058";"Ballenstedt B";"";"0.54";""
"5-340-12-gondelteich-in-friedrichsbrunn";"5-340-12";"Gondelteich in Friedrichsbrunn";"Harz";"review";"0.901";"locality-water-review";"51.6969464";"11.0261575";"Friedrichsbrunn";"";"0.23";""
"5-340-13-selke-von-kreisgrenze";"5-340-13";"Selke von Kreisgrenze";"Harz";"review";"0.843";"locality-water-review";"52.0409719";"11.2349334";"die Bode";"";"0.59";""
"5-340-14-gondelteich-thale";"5-340-14";"Gondelteich Thale";"Harz";"review";"0.796";"locality-water-review";"51.7554484";"11.0496748";"Thale";"";"0.88";""
"5-340-15-glockenteich-ballenstedt";"5-340-15";"Glockenteich Ballenstedt";"Harz";"review";"0.852";"locality-water-review";"51.7176889";"11.229058";"Ballenstedt";"";"0.54";""
"5-340-16-flottenteich-weddersleben";"5-340-16";"Flottenteich Weddersleben";"Harz";"review";"0.851";"locality-water-review";"51.7741237";"11.0705289";"Weddersleben";"";"1.16";""
"5-340-17-kiessandtagebau-ditfurt-i";"5-340-17";"Kiessandtagebau Ditfurt I";"Harz";"unmatched";"";"";"";"";"Ditfurt I";"";"";""
"5-340-18-kiessandtagebau-ditfurt-ii";"5-340-18";"Kiessandtagebau Ditfurt II";"Harz";"review";"0.845";"locality-water-review";"51.8371656";"11.2039636";"Ditfurt II";"";"0.58";""
"5-340-19-petersstichel-thale";"5-340-19";"Petersstichel Thale";"Harz";"review";"0.796";"locality-water-review";"51.7554484";"11.0496748";"Thale";"";"0.88";""
"5-340-20-muhlgraben-thale-0-25";"5-340-20";"Mühlgraben Thale 0,25";"Harz";"review";"0.752";"locality-water-review";"51.4708382";"11.8860993";"0,25";"";"1.15";""
"5-340-21-dorfteich-opperode";"5-340-21";"Dorfteich Opperode";"Harz";"review";"0.789";"locality-water-review";"51.7132612";"11.2423744";"Opperode";"";"0.92";""
"5-340-22-schloteich-ballenstedt";"5-340-22";"Schloßteich Ballenstedt";"Harz";"review";"0.852";"locality-water-review";"51.7176889";"11.229058";"Ballenstedt";"";"0.54";""
"5-450-01-luttgenbornecke-bei-bornecke";"5-450-01";"Lüttgenbörnecke bei Börnecke";"Harz";"unmatched";"";"";"";"";"Börnecke";"";"";""
"5-450-02-groer-schachtteich-bei-wienrode";"5-450-02";"Großer Schachtteich bei Wienrode";"Harz";"review";"0.778";"locality-water-review";"51.7636161";"10.9835211";"Wienrode";"";"0.98";""
"5-450-03-brockenstedter-muhle";"5-450-03";"Brockenstedter Mühle";"Harz";"review";"0.86";"locality-water-review";"51.8379782";"10.9616178";"Brockenstedter Mühle";"";"0.49";""
"5-450-04-mulmker-parkteiche";"5-450-04";"Mulmker Parkteiche";"Harz";"unmatched";"";"";"";"";"";"";"";""
"5-450-05-kleiner-schachtteich-bei-wienrode-a-b-h-k-pl-s-z-0-47";"5-450-05";"Kleiner Schachtteich bei Wienrode A, B, H, K, Pl, S, Z 0,47";"Harz";"review";"0.778";"locality-water-review";"51.7636161";"10.9835211";"Wienrode A";"";"0.98";""
"5-450-06-wiesenteich-bei-wienrode";"5-450-06";"Wiesenteich bei Wienrode";"Harz";"review";"0.778";"locality-water-review";"51.7636161";"10.9835211";"Wienrode";"";"0.98";""
"6-100-01-bruchfeldsee-wilslebener-see";"6-100-01";"Bruchfeldsee (Wilslebener See)";"Salzlandkreis";"unmatched";"";"";"";"";"Aschersleben";"";"";""
"6-100-02-tonkuhle-badetonkuhle-in-aschersleben-a-h-k-pl-ro-s-0-30";"6-100-02";"Tonkuhle (Badetonkuhle) in Aschersleben A, H, K, Pl, Ro, S 0,30";"Salzlandkreis";"unmatched";"";"";"";"";"Aschersleben A";"";"";""
"6-100-04-birkenweiher-gatersleben";"6-100-04";"Birkenweiher Gatersleben";"Salzlandkreis";"unmatched";"";"";"";"";"Birkenweiher Gatersleben";"";"";""
"6-100-06-tonkuhle-nahry-aschersleben";"6-100-06";"Tonkuhle Nahry Aschersleben";"Salzlandkreis";"review";"0.844";"locality-water-review";"51.7519805";"11.4451652";"Aschersleben";"";"1.25";""
"6-100-07-hauptseegraben-von-einmundung";"6-100-07";"Hauptseegraben von Einmündung";"Salzlandkreis";"unmatched";"";"";"";"";"";"";"";""
"6-100-08-heckenteich-in-gatersleben";"6-100-08";"Heckenteich in Gatersleben";"Salzlandkreis";"review";"0.928";"locality-water-review";"51.8157237";"11.2912113";"Gatersleben";"";"0.07";""
"6-100-10-wipper-von-letzter-brucke-klein";"6-100-10";"Wipper von letzter Brücke Klein";"Salzlandkreis";"unmatched";"";"";"";"";"Brücke Klein";"";"";""
"6-100-11-gondelteich-aschersleben";"6-100-11";"Gondelteich Aschersleben";"Salzlandkreis";"review";"0.844";"locality-water-review";"51.7519805";"11.4451652";"Aschersleben";"";"1.25";""
"6-100-12-kiesgrube-an-der-froser-strae";"6-100-12";"Kiesgrube an der Froser Straße";"Salzlandkreis";"review";"0.775";"locality-water-review";"51.7519805";"11.4451652";"Froser Straße";"";"1.01";""
"6-110-01-flanschenteich-bebitz";"6-110-01";"Flanschenteich Bebitz";"Salzlandkreis";"review";"0.898";"locality-water-review";"51.7204392";"11.7566212";"Bebitz";"";"0.26";""
"6-110-02-dammloch-beesenlaublingen";"6-110-02";"Dammloch Beesenlaublingen";"Salzlandkreis";"unmatched";"";"";"";"";"Dammloch Beesenlaublingen";"";"";""
"6-110-03-neues-tonloch-beesenlaublingen";"6-110-03";"Neues Tonloch Beesenlaublingen";"Salzlandkreis";"review";"0.919";"locality-water-review";"51.7130818";"11.6964286";"Beesenlaublingen";"";"0.13";""
"6-110-04-altes-tonloch-beesenlaublingen";"6-110-04";"Altes Tonloch Beesenlaublingen";"Salzlandkreis";"review";"0.919";"locality-water-review";"51.7130818";"11.6964286";"Beesenlaublingen";"";"0.13";""
"6-110-05-alter-tagebau-gerlebogk";"6-110-05";"Alter Tagebau Gerlebogk";"Salzlandkreis";"unmatched";"";"";"";"";"Gerlebogk";"";"";""
"6-110-06-sportplatzteich-gerlebogk";"6-110-06";"Sportplatzteich Gerlebogk";"Salzlandkreis";"review";"0.836";"locality-water-review";"51.7034028";"11.8243895";"Gerlebogk";"";"0.63";""
"6-110-07-villa-teich-gerlebogk";"6-110-07";"Villa-Teich Gerlebogk";"Salzlandkreis";"review";"0.836";"locality-water-review";"51.7034028";"11.8243895";"Gerlebogk";"";"0.63";""
"6-110-10-tonloch-hanse-leau";"6-110-10";"Tonloch Hanse, Leau";"Salzlandkreis";"review";"0.938";"locality-water-review";"51.7328563";"11.7953964";"Leau";"";"0.01";""
"6-110-11-mariensee-preulitz";"6-110-11";"Mariensee Preußlitz";"Salzlandkreis";"review";"0.89";"locality-water-review";"51.7337659";"11.7992721";"Preußlitz";"";"0.3";""
"6-110-12-saalealtarm-zwischen-plotzkau";"6-110-12";"Saalealtarm zwischen Plötzkau";"Salzlandkreis";"review";"0.76";"locality-water-review";"51.753923";"11.6866785";"Plötzkau";"";"1.1";""
"6-110-13-saalealtarm-aderstedt";"6-110-13";"Saalealtarm Aderstedt";"Salzlandkreis";"unmatched";"";"";"";"";"Aderstedt";"";"";""
"6-110-14-saale-von-kreisgrenze-saalekreis-bis";"6-110-14";"Saale von Kreisgrenze Saalekreis bis";"Salzlandkreis";"review";"0.784";"locality-water-review";"51.6571329";"12.3058934";"bis";"";"0.95";""
"6-110-15-groer-wiendorfer-teich";"6-110-15";"Großer Wiendorfer Teich";"Salzlandkreis";"unmatched";"";"";"";"";"";"";"";""
"6-110-16-kringel-alsleben";"6-110-16";"Kringel Alsleben";"Salzlandkreis";"review";"0.83";"locality-water-review";"51.6927408";"11.6933563";"Kringel Alsleben";"";"0.67";""
"6-110-17-saalealtarm-gnolbzig";"6-110-17";"Saalealtarm Gnölbzig";"Salzlandkreis";"review";"0.912";"locality-water-review";"51.6727008";"11.7234583";"Gnölbzig";"";"0.17";""
"6-110-18-fuhne-vom-viadukt-bei-kleinwirschleben-a-b-bl-h-k-pl-ro-4-00-bis-mundung-in-die-saale";"6-110-18";"Fuhne vom Viadukt bei Kleinwirschleben A, B, Bl, H, K, Pl, Ro 4,00 bis Mündung in die Saale";"Salzlandkreis";"unmatched";"";"";"";"";"Kleinwirschleben A";"";"";""
"6-110-20-schwefelteich-bebitz";"6-110-20";"Schwefelteich Bebitz";"Salzlandkreis";"review";"0.898";"locality-water-review";"51.7204392";"11.7566212";"Bebitz";"";"0.26";""
"6-110-21-tonloch-huhn-leau";"6-110-21";"Tonloch Huhn Leau";"Salzlandkreis";"review";"0.938";"locality-water-review";"51.7328563";"11.7953964";"Leau";"";"0.01";""
"6-110-22-kiesgrube-beesenlaublingen";"6-110-22";"Kiesgrube Beesenlaublingen";"Salzlandkreis";"review";"0.919";"locality-water-review";"51.7130818";"11.6964286";"Beesenlaublingen";"";"0.13";""
"6-110-23-die-strenge-bei-aderstedt";"6-110-23";"Die Strenge bei Aderstedt";"Salzlandkreis";"review";"0.828";"locality-water-review";"51.7791234";"11.6982272";"Aderstedt";"Strenge";"1.47";""
"6-110-24-alter-ziegeleiteich-baalberge";"6-110-24";"Alter Ziegeleiteich Baalberge";"Salzlandkreis";"review";"0.785";"locality-water-review";"51.7485332";"11.7997753";"Baalberge";"";"0.95";""
"6-110-25-bebitzer-dorfteich";"6-110-25";"Bebitzer Dorfteich";"Salzlandkreis";"unmatched";"";"";"";"";"";"";"";""
"6-111-02-feldlache-in-der-aue-bei-nienburg";"6-111-02";"Feldlache in der Aue bei Nienburg";"Salzlandkreis";"unmatched";"";"";"";"";"Nienburg";"";"";""
"6-111-04-bode-vom-beginn-des-muhlgrabens";"6-111-04";"Bode vom Beginn des Mühlgrabens";"Salzlandkreis";"review";"0.885";"locality-water-review";"51.729417";"11.8097803";"die Saale";"";"0.33";""
"6-111-05-saalealtarm-nienburg";"6-111-05";"Saalealtarm Nienburg";"Salzlandkreis";"unmatched";"";"";"";"";"Nienburg";"";"";""
"6-111-08-schlammteich-gerbitz";"6-111-08";"Schlammteich Gerbitz";"Salzlandkreis";"review";"0.913";"locality-water-review";"51.843002";"11.8215451";"Gerbitz";"";"0.16";""
"6-111-11-schachtsee-neugattersleben";"6-111-11";"Schachtsee Neugattersleben";"Salzlandkreis";"review";"0.921";"locality-water-review";"51.850437";"11.701479";"Neugattersleben";"";"0.12";""
"6-111-12-alter-schacht-pauline-neugatersleben-h-k-ro-s-4-00";"6-111-12";"Alter Schacht „Pauline“ Neugatersleben H, K, Ro, S 4,00";"Salzlandkreis";"unmatched";"";"";"";"";"4,00";"";"";""
"6-111-13-saale-von-einmundung-der-fuhne-bis";"6-111-13";"Saale von Einmündung der Fuhne bis";"Salzlandkreis";"review";"0.784";"locality-water-review";"51.6571329";"12.3058934";"bis";"";"0.95";""
"6-112-01-dorfteich-brundel";"6-112-01";"Dorfteich Bründel";"Salzlandkreis";"unmatched";"";"";"";"";"Bründel";"";"";""
"6-112-02-dorfteich-plotzkau";"6-112-02";"Dorfteich Plötzkau";"Salzlandkreis";"review";"0.881";"locality-water-review";"51.7469157";"11.6886414";"Plötzkau";"";"0.36";""
"6-112-03-saalealtarm-lesewitz-bei-plotzkau";"6-112-03";"Saalealtarm Lesewitz bei Plötzkau";"Salzlandkreis";"review";"0.76";"locality-water-review";"51.753923";"11.6866785";"Plötzkau";"";"1.1";""
"6-113-01-fahrt-in-preulitz";"6-113-01";"Fahrt in Preußlitz";"Salzlandkreis";"review";"0.896";"locality-water-review";"51.7301578";"11.8107312";"Preußlitz";"Fahrt";"0.72";""
"6-113-02-groer-teich-hinter-der-fahrt-in-preulitz-a-h-k-ro-s-0-30";"6-113-02";"Großer Teich hinter der Fahrt in Preußlitz A, H, K, Ro, S 0,30";"Salzlandkreis";"review";"0.89";"locality-water-review";"51.7337659";"11.7992721";"Preußlitz A";"";"0.3";""
"6-113-03-tonloch-preulitz";"6-113-03";"Tonloch Preußlitz";"Salzlandkreis";"review";"0.919";"locality-water-review";"51.7337659";"11.7992721";"Tonloch Preußlitz";"";"0.13";""
"6-230-01-schloteiche-freckleben";"6-230-01";"Schloßteiche Freckleben";"Salzlandkreis";"unmatched";"";"";"";"";"Freckleben";"";"";""
"6-400-01-schacht-9-bei-eggersdorf";"6-400-01";"Schacht 9 bei Eggersdorf";"Salzlandkreis";"review";"0.808";"locality-water-review";"51.9690772";"11.6958208";"Eggersdorf";"";"1.72";""
"6-400-03-jagerschacht-bei-glothe-brumby";"6-400-03";"Jägerschacht bei Glöthe-Brumby";"Salzlandkreis";"unmatched";"";"";"";"";"Glöthe";"";"";""
"6-400-06-kohls-see-bei-biere";"6-400-06";"Kohls See bei Biere";"Salzlandkreis";"review";"0.827";"locality-water-review";"51.979803";"11.6572328";"Biere";"";"0.69";""
"6-400-07-erdkuten-grune-lungen-bei-calbe";"6-400-07";"Erdkuten (Grüne Lungen) bei Calbe";"Salzlandkreis";"unmatched";"";"";"";"";"Calbe";"";"";""
"6-400-08-damaschkeplan-2-teiche-bei-calbe";"6-400-08";"Damaschkeplan (2 Teiche) bei Calbe";"Salzlandkreis";"unmatched";"";"";"";"";"Calbe";"";"";""
"6-400-09-griebehner-teiche-bei-calbe";"6-400-09";"Griebehner Teiche bei Calbe";"Salzlandkreis";"review";"0.842";"locality-water-review";"51.8997679";"11.7824601";"Calbe";"";"0.59";""
"6-400-10-erlenteich-bei-kleinmuhlingen";"6-400-10";"Erlenteich bei Kleinmühlingen";"Salzlandkreis";"review";"0.835";"locality-water-review";"51.9515041";"11.7613271";"Kleinmühlingen";"";"0.64";""
"6-400-11-pfingstwiesen-bei-kleinmuhlingen";"6-400-11";"Pfingstwiesen bei Kleinmühlingen";"Salzlandkreis";"review";"0.835";"locality-water-review";"51.9515041";"11.7613271";"Kleinmühlingen";"";"0.64";""
"6-400-12-pfannenpfutze-bei-plotzky";"6-400-12";"Pfannenpfütze bei Plötzky";"Salzlandkreis";"unmatched";"";"";"";"";"Plötzky";"";"";""
"6-400-13-beamtenteich-bei-tornitz";"6-400-13";"Beamtenteich bei Tornitz";"Salzlandkreis";"review";"0.902";"locality-water-review";"51.9285398";"11.8472597";"Tornitz";"";"0.23";""
"6-400-14-gruner-teich-bei-tornitz";"6-400-14";"Grüner Teich bei Tornitz";"Salzlandkreis";"review";"0.902";"locality-water-review";"51.9285398";"11.8472597";"Tornitz";"";"0.23";""
"6-400-15-pappelteich-bei-tornitz";"6-400-15";"Pappelteich bei Tornitz";"Salzlandkreis";"review";"0.902";"locality-water-review";"51.9285398";"11.8472597";"Tornitz";"";"0.23";""
"6-400-16-liesekuhle-bei-grunewalde";"6-400-16";"Liesekuhle bei Grünewalde";"Salzlandkreis";"review";"0.919";"locality-water-review";"52.0433981";"11.7632756";"Grünewalde";"";"0.13";""
"6-400-17-fahrlake-bei-grunewalde";"6-400-17";"Fährlake bei Grünewalde";"Salzlandkreis";"review";"0.919";"locality-water-review";"52.0433981";"11.7632756";"Grünewalde";"";"0.13";""
"6-400-18-rothe-bei-schonebeck";"6-400-18";"Röthe bei Schönebeck";"Salzlandkreis";"unmatched";"";"";"";"";"Schönebeck";"";"";""
"6-400-19-kiesgrube-1-und-2-bei-schonebeck";"6-400-19";"Kiesgrube 1 und 2 bei Schönebeck";"Salzlandkreis";"review";"0.81";"locality-water-review";"52.0188435";"11.749548";"Schönebeck";"";"0.79";""
"6-400-20-saale-im-altkreis-schonebeck";"6-400-20";"Saale im Altkreis Schönebeck";"Salzlandkreis";"review";"0.845";"locality-water-review";"52.0208074";"11.7468121";"Schönebeck";"";"0.58";""
"6-400-21-norderney-in-schwarz";"6-400-21";"Norderney in Schwarz";"Salzlandkreis";"unmatched";"";"";"";"";"Schwarz";"";"";""
"6-400-22-elbe-von-km-305-km-320-beidseitig";"6-400-22";"Elbe von km 305 - km 320 beidseitig";"Salzlandkreis";"unmatched";"";"";"";"";"";"";"";""
"6-400-23-kiessandtagebau-pommelter-strae";"6-400-23";"Kiessandtagebau Pömmelter Straße";"Salzlandkreis";"review";"0.835";"locality-water-review";"52.0143767";"11.7756628";"Pömmelter Straße";"";"0.64";""
"6-400-24-saalealtarm-tippelskirchen";"6-400-24";"Saalealtarm Tippelskirchen";"Salzlandkreis";"review";"0.819";"locality-water-review";"51.8826486";"11.7973263";"Tippelskirchen";"";"1.57";""
"6-400-25-elbumflut-von-alte-fahre-bis";"6-400-25";"Elbumflut von Alte Fähre bis";"Salzlandkreis";"unmatched";"";"";"";"";"bis";"";"";""
"6-400-26-hoher-teich-bei-glinde";"6-400-26";"Hoher Teich bei Glinde";"Salzlandkreis";"review";"0.876";"locality-water-review";"52.0080668";"11.8465023";"Glinde";"";"0.39";""
"6-400-27-pfaffenbruch-bei-glinde";"6-400-27";"Pfaffenbruch bei Glinde";"Salzlandkreis";"review";"0.876";"locality-water-review";"52.0080668";"11.8465023";"Glinde";"";"0.39";""
"6-400-28-kiesbaggerloch-bei-glinde";"6-400-28";"Kiesbaggerloch bei Glinde";"Salzlandkreis";"review";"0.876";"locality-water-review";"52.0080668";"11.8465023";"Glinde";"";"0.39";""
"6-400-29-heiliger-see-bei-plotzky";"6-400-29";"Heiliger See bei Plötzky";"Salzlandkreis";"review";"0.832";"locality-water-review";"52.0565566";"11.811046";"Plötzky";"";"0.66";""
"6-400-30-kuchenpfuhl-elbenau";"6-400-30";"Küchenpfuhl Elbenau";"Salzlandkreis";"review";"0.928";"locality-water-review";"52.049093";"11.7624151";"Elbenau";"";"0.07";""
"6-400-31-pfeiffersee-plotzky";"6-400-31";"Pfeiffersee Plötzky";"Salzlandkreis";"review";"0.832";"locality-water-review";"52.0565566";"11.811046";"Plötzky";"";"0.66";""
"6-400-32-3-locher-bei-ranies";"6-400-32";"3 Löcher bei Ranies";"Salzlandkreis";"unmatched";"";"";"";"";"Ranies";"";"";""
"6-400-33-stilles-wasser-elbenau";"6-400-33";"Stilles Wasser Elbenau";"Salzlandkreis";"review";"0.928";"locality-water-review";"52.049093";"11.7624151";"Elbenau";"";"0.07";""
"6-400-34-kiessee-tornitz";"6-400-34";"Kiessee Tornitz";"Salzlandkreis";"review";"0.902";"locality-water-review";"51.9285398";"11.8472597";"Tornitz";"";"0.23";""
"6-400-35-elbealtarm-grunewalde";"6-400-35";"Elbealtarm Grünewalde";"Salzlandkreis";"unmatched";"";"";"";"";"Grünewalde";"";"";""
"6-400-36-angerteich-in-glothe";"6-400-36";"Angerteich in Glöthe";"Salzlandkreis";"review";"0.889";"locality-water-review";"51.9012252";"11.664212";"Glöthe";"";"0.31";""
"6-400-37-worth-in-plotzky";"6-400-37";"Worth in Plötzky";"Salzlandkreis";"review";"0.832";"locality-water-review";"52.0565566";"11.811046";"Plötzky";"";"0.66";""
"6-400-38-kiesgrube-an-der-magdeburger-strae";"6-400-38";"Kiesgrube an der Magdeburger Straße";"Salzlandkreis";"review";"0.81";"locality-water-review";"52.0188435";"11.749548";"Schönebeck";"";"0.79";""
"6-400-39-tilsschacht-brumby";"6-400-39";"Tilsschacht Brumby";"Salzlandkreis";"review";"0.793";"locality-water-review";"51.8967879";"11.6894225";"Brumby";"";"1.92";""
"6-400-40-awg-seen-1-2-und-3-gommern-plotzky";"6-400-40";"AWG Seen 1, 2 und 3 Gommern-Plötzky";"Salzlandkreis";"unmatched";"";"";"";"";"";"";"";""
"6-400-41-salinekanal-schonebeck";"6-400-41";"Salinekanal Schönebeck";"Salzlandkreis";"review";"0.845";"locality-water-review";"52.0208074";"11.7468121";"Schönebeck";"";"0.58";""
"6-400-43-schachtteich-eggersdorf";"6-400-43";"Schachtteich Eggersdorf";"Salzlandkreis";"review";"0.808";"locality-water-review";"51.9690772";"11.6958208";"Eggersdorf";"";"1.72";""
"6-400-44-kirchbreite-bei-barby";"6-400-44";"Kirchbreite bei Barby";"Salzlandkreis";"review";"0.889";"locality-water-review";"51.9639384";"11.884897";"Barby";"";"0.31";""
"6-400-45-gotzenthiegraben";"6-400-45";"Götzenthiegraben";"Salzlandkreis";"unmatched";"";"";"";"";"";"";"";""
"6-400-46-westufer-albertinensee";"6-400-46";"Westufer Albertinensee";"Salzlandkreis";"unmatched";"";"";"";"";"";"";"";""
"6-400-47-tonlocher-glothe";"6-400-47";"Tonlöcher Glöthe";"Salzlandkreis";"review";"0.889";"locality-water-review";"51.9012252";"11.664212";"Glöthe";"";"0.31";""
"6-400-48-kiessee-pommelte";"6-400-48";"Kiessee Pömmelte";"Salzlandkreis";"review";"0.824";"locality-water-review";"52.0040547";"11.8124119";"Pömmelte";"";"0.71";""
"6-401-01-bruch-1-bei-breitenhagen";"6-401-01";"Bruch 1 bei Breitenhagen";"Salzlandkreis";"unmatched";"";"";"";"";"Breitenhagen";"";"";""
"6-401-02-bruch-2-bei-breitenhagen";"6-401-02";"Bruch 2 bei Breitenhagen";"Salzlandkreis";"review";"0.893";"locality-water-review";"51.9227195";"11.9340061";"Breitenhagen";"Bruch 1";"0.75";""
"6-401-03-bruch-3-bei-breitenhagen";"6-401-03";"Bruch 3 bei Breitenhagen";"Salzlandkreis";"review";"0.893";"locality-water-review";"51.9227195";"11.9340061";"Breitenhagen";"Bruch 1";"0.75";""
"6-401-05-drahningensee-bei-breitenhagen";"6-401-05";"Drähningensee bei Breitenhagen";"Salzlandkreis";"review";"0.814";"locality-water-review";"51.9312095";"11.9457918";"Breitenhagen";"";"0.76";""
"6-401-06-krugersee-bei-breitenhagen";"6-401-06";"Krügersee bei Breitenhagen";"Salzlandkreis";"review";"0.814";"locality-water-review";"51.9312095";"11.9457918";"Breitenhagen";"";"0.76";""
"6-401-07-kleiner-dorfsee-gro-rosenburg";"6-401-07";"Kleiner Dorfsee Groß Rosenburg";"Salzlandkreis";"review";"0.86";"locality-water-review";"51.9192744";"11.8942849";"Groß Rosenburg";"";"0.49";""
"6-401-08-landgraben-von-einmundung-des";"6-401-08";"Landgraben von Einmündung des";"Salzlandkreis";"review";"0.849";"locality-water-review";"51.9109962";"11.678006";"des";"";"0.55";""
"6-401-09-taube-von-700m-oberhalb-der";"6-401-09";"Taube von 700m oberhalb der";"Salzlandkreis";"review";"0.771";"locality-water-review";"51.6966288";"11.5442764";"der";"";"2.21";""
"6-402-01-dolphus-bei-barby";"6-402-01";"Dolphus bei Barby";"Salzlandkreis";"review";"0.889";"locality-water-review";"51.9639384";"11.884897";"Barby";"";"0.31";""
"6-402-02-barbyer-landgraben-von";"6-402-02";"Barbyer Landgraben von";"Salzlandkreis";"review";"0.731";"locality-water-review";"52.0217743";"11.668936";"die Elbe";"";"2.73";""
"6-402-03-hafen-barby";"6-402-03";"Hafen Barby";"Salzlandkreis";"review";"0.889";"locality-water-review";"51.9639384";"11.884897";"Barby";"";"0.31";""
"6-402-04-kiesgrube-barby-sud";"6-402-04";"Kiesgrube Barby-Süd";"Salzlandkreis";"unmatched";"";"";"";"";"";"";"";""
"6-402-06-restloch-konigsaue";"6-402-06";"Restloch Königsaue";"Salzlandkreis";"review";"0.851";"locality-water-review";"51.8273451";"11.4076887";"Königsaue";"";"1.16";""
"6-402-07-saale-von-werkleitz-bis-elbmundung";"6-402-07";"Saale von Werkleitz bis Elbmündung";"Salzlandkreis";"unmatched";"";"";"";"";"";"";"";""
"6-410-01-schachte-bei-tarthun";"6-410-01";"Schächte bei Tarthun";"Salzlandkreis";"review";"0.903";"locality-water-review";"51.9238268";"11.4749636";"Tarthun";"";"0.22";""
"6-410-02-warmsdorfer-teich";"6-410-02";"Warmsdorfer Teich";"Salzlandkreis";"unmatched";"";"";"";"";"";"";"";""
"6-410-03-ritterflurteich-bei-stafurt";"6-410-03";"Ritterflurteich bei Staßfurt";"Salzlandkreis";"review";"0.849";"locality-water-review";"51.8493784";"11.5856065";"Staßfurt";"";"0.55";""
"6-410-04-stockscher-teich-bei-wolmirsleben";"6-410-04";"Stockscher Teich bei Wolmirsleben";"Salzlandkreis";"review";"0.769";"locality-water-review";"51.9507054";"11.4729245";"Wolmirsleben";"";"1.04";""
"6-410-05-tiefbau-jacobsgrube-bei-gro-bornecke-a-b-bl-h-k-pl-s-z-8-12";"6-410-05";"Tiefbau Jacobsgrube bei Groß Börnecke A, B, Bl, H, K, Pl, S, Z 8,12";"Salzlandkreis";"review";"0.754";"locality-water-review";"51.8864851";"11.4983029";"Groß Börnecke A";"";"1.13";""
"6-410-06-salzteich-bei-loderburg";"6-410-06";"Salzteich bei Löderburg";"Salzlandkreis";"unmatched";"";"";"";"";"Löderburg";"";"";""
"6-410-07-lache-bei-hohenerxleben";"6-410-07";"Lache bei Hohenerxleben";"Salzlandkreis";"unmatched";"";"";"";"";"Hohenerxleben";"";"";""
"6-410-08-badeteteich-bei-westeregeln";"6-410-08";"Badeteteich bei Westeregeln";"Salzlandkreis";"review";"0.863";"locality-water-review";"51.9581172";"11.3910919";"Westeregeln";"";"0.47";""
"6-410-09-3-kulke-bei-westeregeln";"6-410-09";"3 Kulke bei Westeregeln";"Salzlandkreis";"review";"0.863";"locality-water-review";"51.9581172";"11.3910919";"Westeregeln";"";"0.47";""
"6-410-10-tagebau-bei-westeregeln";"6-410-10";"Tagebau bei Westeregeln";"Salzlandkreis";"review";"0.863";"locality-water-review";"51.9581172";"11.3910919";"Westeregeln";"";"0.47";""
"6-410-11-groer-schachtsee-bei-wolmirsleben";"6-410-11";"Großer Schachtsee bei Wolmirsleben";"Salzlandkreis";"review";"0.785";"locality-water-review";"51.9543283";"11.4607953";"Wolmirsleben";"Großer Schachtsee";"1.96";""
"6-410-12-im-todtleben-bei-wolmirsleben";"6-410-12";"Im Todtleben bei Wolmirsleben";"Salzlandkreis";"review";"0.769";"locality-water-review";"51.9507054";"11.4729245";"Wolmirsleben";"";"1.04";""
"6-410-14-bode-vom-wehr-egeln-nord";"6-410-14";"Bode vom Wehr Egeln-Nord";"Salzlandkreis";"review";"0.92";"locality-water-review";"51.9638934";"11.4260338";"Wehr Egeln-Nord";"";"0.12";""
"6-410-15-bode-vom-wehr-rothenforde";"6-410-15";"Bode vom Wehr Rothenförde";"Salzlandkreis";"review";"0.827";"locality-water-review";"51.9054306";"11.5163125";"Wehr Rothenförde";"";"0.69";""
"6-410-17-seemann-bei-loderburg";"6-410-17";"Seemann bei Löderburg";"Salzlandkreis";"review";"0.863";"locality-water-review";"51.8846144";"11.5429027";"Löderburg";"";"0.47";""
"6-410-18-steinbruch-borne";"6-410-18";"Steinbruch Borne";"Salzlandkreis";"unmatched";"";"";"";"";"Borne";"";"";""
"6-410-19-muhlgraben-von-egeln-nord";"6-410-19";"Mühlgraben von Egeln-Nord";"Salzlandkreis";"review";"0.835";"locality-water-review";"51.9644973";"11.431551";"Egeln-Nord";"";"0.64";""
"6-410-20-undank-in-loderburg";"6-410-20";"Undank in Löderburg";"Salzlandkreis";"review";"0.863";"locality-water-review";"51.8846144";"11.5429027";"Löderburg";"";"0.47";""
"6-410-21-kiesschacht-gusten";"6-410-21";"Kiesschacht Güsten";"Salzlandkreis";"review";"0.917";"locality-water-review";"51.8008209";"11.6052567";"Kiesschacht Güsten";"";"0.14";""
"6-410-22-regenruckhaltebecken-am";"6-410-22";"Regenrückhaltebecken am";"Salzlandkreis";"unmatched";"";"";"";"";"Regenrückhaltebecken am";"";"";""
"6-410-24-loderburger-weiher";"6-410-24";"Löderburger Weiher";"Salzlandkreis";"unmatched";"";"";"";"";"Weiher";"";"";""
"6-410-25-wassergraben-bei-hohenerxleben";"6-410-25";"Wassergräben bei Hohenerxleben";"Salzlandkreis";"review";"0.839";"locality-water-review";"51.856242";"11.6431266";"Hohenerxleben";"";"1.32";""
"6-411-01-laake-bei-loderburg";"6-411-01";"Laake bei Löderburg";"Salzlandkreis";"review";"0.869";"locality-water-review";"51.8799935";"11.5458709";"Löderburg";"Laake";"1.02";""
"6-411-02-loderburger-see";"6-411-02";"Löderburger See";"Salzlandkreis";"unmatched";"";"";"";"";"";"";"";""
"6-411-03-kreuzteich-loderburg";"6-411-03";"Kreuzteich Löderburg";"Salzlandkreis";"review";"0.863";"locality-water-review";"51.8846144";"11.5429027";"Löderburg";"";"0.47";""
"6-411-04-athenslebener-seen-lsg-beachten";"6-411-04";"Athenslebener Seen – LSG beachten";"Salzlandkreis";"unmatched";"";"";"";"";"";"";"";""
"7-120-01-alte-mulde-bei-rosa";"7-120-01";"Alte Mulde bei Rösa";"Anhalt-Bitterfeld";"unmatched";"";"";"";"";"Rösa";"";"";""
"7-120-02-schmiedeteich-schwemsal";"7-120-02";"Schmiedeteich Schwemsal";"Anhalt-Bitterfeld";"review";"0.911";"locality-water-review";"51.6243851";"12.5599593";"Schwemsal";"";"0.18";""
"7-120-03-badeteich-schwemsal";"7-120-03";"Badeteich Schwemsal";"Anhalt-Bitterfeld";"review";"0.911";"locality-water-review";"51.6243851";"12.5599593";"Schwemsal";"";"0.18";""
"7-120-04-alte-mulde-roitzschjora";"7-120-04";"Alte Mulde Roitzschjora";"Anhalt-Bitterfeld";"review";"0.932";"locality-water-review";"51.5968684";"12.482236";"Mulde Roitzschjora";"Alte Mulde Roitzschjora";"0.31";""
"7-120-05-kurr-pouch";"7-120-05";"Kurr Pouch";"Anhalt-Bitterfeld";"unmatched";"";"";"";"";"Pouch";"";"";""
"7-120-06-unterer-ziegeleiteich-muldenstein";"7-120-06";"Unterer Ziegeleiteich Muldenstein";"Anhalt-Bitterfeld";"review";"0.812";"locality-water-review";"51.6773853";"12.3270411";"Muldenstein";"";"1.67";""
"7-120-07-steinbruch-bei-burgkemnitz";"7-120-07";"Steinbruch bei Burgkemnitz";"Anhalt-Bitterfeld";"review";"0.799";"locality-water-review";"51.6706634";"12.388582";"Burgkemnitz";"";"0.86";""
"7-120-08-strandbad-sandersdorf";"7-120-08";"Strandbad Sandersdorf";"Anhalt-Bitterfeld";"review";"0.836";"locality-water-review";"51.630661";"12.2339895";"Strandbad Sandersdorf";"";"0.64";""
"7-120-10-ehemalige-kiesgrube-sandersdorf";"7-120-10";"ehemalige Kiesgrube Sandersdorf";"Anhalt-Bitterfeld";"unmatched";"";"";"";"";"Sandersdorf";"";"";""
"7-120-11-ehemaliges-schwimmbad-raguhn";"7-120-11";"ehemaliges Schwimmbad Raguhn";"Anhalt-Bitterfeld";"unmatched";"";"";"";"";"Raguhn";"";"";""
"7-120-12-spittelwasser-jenitz";"7-120-12";"Spittelwasser Jeßnitz";"Anhalt-Bitterfeld";"review";"0.812";"locality-water-review";"51.7009112";"12.2963931";"Spittelwasser Jeßnitz";"";"0.78";""
"7-120-13-muldestausee";"7-120-13";"Muldestausee";"Anhalt-Bitterfeld";"review";"0.889";"locality-water-review";"51.6224036";"12.4024975";"Pouch";"";"0.31";""
"7-120-14-leipziger-teich-zorbig";"7-120-14";"Leipziger Teich Zörbig";"Anhalt-Bitterfeld";"unmatched";"";"";"";"";"Zörbig";"";"";""
"7-120-15-grube-theodor-bei-roitzsch";"7-120-15";"Grube Theodor bei Roitzsch";"Anhalt-Bitterfeld";"review";"0.908";"locality-water-review";"51.5744151";"12.2681017";"Roitzsch";"";"0.19";""
"7-120-16-burgermeisterteich-jenitz";"7-120-16";"Bürgermeisterteich Jeßnitz";"Anhalt-Bitterfeld";"review";"0.871";"locality-water-review";"51.6820736";"12.2944564";"Jeßnitz";"";"0.42";""
"7-120-17-lober-bei-jenitz";"7-120-17";"Lober bei Jeßnitz";"Anhalt-Bitterfeld";"review";"0.871";"locality-water-review";"51.6820736";"12.2944564";"Jeßnitz";"";"0.42";""
"7-120-18-groer-richard-bei-sandersdorf";"7-120-18";"Großer Richard bei Sandersdorf";"Anhalt-Bitterfeld";"unmatched";"";"";"";"";"Sandersdorf";"";"";""
"7-120-19-lober-leine-kanal";"7-120-19";"Lober-Leine-Kanal";"Anhalt-Bitterfeld";"unmatched";"";"";"";"";"";"";"";""
"7-120-21-mulde-v-landesgr-sachsen-bis-stausee";"7-120-21";"Mulde v. Landesgr. Sachsen bis Stausee,";"Anhalt-Bitterfeld";"unmatched";"";"";"";"";"";"";"";""
"7-120-22-mulde-von-ca-750m-oberhalb-wehr";"7-120-22";"Mulde von ca. 750m oberhalb Wehr";"Anhalt-Bitterfeld";"unmatched";"";"";"";"";"Wehr";"";"";""
"7-120-23-mulde-von-ca-500m-oberhalb-brucke";"7-120-23";"Mulde von ca. 500m oberhalb Brücke";"Anhalt-Bitterfeld";"review";"0.854";"locality-water-review";"51.9735125";"11.9166926";"Brücke";"";"0.52";""
"7-120-24-tagebaurestloch-richard-i";"7-120-24";"Tagebaurestloch Richard I";"Anhalt-Bitterfeld";"review";"0.909";"locality-water-review";"51.6277647";"12.2660986";"Sandersdorf";"";"0.19";""
"7-120-25-teich-neben-klaranlage-holzweiig";"7-120-25";"Teich neben Kläranlage Holzweißig";"Anhalt-Bitterfeld";"review";"0.908";"locality-water-review";"51.5999745";"12.3046955";"Holzweißig";"";"0.19";""
"7-120-26-pappelloch-rosa";"7-120-26";"Pappelloch Rösa";"Anhalt-Bitterfeld";"unmatched";"";"";"";"";"Rösa";"";"";""
"7-120-27-kiesgrube-salzfurtkapelle";"7-120-27";"Kiesgrube Salzfurtkapelle";"Anhalt-Bitterfeld";"review";"0.751";"locality-water-review";"51.6940546";"12.1774283";"Salzfurtkapelle";"";"1.15";""
"7-120-28-flutungsgewasser-goitzsche";"7-120-28";"Flutungsgewässer Goitzsche";"Anhalt-Bitterfeld";"review";"0.825";"locality-water-review";"51.5999745";"12.3046955";"Goitzsche";"";"0.7";""
"7-120-29-tagebaurestloch-kockern";"7-120-29";"Tagebaurestloch Köckern";"Anhalt-Bitterfeld";"unmatched";"";"";"";"";"Köckern";"";"";""
"7-120-30-feuchtbiotop-holzweiig";"7-120-30";"Feuchtbiotop Holzweißig";"Anhalt-Bitterfeld";"review";"0.908";"locality-water-review";"51.5999745";"12.3046955";"Holzweißig";"";"0.19";""
"7-120-31-kiesgrube-loberitz";"7-120-31";"Kiesgrube Löberitz";"Anhalt-Bitterfeld";"review";"0.83";"locality-water-review";"51.6566928";"12.1623036";"Löberitz";"";"0.67";""
"7-120-32-luthers-linde-muldenstein";"7-120-32";"Luthers Linde Muldenstein";"Anhalt-Bitterfeld";"unmatched";"";"";"";"";"Linde Muldenstein";"";"";""
"7-120-34-alte-mulde-in-friedersdorf";"7-120-34";"Alte Mulde in Friedersdorf";"Anhalt-Bitterfeld";"review";"0.906";"locality-water-review";"51.6482387";"12.3629096";"Friedersdorf";"";"0.21";""
"7-120-35-leine-in-bitterfeld-privatstrecke-beachten-ad-d-h-1-66";"7-120-35";"Leine in Bitterfeld Privatstrecke beachten! Ad, D, H 1,66";"Anhalt-Bitterfeld";"review";"0.855";"locality-water-review";"51.7138485";"12.2875305";"H 1,66";"";"0.52";""
"7-120-36-auensee-bei-holzweiig";"7-120-36";"Auensee bei Holzweißig";"Anhalt-Bitterfeld";"review";"0.908";"locality-water-review";"51.5999745";"12.3046955";"Holzweißig";"";"0.19";""
"7-120-38-geerensee-friedersdorf";"7-120-38";"Geerensee Friedersdorf";"Anhalt-Bitterfeld";"unmatched";"";"";"";"";"Friedersdorf";"";"";""
"7-120-40-groer-teich-bitterfeld";"7-120-40";"Großer Teich Bitterfeld";"Anhalt-Bitterfeld";"review";"0.85";"locality-water-review";"51.6192197";"12.3325537";"Bitterfeld";"";"0.55";""
"7-120-41-waldteich-thalheim";"7-120-41";"Waldteich Thalheim";"Anhalt-Bitterfeld";"unmatched";"";"";"";"";"Thalheim";"";"";""
"7-120-42-tranke-thalheim";"7-120-42";"Tränke Thalheim";"Anhalt-Bitterfeld";"unmatched";"";"";"";"";"Tränke Thalheim";"";"";""
"7-120-43-dorfteich-thalheim";"7-120-43";"Dorfteich Thalheim";"Anhalt-Bitterfeld";"review";"0.902";"locality-water-review";"51.6480236";"12.2284216";"Thalheim";"";"0.23";""
"7-120-44-schulteich-schwemsal";"7-120-44";"Schulteich Schwemsal";"Anhalt-Bitterfeld";"review";"0.911";"locality-water-review";"51.6243851";"12.5599593";"Schwemsal";"";"0.18";""
"7-120-45-mescheders-teich-schwemsal";"7-120-45";"Mescheders Teich Schwemsal";"Anhalt-Bitterfeld";"review";"0.911";"locality-water-review";"51.6243851";"12.5599593";"Schwemsal";"";"0.18";""
"7-120-46-schwemme-schwemsal";"7-120-46";"Schwemme Schwemsal";"Anhalt-Bitterfeld";"review";"0.911";"locality-water-review";"51.6243851";"12.5599593";"Schwemsal";"";"0.18";""
"7-120-47-pferdeteich-glebitzsch";"7-120-47";"Pferdeteich Glebitzsch";"Anhalt-Bitterfeld";"review";"0.922";"locality-water-review";"51.5954495";"12.1900864";"Glebitzsch";"";"0.11";""
"7-120-48-inselteich-glebitzsch";"7-120-48";"Inselteich Glebitzsch";"Anhalt-Bitterfeld";"review";"0.922";"locality-water-review";"51.5954495";"12.1900864";"Glebitzsch";"";"0.11";""
"7-120-50-dorfteich-beyersdorf";"7-120-50";"Dorfteich Beyersdorf";"Anhalt-Bitterfeld";"unmatched";"";"";"";"";"Beyersdorf";"";"";""
"7-120-51-dorfteich-kockern";"7-120-51";"Dorfteich Köckern";"Anhalt-Bitterfeld";"unmatched";"";"";"";"";"Köckern";"";"";""
"7-120-52-generalsteich-schrenz";"7-120-52";"Generalsteich Schrenz";"Anhalt-Bitterfeld";"unmatched";"";"";"";"";"Schrenz";"";"";""
"7-120-53-teich-am-park-schrenz";"7-120-53";"Teich am Park Schrenz";"Anhalt-Bitterfeld";"review";"0.77";"locality-water-review";"51.5953834";"12.0811945";"Schrenz";"";"1.03";""
"7-120-54-teich-am-etp-schrenz";"7-120-54";"Teich am ETP Schrenz";"Anhalt-Bitterfeld";"review";"0.77";"locality-water-review";"51.5953834";"12.0811945";"Schrenz";"";"1.03";""
"7-120-55-kragenteich-roitzsch";"7-120-55";"Kragenteich Roitzsch";"Anhalt-Bitterfeld";"review";"0.908";"locality-water-review";"51.5744151";"12.2681017";"Roitzsch";"";"0.19";""
"7-120-56-tonkiete-schortewitz";"7-120-56";"Tonkiete Schortewitz";"Anhalt-Bitterfeld";"review";"0.96";"locality-water-review";"51.6489287";"12.0292168";"Tonkiete Schortewitz";"Tonkiete Schortewitz";"0";""
"7-121-01-vergimeinnicht-postgrube";"7-121-01";"Vergißmeinnicht (Postgrube)";"Anhalt-Bitterfeld";"unmatched";"";"";"";"";"Zscherndorf";"";"";""
"7-121-02-deutsche-grube-zscherndorf";"7-121-02";"Deutsche Grube Zscherndorf";"Anhalt-Bitterfeld";"unmatched";"";"";"";"";"Zscherndorf";"";"";""
"7-122-01-kiesgrube-dessauer-str-loberitz";"7-122-01";"Kiesgrube Dessauer Str. Löberitz";"Anhalt-Bitterfeld";"unmatched";"";"";"";"";"Str. Löberitz";"";"";""
"7-140-02-niesauer-stillinge";"7-140-02";"Niesauer Stillinge";"Anhalt-Bitterfeld";"review";"0.957";"locality-water-review";"51.7618708";"12.2931412";"Niesauer Stillinge";"Niesauer Stillinge";"0.03";""
"7-271-02-zuckerteich-bei-osternienburg";"7-271-02";"Zuckerteich bei Osternienburg";"Anhalt-Bitterfeld";"unmatched";"";"";"";"";"Osternienburg";"";"";""
"7-271-03-elsdorfer-sandkiete";"7-271-03";"Elsdorfer Sandkiete";"Anhalt-Bitterfeld";"review";"0.954";"locality-water-review";"51.7836693";"11.9625626";"Elsdorfer Sandkiete";"Elsdorfer Sandkiete";"0.07";""
"7-271-04-strandbad-gutersee-in-kothen";"7-271-04";"Strandbad Gütersee in Köthen";"Anhalt-Bitterfeld";"review";"0.892";"locality-water-review";"51.7490341";"11.9764182";"Köthen";"";"0.29";""
"7-271-06-baggerkiethe-kothen";"7-271-06";"Baggerkiethe Köthen";"Anhalt-Bitterfeld";"review";"0.892";"locality-water-review";"51.7490341";"11.9764182";"Köthen";"";"0.29";""
"7-272-01-magdalenenteich-in-aken";"7-272-01";"Magdalenenteich in Aken";"Anhalt-Bitterfeld";"unmatched";"";"";"";"";"Aken";"";"";""
"7-272-02-nachthainichte-bei-aken";"7-272-02";"Nachthainichte bei Aken";"Anhalt-Bitterfeld";"review";"0.817";"locality-water-review";"51.8543298";"12.0582917";"Aken";"";"0.75";""
"7-272-03-groe-kabel-langes-loch-bei-aken";"7-272-03";"Große Kabel (Langes Loch) bei Aken";"Anhalt-Bitterfeld";"review";"0.817";"locality-water-review";"51.8543298";"12.0582917";"Aken";"";"0.75";""
"7-272-04-kleine-kabel-bei-aken";"7-272-04";"Kleine Kabel bei Aken";"Anhalt-Bitterfeld";"review";"0.817";"locality-water-review";"51.8543298";"12.0582917";"Aken";"";"0.75";""
"7-272-05-taube-von-700m-unterhalb-einmundung";"7-272-05";"Taube von 700m unterhalb Einmündung";"Anhalt-Bitterfeld";"unmatched";"";"";"";"";"";"";"";""
"7-272-06-burgersee-in-aken";"7-272-06";"Bürgersee in Aken";"Anhalt-Bitterfeld";"review";"0.822";"locality-water-review";"51.8561627";"12.0702549";"Aken";"Bürgersee";"1.55";""
"7-273-01-baufeld-worbzig-1-groe-kiesgrube";"7-273-01";"Baufeld Wörbzig 1 - Große Kiesgrube";"Anhalt-Bitterfeld";"unmatched";"";"";"";"";"";"";"";""
"7-273-02-baufeld-worbzig-2-kleinere-kiesgrube";"7-273-02";"Baufeld Wörbzig 2 - Kleinere Kiesgrube";"Anhalt-Bitterfeld";"unmatched";"";"";"";"";"";"";"";""
"7-273-03-baufeld-worbzig-3-kiesgrube-rechts";"7-273-03";"Baufeld Wörbzig 3 - Kiesgrube rechts-";"Anhalt-Bitterfeld";"review";"0.855";"locality-water-review";"51.7945407";"10.8310263";"rechts-";"";"0.52";""
"7-273-04-feldschlochen-bei-piethen";"7-273-04";"Feldschlößchen bei Piethen";"Anhalt-Bitterfeld";"review";"0.916";"locality-water-review";"51.675812";"11.9411837";"Piethen";"Feldschlösschen";"0.49";""
"7-273-05-karoline-bei-piethen-boote-ohne-motor";"7-273-05";"Karoline bei Piethen - Boote ohne Motor";"Anhalt-Bitterfeld";"review";"0.889";"locality-water-review";"51.6703744";"11.9352208";"Piethen";"";"0.31";""
"7-273-06-sohl-bei-piethen";"7-273-06";"Sohl bei Piethen";"Anhalt-Bitterfeld";"review";"0.889";"locality-water-review";"51.6703744";"11.9352208";"Piethen";"";"0.31";""
"7-273-07-betonwerkteich-3-4-bei-grobzig";"7-273-07";"Betonwerkteich 3 + 4 bei Gröbzig";"Anhalt-Bitterfeld";"unmatched";"";"";"";"";"Gröbzig";"";"";""
"7-273-08-tagebau-edderitz-boote-ohne-motor";"7-273-08";"Tagebau Edderitz - Boote ohne Motor";"Anhalt-Bitterfeld";"unmatched";"";"";"";"";"Motor";"";"";""
"7-273-09-sandkiete-ii-bei-grobzig";"7-273-09";"Sandkiete II bei Gröbzig";"Anhalt-Bitterfeld";"review";"0.864";"locality-water-review";"51.6794837";"11.8739599";"Gröbzig";"";"0.47";""
"7-273-10-schachtteich-bei-piethen";"7-273-10";"Schachtteich bei Piethen";"Anhalt-Bitterfeld";"review";"0.889";"locality-water-review";"51.6703744";"11.9352208";"Piethen";"";"0.31";""
"7-273-11-fuhne-von-einmundung-der-riede";"7-273-11";"Fuhne von Einmündung der Riede";"Anhalt-Bitterfeld";"review";"0.837";"locality-water-review";"51.5953834";"12.0811945";"Riede";"";"1.34";""
"7-273-12-sportplatzteich-in-gorzig";"7-273-12";"Sportplatzteich in Görzig";"Anhalt-Bitterfeld";"unmatched";"";"";"";"";"Görzig";"";"";""
"7-273-15-augustateich-in-pfaffendorf";"7-273-15";"Augustateich in Pfaffendorf";"Anhalt-Bitterfeld";"review";"0.808";"locality-water-review";"51.7038233";"11.9016973";"Pfaffendorf";"";"0.8";""
"7-273-17-dorfteich-reinsdorf";"7-273-17";"Dorfteich Reinsdorf";"Anhalt-Bitterfeld";"review";"0.816";"locality-water-review";"51.6602206";"12.0017972";"Reinsdorf";"";"1.62";""
"7-273-18-pelzteich-gorzig";"7-273-18";"Pelzteich Görzig";"Anhalt-Bitterfeld";"unmatched";"";"";"";"";"Görzig";"";"";""
"7-273-19-betonwerkteich-v-bei-grobzig";"7-273-19";"Betonwerkteich V bei Gröbzig";"Anhalt-Bitterfeld";"review";"0.897";"locality-water-review";"51.6851011";"11.8859843";"Gröbzig";"Betonwerkteich 1";"0.7";""
"7-273-20-teich-in-weddershausen";"7-273-20";"Teich in Weddershausen";"Anhalt-Bitterfeld";"unmatched";"";"";"";"";"";"";"";""
"7-273-21-dorfteich-gnetsch";"7-273-21";"Dorfteich Gnetsch";"Anhalt-Bitterfeld";"review";"0.816";"locality-water-review";"51.6786012";"12.0797739";"Gnetsch";"";"0.76";""
"7-273-22-fischteich-gnetsch";"7-273-22";"Fischteich Gnetsch";"Anhalt-Bitterfeld";"review";"0.816";"locality-water-review";"51.6786012";"12.0797739";"Gnetsch";"";"0.76";""
"7-273-23-kiessandtagebau-gnetsch-riesdorf";"7-273-23";"Kiessandtagebau Gnetsch/Riesdorf";"Anhalt-Bitterfeld";"review";"0.816";"locality-water-review";"51.6786012";"12.0797739";"Gnetsch/Riesdorf";"";"0.76";""
"7-273-24-gutsteich-gorzig";"7-273-24";"Gutsteich Görzig";"Anhalt-Bitterfeld";"review";"0.815";"locality-water-review";"51.6602206";"12.0017972";"Görzig";"";"0.76";""
"7-273-25-molkereiteich-maasdorf";"7-273-25";"Molkereiteich Maasdorf";"Anhalt-Bitterfeld";"review";"0.897";"locality-water-review";"51.6821731";"11.9623991";"Maasdorf";"";"0.26";""
"7-275-00-ackermannsteich-elsnigk";"7-275-00";"Ackermannsteich Elsnigk";"Anhalt-Bitterfeld";"review";"0.898";"locality-water-review";"51.785869";"12.0570474";"Elsnigk";"";"0.25";""
"7-275-01-grubenteich-bei-osternienburg";"7-275-01";"Grubenteich bei Osternienburg";"Anhalt-Bitterfeld";"unmatched";"";"";"";"";"Osternienburg";"";"";""
"7-275-02-kleine-sandfurchen-bei-osternienburg";"7-275-02";"Kleine Sandfürchen bei Osternienburg";"Anhalt-Bitterfeld";"unmatched";"";"";"";"";"Osternienburg";"";"";""
"7-275-03-bruckmannsteich-und-pumpenteich-bei";"7-275-03";"Brückmannsteich und Pumpenteich bei";"Anhalt-Bitterfeld";"review";"0.92";"locality-water-review";"51.8733238";"12.0764048";"bei";"";"0.12";""
"7-275-04-groe-sandfurchen-bei-osternienburg";"7-275-04";"Große Sandfürchen bei Osternienburg";"Anhalt-Bitterfeld";"review";"0.791";"locality-water-review";"51.7927009";"12.0425874";"Osternienburg";"";"0.91";""
"7-275-05-lochmannsteich-bei-osternienburg";"7-275-05";"Lochmannsteich bei Osternienburg";"Anhalt-Bitterfeld";"review";"0.791";"locality-water-review";"51.7927009";"12.0425874";"Osternienburg";"";"0.91";""
"7-275-06-baggerteich-bei-trebbichau-aken";"7-275-06";"Baggerteich bei Trebbichau/Aken";"Anhalt-Bitterfeld";"unmatched";"";"";"";"";"Trebbichau/Aken";"";"";""
"7-275-07-groer-und-kleiner-parkteich";"7-275-07";"Großer und Kleiner Parkteich";"Anhalt-Bitterfeld";"unmatched";"";"";"";"";"Trebbichau/Aken";"";"";""
"7-275-08-drei-locher-in-micheln";"7-275-08";"Drei Löcher in Micheln";"Anhalt-Bitterfeld";"review";"0.853";"locality-water-review";"51.8126905";"11.9951105";"Micheln";"";"0.53";""
"7-275-09-entfallt";"7-275-09";"entfällt";"Anhalt-Bitterfeld";"unmatched";"";"";"";"";"";"";"";""
"7-275-10-sonntalteich-bei-micheln";"7-275-10";"Sonntalteich bei Micheln";"Anhalt-Bitterfeld";"review";"0.853";"locality-water-review";"51.8126905";"11.9951105";"Micheln";"";"0.53";""
"7-275-12-teich-ii-osternienburg";"7-275-12";"Teich II Osternienburg";"Anhalt-Bitterfeld";"review";"0.791";"locality-water-review";"51.7927009";"12.0425874";"II Osternienburg";"";"0.91";""
"7-275-13-kleiner-ruteich-osternienburg";"7-275-13";"Kleiner Rußteich Osternienburg";"Anhalt-Bitterfeld";"review";"0.791";"locality-water-review";"51.7927009";"12.0425874";"Osternienburg";"";"0.91";""
"7-275-14-muhlenteich-wulfen";"7-275-14";"Mühlenteich Wulfen";"Anhalt-Bitterfeld";"review";"0.775";"locality-water-review";"51.8390621";"11.933822";"Wulfen";"";"1";""
"7-275-15-kapellenteich-wulfen";"7-275-15";"Kapellenteich Wulfen";"Anhalt-Bitterfeld";"review";"0.775";"locality-water-review";"51.8390621";"11.933822";"Wulfen";"";"1";""
"7-275-16-angerteich-wulfen";"7-275-16";"Angerteich Wulfen";"Anhalt-Bitterfeld";"review";"0.775";"locality-water-review";"51.8390621";"11.933822";"Wulfen";"";"1";""
"7-275-17-holzplatzteich-osternienburg";"7-275-17";"Holzplatzteich Osternienburg";"Anhalt-Bitterfeld";"review";"0.791";"locality-water-review";"51.7927009";"12.0425874";"Osternienburg";"";"0.91";""
"7-275-18-maxdorfer-teich";"7-275-18";"Maxdorfer Teich";"Anhalt-Bitterfeld";"unmatched";"";"";"";"";"";"";"";""
"7-275-19-roter-teich-osternienburg";"7-275-19";"Roter Teich Osternienburg";"Anhalt-Bitterfeld";"review";"0.791";"locality-water-review";"51.7927009";"12.0425874";"Osternienburg";"";"0.91";""
"7-275-20-salzteich-osternienburg";"7-275-20";"Salzteich Osternienburg";"Anhalt-Bitterfeld";"review";"0.791";"locality-water-review";"51.7927009";"12.0425874";"Osternienburg";"";"0.91";""
"7-275-21-groer-ruteich-osternienburg";"7-275-21";"Großer Rußteich Osternienburg";"Anhalt-Bitterfeld";"review";"0.791";"locality-water-review";"51.7927009";"12.0425874";"Osternienburg";"";"0.91";""
"7-275-22-strutwiesen-osternienburg";"7-275-22";"Strutwiesen Osternienburg";"Anhalt-Bitterfeld";"review";"0.791";"locality-water-review";"51.7927009";"12.0425874";"Osternienburg";"";"0.91";""
"7-275-23-teich-am-alten-sportplatz-osternienburg";"7-275-23";"Teich am alten Sportplatz Osternienburg";"Anhalt-Bitterfeld";"review";"0.815";"locality-water-review";"51.7927009";"12.0425874";"alten Sportplatz Osternienburg";"";"0.76";""
"7-275-24-busch-raten-dornbock";"7-275-24";"Busch-Räten Dornbock";"Anhalt-Bitterfeld";"unmatched";"";"";"";"";"Dornbock";"";"";""
"7-275-25-backerteich-diebzig";"7-275-25";"Bäckerteich Diebzig";"Anhalt-Bitterfeld";"review";"0.931";"locality-water-review";"51.8654162";"11.93949";"Diebzig";"";"0.06";""
"7-275-26-mullerteich-diebzig";"7-275-26";"Müllerteich Diebzig";"Anhalt-Bitterfeld";"review";"0.931";"locality-water-review";"51.8654162";"11.93949";"Diebzig";"";"0.06";""
"7-275-27-schmiedeteich-diebzig";"7-275-27";"Schmiedeteich Diebzig";"Anhalt-Bitterfeld";"review";"0.931";"locality-water-review";"51.8654162";"11.93949";"Diebzig";"";"0.06";""
"7-275-28-dorfteich-pidorf";"7-275-28";"Dorfteich Pißdorf";"Anhalt-Bitterfeld";"review";"0.818";"locality-water-review";"51.7997798";"12.0109328";"Pißdorf";"";"0.74";""
"7-275-29-schaferteich-pidorf";"7-275-29";"Schäferteich Pißdorf";"Anhalt-Bitterfeld";"review";"0.818";"locality-water-review";"51.7997798";"12.0109328";"Pißdorf";"";"0.74";""
"7-275-30-kuhteich-osternienburg";"7-275-30";"Kuhteich Osternienburg";"Anhalt-Bitterfeld";"review";"0.791";"locality-water-review";"51.7927009";"12.0425874";"Osternienburg";"";"0.91";""
"7-275-31-straucherteich-osternienburg";"7-275-31";"Sträucherteich Osternienburg";"Anhalt-Bitterfeld";"review";"0.791";"locality-water-review";"51.7927009";"12.0425874";"Osternienburg";"";"0.91";""
"7-276-01-stadionteich-in-kothen";"7-276-01";"Stadionteich in Köthen";"Anhalt-Bitterfeld";"review";"0.892";"locality-water-review";"51.7490341";"11.9764182";"Köthen";"";"0.29";""
"7-276-02-schulteich-bei-trebbichau-aken";"7-276-02";"Schulteich bei Trebbichau/Aken";"Anhalt-Bitterfeld";"unmatched";"";"";"";"";"Trebbichau/Aken";"";"";""
"7-276-03-teich-kleinbadegast";"7-276-03";"Teich Kleinbadegast";"Anhalt-Bitterfeld";"review";"0.84";"locality-water-review";"51.7301216";"12.0257652";"Kleinbadegast";"";"0.61";""
"7-276-04-schulzenteich-grobadegast";"7-276-04";"Schulzenteich Großbadegast";"Anhalt-Bitterfeld";"review";"0.876";"locality-water-review";"51.7334123";"12.029457";"Großbadegast";"";"0.39";""
"7-276-05-teich-am-kulturzentrum-grobadegast";"7-276-05";"Teich am Kulturzentrum Großbadegast";"Anhalt-Bitterfeld";"unmatched";"";"";"";"";"Kulturzentrum Großbadegast";"";"";""
"7-276-06-muhlteich-merzien";"7-276-06";"Mühlteich Merzien";"Anhalt-Bitterfeld";"unmatched";"";"";"";"";"Merzien";"";"";""
"7-360-01-stauanlage-klein-leitzkau";"7-360-01";"Stauanlage Klein Leitzkau";"Anhalt-Bitterfeld";"review";"0.728";"locality-water-review";"52.003441";"12.2418319";"Klein Leitzkau";"";"2.77";""
"7-400-01-alte-elbe-bei-dornburg";"7-400-01";"Alte Elbe bei Dornburg";"Anhalt-Bitterfeld";"unmatched";"";"";"";"";"Dornburg";"";"";""
"7-490-02-kiesgrube-waldfrieden-bei-zerbst";"7-490-02";"Kiesgrube Waldfrieden bei Zerbst";"Anhalt-Bitterfeld";"review";"0.817";"locality-water-review";"51.9729097";"12.0649051";"Zerbst";"";"0.75";""
"7-490-03-stauanlage-golbogen-bei-straguth";"7-490-03";"Stauanlage Golbogen bei Straguth";"Anhalt-Bitterfeld";"review";"0.804";"locality-water-review";"52.0275685";"12.1883985";"Straguth";"";"1.78";""
"7-490-04-nuthe-im-landkreis-anhalt-bitterfeld-a-a-b-bf-d-h-k-pl-19-50-bis-walternienburg-mit-ausnahme-der-strecke-brucke-kameritz-bis-ca-3-km-flussaufwarts-salmostrecken-beachten";"7-490-04";"Nuthe im Landkreis Anhalt-Bitterfeld Ä, A, B, Bf, D, H, K, Pl 19,50 bis Walternienburg mit Ausnahme der Strecke Brücke Kämeritz bis ca. 3 km Flussaufwärts - Salmostrecken beachten!";"Anhalt-Bitterfeld";"unmatched";"";"";"";"";"";"";"";""
"7-490-06-bonscher-teich";"7-490-06";"Bonscher Teich";"Anhalt-Bitterfeld";"unmatched";"";"";"";"";"";"";"";""
"7-490-07-ziegeleiteich-bei-niederlepte";"7-490-07";"Ziegeleiteich bei Niederlepte";"Anhalt-Bitterfeld";"unmatched";"";"";"";"";"Niederlepte";"";"";""
"7-490-08-unterer-muhlenteich-bei-dobritz";"7-490-08";"Unterer Mühlenteich bei Dobritz";"Anhalt-Bitterfeld";"unmatched";"";"";"";"";"Dobritz";"";"";""
"7-490-09-kiesgrube-ost-bei-zerbst-5-00-gesperrt-bis-31-12-2022";"7-490-09";"Kiesgrube Ost bei Zerbst 5,00 Gesperrt bis 31.12.2022!";"Anhalt-Bitterfeld";"review";"0.856";"locality-water-review";"51.978815";"12.0224599";"Zerbst 5";"";"0.51";""
"7-491-01-godnitzer-see";"7-491-01";"Gödnitzer See";"Anhalt-Bitterfeld";"unmatched";"";"";"";"";"";"";"";""
"7-491-02-groes-loch-bei-steutz";"7-491-02";"Großes Loch bei Steutz";"Anhalt-Bitterfeld";"review";"0.85";"locality-water-review";"51.8740088";"12.0754045";"Steutz";"Großes Loch bei Steutz";"1.24";""
"7-491-03-pfaffensee-bei-steckby";"7-491-03";"Pfaffensee bei Steckby";"Anhalt-Bitterfeld";"unmatched";"";"";"";"";"Steckby";"";"";""
"7-491-04-groer-wehl-bei-steutz";"7-491-04";"Großer Wehl bei Steutz";"Anhalt-Bitterfeld";"review";"0.847";"locality-water-review";"51.8788247";"12.0812892";"Steutz";"";"0.57";""
"7-492-01-groer-cassinteich-bei-lindau";"7-492-01";"Großer Cassinteich bei Lindau";"Anhalt-Bitterfeld";"review";"0.776";"locality-water-review";"52.0436751";"12.1100734";"Lindau";"";"1";""
"8-180-02-ehemaliger-badeteich-an-der";"8-180-02";"Ehemaliger Badeteich an der";"Wittenberg";"unmatched";"";"";"";"";"an der";"";"";""
"8-180-03-birnbaummuhlenteich-grafenhainichen-a-b-bl-h-k-pl-ro-s-0-53";"8-180-03";"Birnbaummühlenteich Gräfenhainichen A, B, Bl, H, K, Pl, Ro, S 0,53";"Wittenberg";"review";"0.81";"locality-water-review";"52.4901938";"11.7037949";"S 0,53";"";"1.7";""
"8-180-04-strohwalder-teich-grafenhainichen";"8-180-04";"Strohwalder Teich Gräfenhainichen";"Wittenberg";"review";"0.855";"locality-water-review";"51.733025";"12.4521901";"Gräfenhainichen";"";"0.52";""
"8-180-05-affenteich-grafenhainichen";"8-180-05";"Affenteich Gräfenhainichen";"Wittenberg";"review";"0.855";"locality-water-review";"51.733025";"12.4521901";"Gräfenhainichen";"";"0.52";""
"8-180-06-buchholzteich-grafenhainichen";"8-180-06";"Buchholzteich Gräfenhainichen";"Wittenberg";"review";"0.855";"locality-water-review";"51.733025";"12.4521901";"Gräfenhainichen";"";"0.52";""
"8-181-01-reudener-grube";"8-181-01";"Reudener Grube";"Wittenberg";"unmatched";"";"";"";"";"";"";"";""
"8-181-02-tiefer-kolk-in-selbitz";"8-181-02";"Tiefer Kolk in Selbitz";"Wittenberg";"unmatched";"";"";"";"";"Selbitz";"";"";""
"8-181-03-muhlenteich-radis";"8-181-03";"Mühlenteich Radis";"Wittenberg";"unmatched";"";"";"";"";"Radis";"";"";""
"8-181-04-tagebaurestloch-golpa-ii-gurke";"8-181-04";"Tagebaurestloch Golpa II (Gurke)";"Wittenberg";"unmatched";"";"";"";"";"Zschornewitz";"";"";""
"8-181-05-tagebaurestloch-druschplatzteich";"8-181-05";"Tagebaurestloch Druschplatzteich";"Wittenberg";"review";"0.847";"locality-water-review";"51.7196249";"12.3986165";"Zschornewitz";"";"0.57";""
"8-181-06-jagerteich-bei-sollichau";"8-181-06";"Jägerteich bei Söllichau";"Wittenberg";"unmatched";"";"";"";"";"Söllichau";"";"";""
"8-181-07-unterer-dorfteich-sollichau";"8-181-07";"Unterer Dorfteich Söllichau";"Wittenberg";"review";"0.827";"locality-water-review";"51.6357095";"12.6383932";"Söllichau";"";"0.69";""
"8-181-08-muhlteich-in-tornau";"8-181-08";"Mühlteich in Tornau";"Wittenberg";"unmatched";"";"";"";"";"Tornau";"";"";""
"8-181-09-ganseteich-in-sollichau";"8-181-09";"Gänseteich in Söllichau";"Wittenberg";"review";"0.827";"locality-water-review";"51.6357095";"12.6383932";"Söllichau";"";"0.69";""
"8-181-10-lehmkeite-bei-uthausen";"8-181-10";"Lehmkeite bei Uthausen";"Wittenberg";"review";"0.88";"locality-water-review";"51.7568922";"12.5540878";"Uthausen";"";"0.36";""
"8-181-11-neuer-teich-bei-uthausen";"8-181-11";"Neuer Teich bei Uthausen";"Wittenberg";"review";"0.88";"locality-water-review";"51.7568922";"12.5540878";"Uthausen";"";"0.36";""
"8-181-12-schleifbach-bei-sollichau";"8-181-12";"Schleifbach bei Söllichau";"Wittenberg";"review";"0.827";"locality-water-review";"51.6357095";"12.6383932";"Söllichau";"";"0.69";""
"8-181-13-barbarasee-bei-grafenhainichen-boote";"8-181-13";"Barbarasee bei Gräfenhainichen Boote";"Wittenberg";"unmatched";"";"";"";"";"Boote";"";"";""
"8-181-14-dorfteich-schleesen";"8-181-14";"Dorfteich Schleesen";"Wittenberg";"review";"0.847";"locality-water-review";"51.782501";"12.4867909";"Schleesen";"";"0.57";""
"8-182-01-alte-grube-mohlau";"8-182-01";"Alte Grube Möhlau";"Wittenberg";"unmatched";"";"";"";"";"Möhlau";"";"";""
"8-182-02-mohlauer-see";"8-182-02";"Möhlauer See";"Wittenberg";"unmatched";"";"";"";"";"";"";"";""
"8-182-03-3-steinbruchteiche-in-mohlau";"8-182-03";"3 Steinbruchteiche in Möhlau";"Wittenberg";"review";"0.919";"locality-water-review";"51.731982";"12.3634973";"Möhlau";"";"0.13";""
"8-183-01-badeteich-vockerode";"8-183-01";"Badeteich Vockerode";"Wittenberg";"unmatched";"";"";"";"";"Vockerode";"";"";""
"8-183-02-elbe-von-km-244-5-km-248-3-linksseitig-a-bl-h-pl-z-w-q-52-00";"8-183-02";"Elbe von km 244, 5 - km 248, 3 linksseitig A, Bl, H, Pl, Z, W, Q 52,00";"Wittenberg";"unmatched";"";"";"";"";"";"";"";""
"8-183-03-rehsener-see";"8-183-03";"Rehsener See";"Wittenberg";"unmatched";"";"";"";"";"";"";"";""
"8-183-04-margaretenhofteich-bei-oranienbaum";"8-183-04";"Margaretenhofteich bei Oranienbaum";"Wittenberg";"review";"0.888";"locality-water-review";"51.800217";"12.4017377";"Oranienbaum";"";"0.31";""
"8-183-05-talkenloch-bei-kakau";"8-183-05";"Talkenloch bei Kakau";"Wittenberg";"review";"0.899";"locality-water-review";"51.8028305";"12.4298212";"Kakau";"";"0.25";""
"8-183-06-alter-graben-worlitz";"8-183-06";"Alter Graben Wörlitz";"Wittenberg";"review";"0.851";"locality-water-review";"51.8403817";"12.4122004";"Wörlitz";"";"0.54";""
"8-183-07-am-fliegraben-diestelsee-bei-worlitz";"8-183-07";"Am Fließgraben-Diestelsee bei Wörlitz";"Wittenberg";"review";"0.851";"locality-water-review";"51.8403817";"12.4122004";"Wörlitz";"";"0.54";""
"8-183-08-fuhrtgraben-bei-worlitz";"8-183-08";"Fuhrtgraben bei Wörlitz";"Wittenberg";"review";"0.851";"locality-water-review";"51.8403817";"12.4122004";"Wörlitz";"";"0.54";""
"8-183-09-stammhainigte-bei-worlitz";"8-183-09";"Stammhainigte bei Wörlitz";"Wittenberg";"unmatched";"";"";"";"";"Wörlitz";"";"";""
"8-183-10-groe-brage-bei-worlitz";"8-183-10";"Große Bräge bei Wörlitz";"Wittenberg";"review";"0.871";"locality-water-review";"51.8392199";"12.4247973";"Wörlitz";"";"0.42";""
"8-183-11-groes-hakenloch-bei-vockerode";"8-183-11";"Großes Hakenloch bei Vockerode";"Wittenberg";"unmatched";"";"";"";"";"Vockerode";"";"";""
"8-183-12-schiffinge-bei-vockerode";"8-183-12";"Schiffinge bei Vockerode";"Wittenberg";"review";"0.877";"locality-water-review";"51.8421383";"12.3472439";"Vockerode";"";"0.38";""
"8-183-13-kapengraben-von-ehem-b107-bis-zur";"8-183-13";"Kapengraben von ehem. B107 bis zur";"Wittenberg";"unmatched";"";"";"";"";"zur";"";"";""
"8-183-14-fliegraben-von-straenbrucke";"8-183-14";"Fließgraben von Straßenbrücke";"Wittenberg";"unmatched";"";"";"";"";"";"";"";""
"8-183-16-hauptgraben-von-worlitz-bis-kakau";"8-183-16";"Hauptgraben von Wörlitz bis Kakau";"Wittenberg";"review";"0.89";"locality-water-review";"51.8069817";"12.4327648";"Kakau";"";"0.3";""
"8-183-17-4-wallstiche-an-den-mittelholzern";"8-183-17";"4 Wallstiche an den Mittelhölzern";"Wittenberg";"review";"0.871";"locality-water-review";"51.8392199";"12.4247973";"Wörlitz";"";"0.42";""
"8-184-01-roter-see-bei-rotta";"8-184-01";"Roter See bei Rotta";"Wittenberg";"unmatched";"";"";"";"";"Rotta";"";"";""
"8-184-02-see-am-waldrand-bei-rotta";"8-184-02";"See am Waldrand bei Rotta";"Wittenberg";"review";"0.882";"locality-water-review";"51.7558382";"12.5967094";"Rotta";"";"0.35";""
"8-184-03-bergwitzsee";"8-184-03";"Bergwitzsee";"Wittenberg";"unmatched";"";"";"";"";"";"";"";""
"8-250-04-neues-bad-bei-jessen";"8-250-04";"Neues Bad bei Jessen";"Wittenberg";"unmatched";"";"";"";"";"Jessen";"";"";""
"8-250-05-saulug-bei-jessen";"8-250-05";"Saulug bei Jessen";"Wittenberg";"review";"0.845";"locality-water-review";"51.7889189";"12.9639886";"Jessen";"";"0.58";""
"8-250-06-schweinitzer-flie-von-landesgrenze-bis-a-b-bl-h-pl-ro-s-9-50-einlauf-morgengraben-bei-zwuschen-dixforda";"8-250-06";"Schweinitzer Fließ von Landesgrenze bis A, B, Bl, H, Pl, Ro, S 9,50 Einlauf Morgengraben bei Zwuschen/Dixförda";"Wittenberg";"review";"0.818";"locality-water-review";"51.8226742";"13.0485515";"Zwuschen/Dixförda";"";"0.74";""
"8-250-07-neuer-arm-in-jessen";"8-250-07";"Neuer Arm in Jessen";"Wittenberg";"review";"0.845";"locality-water-review";"51.7889189";"12.9639886";"Jessen";"";"0.58";""
"8-250-08-schwarze-elster-von-lg-bis-zur-ein";"8-250-08";"Schwarze Elster von LG bis zur Ein-";"Wittenberg";"unmatched";"";"";"";"";"Ein-";"";"";""
"8-250-09-schwarze-elster-von-straenbrucke";"8-250-09";"Schwarze Elster von Straßenbrücke";"Wittenberg";"unmatched";"";"";"";"";"";"";"";""
"8-250-11-schopfwerk-gerbisbach";"8-250-11";"Schöpfwerk Gerbisbach";"Wittenberg";"unmatched";"";"";"";"";"";"";"";""
"8-250-12-neugraben-von-landesgrenze-bis";"8-250-12";"Neugraben von Landesgrenze bis";"Wittenberg";"review";"0.784";"locality-water-review";"51.6571329";"12.3058934";"bis";"";"0.95";""
"8-250-13-landlache-vom-plossiger-graben-bis";"8-250-13";"Landlache vom Plossiger Graben bis";"Wittenberg";"review";"0.784";"locality-water-review";"51.6571329";"12.3058934";"bis";"";"0.95";""
"8-250-14-baggerteich-bei-brandis";"8-250-14";"Baggerteich bei Brandis";"Wittenberg";"review";"0.879";"locality-water-review";"51.3742077";"11.9890859";"Brandis";"";"0.37";""
"8-250-15-rieke-premsendorf-annaburg";"8-250-15";"Rieke Premsendorf/Annaburg";"Wittenberg";"review";"0.887";"locality-water-review";"51.7545908";"13.1361279";"Premsendorf/Annaburg";"";"0.32";""
"8-250-16-hufeisenteich-jessen-grabo";"8-250-16";"Hufeisenteich Jessen/Grabo";"Wittenberg";"unmatched";"";"";"";"";"Jessen/Grabo";"";"";""
"8-250-18-kremnitz-holzdorf";"8-250-18";"Kremnitz Holzdorf";"Wittenberg";"review";"0.769";"locality-water-review";"51.7617936";"13.1081107";"Holzdorf";"";"2.23";""
"8-251-01-kiestagebau-elbekies-bei-prettin";"8-251-01";"Kiestagebau Elbekies bei Prettin";"Wittenberg";"review";"0.881";"locality-water-review";"51.6591039";"12.9310159";"Prettin";"";"0.36";""
"8-251-02-kiestagbau-badesee-bei-prettin";"8-251-02";"Kiestagbau (Badesee) bei Prettin";"Wittenberg";"unmatched";"";"";"";"";"Prettin";"";"";""
"8-251-03-elbe-km-168-2-km-182-0-rechtss";"8-251-03";"Elbe km 168, 2 - km 182, 0 rechtss.";"Wittenberg";"unmatched";"";"";"";"";"";"";"";""
"8-252-01-alte-elbe-in-iserbegka-bei-elster";"8-252-01";"Alte Elbe in Iserbegka bei Elster";"Wittenberg";"review";"0.801";"locality-water-review";"51.8252467";"12.8383738";"Elster";"";"0.85";""
"8-252-02-rotlache-bei-elster";"8-252-02";"Rötlache bei Elster";"Wittenberg";"review";"0.849";"locality-water-review";"51.8247355";"12.8207271";"Elster";"";"0.55";""
"8-252-03-fischteich-bei-elster";"8-252-03";"Fischteich bei Elster";"Wittenberg";"review";"0.849";"locality-water-review";"51.8247355";"12.8207271";"Elster";"";"0.55";""
"8-252-04-kleiner-klinker-bei-elster";"8-252-04";"Kleiner Klinker bei Elster";"Wittenberg";"review";"0.849";"locality-water-review";"51.8247355";"12.8207271";"Elster";"";"0.55";""
"8-252-05-spitzenlocher-in-elster";"8-252-05";"Spitzenlöcher in Elster";"Wittenberg";"review";"0.849";"locality-water-review";"51.8247355";"12.8207271";"Elster";"";"0.55";""
"8-253-01-das-loch-annaburg";"8-253-01";"Das Loch Annaburg";"Wittenberg";"unmatched";"";"";"";"";"Loch Annaburg";"";"";""
"8-253-02-hertha-bei-loben";"8-253-02";"Hertha bei Löben";"Wittenberg";"review";"0.893";"locality-water-review";"51.7673303";"13.079398";"Löben";"";"0.29";""
"8-253-03-gewasser-schwertfeger-stander";"8-253-03";"Gewässer Schwertfeger, Ständer";"Wittenberg";"review";"0.893";"locality-water-review";"51.7673303";"13.079398";"Löben";"";"0.29";""
"8-253-04-gewasser-meiner-lehrmann";"8-253-04";"Gewässer Meißner, Lehrmann";"Wittenberg";"unmatched";"";"";"";"";"Lehrmann";"";"";""
"8-360-01-wasserloch-klieken";"8-360-01";"Wasserloch Klieken";"Wittenberg";"unmatched";"";"";"";"";"Wasserloch Klieken";"";"";""
"8-360-02-dorfteich-klieken";"8-360-02";"Dorfteich Klieken";"Wittenberg";"review";"0.948";"locality-water-review";"51.8881487";"12.3691807";"Klieken";"Dorfteich Klieken";"0.13";""
"8-360-03-silbersee-bei-zieko";"8-360-03";"Silbersee bei Zieko";"Wittenberg";"review";"0.857";"locality-water-review";"51.9151337";"12.4107055";"Zieko";"";"0.51";""
"8-360-06-waldmuhlenteich-bei-coswig";"8-360-06";"Waldmühlenteich bei Coswig";"Wittenberg";"review";"0.839";"locality-water-review";"51.8792505";"12.45821";"Coswig";"";"0.62";""
"8-360-07-steinmuhlenteich-bei-duben";"8-360-07";"Steinmühlenteich bei Düben";"Wittenberg";"review";"0.863";"locality-water-review";"51.9229512";"12.3909361";"Düben";"";"0.47";""
"8-360-09-tongrube-mollensdorf";"8-360-09";"Tongrube Möllensdorf";"Wittenberg";"unmatched";"";"";"";"";"Möllensdorf";"";"";""
"8-361-01-lehmausstiche-bei-coswig";"8-361-01";"Lehmausstiche bei Coswig";"Wittenberg";"review";"0.839";"locality-water-review";"51.8792505";"12.45821";"Coswig";"";"0.62";""
"8-361-02-kohlengrube-coswig-flamingbad";"8-361-02";"Kohlengrube Coswig (Flämingbad)";"Wittenberg";"review";"0.834";"locality-water-review";"51.8953884";"12.4275045";"Coswig (Flämingbad)";"";"0.65";""
"8-460-01-klinkerteich-bei-bad-schmiedeberg";"8-460-01";"Klinkerteich bei Bad Schmiedeberg";"Wittenberg";"unmatched";"";"";"";"";"Bad Schmiedeberg";"";"";""
"8-460-02-brauteich-schlograben-und";"8-460-02";"Brauteich, Schloßgraben und";"Wittenberg";"review";"0.932";"locality-water-review";"51.961923";"12.7437947";"Kropstädt";"";"0.05";""
"8-460-03-streitlache-bei-pratau";"8-460-03";"Streitlache bei Pratau";"Wittenberg";"review";"0.874";"locality-water-review";"51.8460287";"12.6452708";"Pratau";"";"0.4";""
"8-460-04-1-flutbrucke-bei-pratau";"8-460-04";"1. Flutbrücke bei Pratau";"Wittenberg";"review";"0.874";"locality-water-review";"51.8460287";"12.6452708";"Pratau";"";"0.4";""
"8-460-05-forstereiteich-bei-pratau";"8-460-05";"Förstereiteich bei Pratau";"Wittenberg";"review";"0.874";"locality-water-review";"51.8460287";"12.6452708";"Pratau";"";"0.4";""
"8-460-06-kuhlienteich-bei-pratau";"8-460-06";"Kuhlienteich bei Pratau";"Wittenberg";"review";"0.874";"locality-water-review";"51.8460287";"12.6452708";"Pratau";"";"0.4";""
"8-460-07-sandekolk-bei-pratau";"8-460-07";"Sandekolk bei Pratau";"Wittenberg";"review";"0.874";"locality-water-review";"51.8460287";"12.6452708";"Pratau";"";"0.4";""
"8-460-08-durchstich-bei-pratau";"8-460-08";"Durchstich bei Pratau";"Wittenberg";"review";"0.874";"locality-water-review";"51.8460287";"12.6452708";"Pratau";"";"0.4";""
"8-460-10-fleischerwerder-bei-dabrun";"8-460-10";"Fleischerwerder bei Dabrun";"Wittenberg";"review";"0.83";"locality-water-review";"51.8287999";"12.7242829";"Dabrun";"";"0.67";""
"8-460-11-booser-ri-im-ot-boos-dabrun";"8-460-11";"Booser Riß im OT Boos/Dabrun";"Wittenberg";"unmatched";"";"";"";"";"Boos/Dabrun";"";"";""
"8-460-12-3-waldteiche-bei-reinsdorf";"8-460-12";"3 Waldteiche bei Reinsdorf";"Wittenberg";"unmatched";"";"";"";"";"Reinsdorf";"";"";""
"8-460-13-groer-aca-teich-bei-reinsdorf";"8-460-13";"Großer (ACA) Teich bei Reinsdorf";"Wittenberg";"unmatched";"";"";"";"";"Reinsdorf";"";"";""
"8-460-14-teich-bleddin";"8-460-14";"Teich Bleddin";"Wittenberg";"review";"0.902";"locality-water-review";"51.7876459";"12.784032";"Bleddin";"";"0.23";""
"8-460-15-schluft-bei-bleddin";"8-460-15";"Schluft bei Bleddin";"Wittenberg";"review";"0.902";"locality-water-review";"51.7876459";"12.784032";"Bleddin";"";"0.23";""
"8-460-17-sandkolk-bleddin";"8-460-17";"Sandkolk Bleddin";"Wittenberg";"review";"0.902";"locality-water-review";"51.7876459";"12.784032";"Bleddin";"";"0.23";""
"8-460-20-flutbrucke-2-bude-100-bei-pratau";"8-460-20";"Flutbrücke 2 (Bude 100) bei Pratau";"Wittenberg";"review";"0.874";"locality-water-review";"51.8460287";"12.6452708";"Pratau";"";"0.4";""
"8-460-22-1-brucke-graben-zum-groen-loch";"8-460-22";"1. Brücke, Graben zum großen Loch";"Wittenberg";"review";"0.843";"locality-water-review";"51.8536385";"12.5274506";"Loch";"";"0.59";""
"8-460-23-moschkolk-bei-wartenburg";"8-460-23";"Moschkolk bei Wartenburg";"Wittenberg";"unmatched";"";"";"";"";"Wartenburg";"";"";""
"8-460-24-blaues-auge-bei-reinharz";"8-460-24";"Blaues Auge bei Reinharz";"Wittenberg";"unmatched";"";"";"";"";"Reinharz";"";"";""
"8-460-25-streng-alte-elbe-bleesern-bei-seegrehna-a-b-bl-h-pl-0-72";"8-460-25";"Streng (Alte Elbe Bleesern) bei Seegrehna A, B, Bl, H, Pl 0,72";"Wittenberg";"review";"0.804";"locality-water-review";"51.8332802";"13.1318475";"0,72";"";"1.77";""
"8-460-26-groer-merkwitzer-teich";"8-460-26";"Großer Merkwitzer Teich";"Wittenberg";"review";"0.913";"locality-water-review";"51.7662184";"12.6757947";"Gaditz";"";"0.16";""
"8-460-27-kolk-in-den-krebshornwiesen";"8-460-27";"Kolk in den Krebshornwiesen";"Wittenberg";"unmatched";"";"";"";"";"";"";"";""
"8-460-28-kleiner-ri-bei-dabrun-schleienloch";"8-460-28";"Kleiner Riß bei Dabrun (Schleienloch)";"Wittenberg";"review";"0.83";"locality-water-review";"51.8287999";"12.7242829";"Dabrun";"";"0.67";""
"8-460-29-falkenwaiden-bei-wartenburg";"8-460-29";"Falkenwaiden bei Wartenburg";"Wittenberg";"review";"0.888";"locality-water-review";"51.8132285";"12.7769031";"Wartenburg";"";"0.31";""
"8-460-30-ri-neue-wiese-wartenburg";"8-460-30";"Riß Neue Wiese Wartenburg";"Wittenberg";"review";"0.888";"locality-water-review";"51.8132285";"12.7769031";"Wartenburg";"";"0.31";""
"8-460-31-pfahlen-bei-wartenburg";"8-460-31";"Pfählen bei Wartenburg";"Wittenberg";"review";"0.888";"locality-water-review";"51.8132285";"12.7769031";"Wartenburg";"";"0.31";""
"8-460-32-rothekolk-bei-wartenburg";"8-460-32";"Röthekolk bei Wartenburg";"Wittenberg";"review";"0.888";"locality-water-review";"51.8132285";"12.7769031";"Wartenburg";"";"0.31";""
"8-460-33-schluft-priesitz";"8-460-33";"Schluft Priesitz";"Wittenberg";"review";"0.89";"locality-water-review";"51.707121";"12.83869";"Schluft Priesitz";"";"0.3";""
"8-460-35-3-weinbergeiche-abtsdorf";"8-460-35";"3 Weinbergeiche Abtsdorf";"Wittenberg";"unmatched";"";"";"";"";"Abtsdorf";"";"";""
"8-460-36-tiefer-kolk-bei-trebitz";"8-460-36";"Tiefer Kolk bei Trebitz";"Wittenberg";"unmatched";"";"";"";"";"Trebitz";"";"";""
"8-460-37-sandekolk-bei-dabrun";"8-460-37";"Sandekolk bei Dabrun";"Wittenberg";"review";"0.83";"locality-water-review";"51.8287999";"12.7242829";"Dabrun";"";"0.67";""
"8-460-38-fliegraben-vom-wachsdorfer";"8-460-38";"Fließgraben vom Wachsdorfer";"Wittenberg";"unmatched";"";"";"";"";"";"";"";""
"8-460-39-kolk-seegrehna";"8-460-39";"Kolk Seegrehna";"Wittenberg";"unmatched";"";"";"";"";"";"";"";""
"8-460-40-forsterloch-bei-seegrehna";"8-460-40";"Försterloch bei Seegrehna";"Wittenberg";"unmatched";"";"";"";"";"";"";"";""
"8-460-41-tiefe-lache-mit-graben-und-loch";"8-460-41";"Tiefe Lache mit Graben und Loch";"Wittenberg";"review";"0.843";"locality-water-review";"51.8536385";"12.5274506";"Loch";"";"0.59";""
"8-460-42-krummer-see-bodemar-bei-seegrehna-a-bl-h-k-pl-s-1-24";"8-460-42";"Krummer See (Bodemar) bei Seegrehna A, Bl, H, K, Pl, S 1,24";"Wittenberg";"review";"0.755";"locality-water-review";"51.4708382";"11.8860993";"S 1,24";"";"1.13";""
"8-460-43-blumenwinkel-bei-seegrehna";"8-460-43";"Blumenwinkel bei Seegrehna";"Wittenberg";"unmatched";"";"";"";"";"";"";"";""
"8-460-44-drehkolk-bei-seegrehna";"8-460-44";"Drehkolk bei Seegrehna";"Wittenberg";"unmatched";"";"";"";"";"";"";"";""
"8-460-45-hauskolk-bei-seegrehna";"8-460-45";"Hauskolk bei Seegrehna";"Wittenberg";"unmatched";"";"";"";"";"";"";"";""
"8-460-46-alter-bruckenkopf-muschelteich-pratau-b-bl-h-pl-1-24";"8-460-46";"Alter Brückenkopf (Muschelteich) Pratau B, Bl, H, Pl 1,24";"Wittenberg";"unmatched";"";"";"";"";"Pl 1,24";"";"";""
"8-460-47-tonteich-bulzig";"8-460-47";"Tonteich Bülzig";"Wittenberg";"unmatched";"";"";"";"";"Bülzig";"";"";""
"8-460-48-hohndorfer-rinne-bei-muhlanger";"8-460-48";"Hohndorfer Rinne bei Mühlanger";"Wittenberg";"review";"0.913";"locality-water-review";"51.8537237";"12.7475957";"Mühlanger";"";"0.16";""
"8-460-49-groer-see-bleesern-bei-seegrehna";"8-460-49";"Großer See (Bleesern) bei Seegrehna";"Wittenberg";"unmatched";"";"";"";"";"";"";"";""
"8-460-50-schwarzes-wasser-bei-seegrehna";"8-460-50";"Schwarzes Wasser bei Seegrehna";"Wittenberg";"unmatched";"";"";"";"";"";"";"";""
"8-460-51-sandebreite-bei-seegrehna";"8-460-51";"Sandebreite bei Seegrehna";"Wittenberg";"unmatched";"";"";"";"";"";"";"";""
"8-460-53-alte-elbe-merschwitz";"8-460-53";"Alte Elbe Merschwitz";"Wittenberg";"unmatched";"";"";"";"";"Elbe Merschwitz";"";"";""
"8-460-54-alte-badeanstalt-kemberg";"8-460-54";"Alte Badeanstalt Kemberg";"Wittenberg";"review";"0.924";"locality-water-review";"51.7716825";"12.625912";"Badeanstalt Kemberg";"";"0.1";""
"8-460-55-wendel-wittenberg";"8-460-55";"Wendel Wittenberg";"Wittenberg";"review";"0.894";"locality-water-review";"51.8620156";"12.6926851";"Wendel Wittenberg";"";"0.28";""
"8-460-56-booser-graben-vom-booser-ri-zur-elbe";"8-460-56";"Booser Graben vom Booser Riß zur Elbe";"Wittenberg";"unmatched";"";"";"";"";"zur Elbe";"";"";""
"8-460-57-espenkolk-i-und-ii-bei-gallin-muhlanger";"8-460-57";"Espenkolk I und II bei Gallin/Mühlanger";"Wittenberg";"review";"0.865";"locality-water-review";"51.8384308";"12.7623931";"Gallin/Mühlanger";"";"0.45";""
"8-460-58-wilde-kolke-i-bei-dabrun-melzwig";"8-460-58";"Wilde Kölke I bei Dabrun/Melzwig";"Wittenberg";"review";"0.854";"locality-water-review";"51.8287999";"12.7242829";"Dabrun/Melzwig";"";"0.52";""
"8-460-59-tiefes-loch-bleddin";"8-460-59";"Tiefes Loch Bleddin";"Wittenberg";"review";"0.902";"locality-water-review";"51.7876459";"12.784032";"Bleddin";"";"0.23";""
"8-460-61-groen-lache-bei-pratau";"8-460-61";"Großen Lache bei Pratau";"Wittenberg";"review";"0.874";"locality-water-review";"51.8460287";"12.6452708";"Pratau";"";"0.4";""
"8-460-62-wasserruckhaltebecken";"8-460-62";"Wasserrückhaltebecken";"Wittenberg";"review";"0.84";"locality-water-review";"51.93392";"12.5963269";"Nudersdorf";"";"1.31";""
"8-460-63-schwarzes-loch-1-3";"8-460-63";"Schwarzes Loch (1-3)";"Wittenberg";"unmatched";"";"";"";"";"Wittenberg";"";"";""
"8-460-64-alter-see-bei-trebitz";"8-460-64";"Alter See bei Trebitz";"Wittenberg";"review";"0.822";"locality-water-review";"51.7587087";"12.7558475";"Trebitz";"";"0.72";""
"8-460-65-braken-bei-trebitz";"8-460-65";"Bräken bei Trebitz";"Wittenberg";"review";"0.822";"locality-water-review";"51.7587087";"12.7558475";"Trebitz";"";"0.72";""
"8-460-66-das-tiefe-loch-bei-trebitz";"8-460-66";"Das Tiefe Loch bei Trebitz";"Wittenberg";"review";"0.822";"locality-water-review";"51.7587087";"12.7558475";"Trebitz";"";"0.72";""
"8-460-67-katzenergel-bei-seegrehna";"8-460-67";"Katzenergel bei Seegrehna";"Wittenberg";"unmatched";"";"";"";"";"";"";"";""
"8-460-72-angerteich-korgau";"8-460-72";"Angerteich Korgau";"Wittenberg";"review";"0.85";"locality-water-review";"51.669343";"12.7496915";"Korgau";"";"1.17";""
"8-460-73-zahna-von-der-strae-zahna";"8-460-73";"Zahna von der Straße Zahna-";"Wittenberg";"unmatched";"";"";"";"";"die Elbe";"";"";""
"8-460-74-drostekolk-pratau";"8-460-74";"Dröstekolk Pratau";"Wittenberg";"review";"0.874";"locality-water-review";"51.8460287";"12.6452708";"Pratau";"";"0.4";""
"8-460-75-rehkolk-apollensdorf";"8-460-75";"Rehkolk Apollensdorf";"Wittenberg";"review";"0.895";"locality-water-review";"51.8720593";"12.5418473";"Rehkolk Apollensdorf";"";"0.28";""
"8-460-76-wolfskolk-seegrehna";"8-460-76";"Wolfskolk Seegrehna";"Wittenberg";"unmatched";"";"";"";"";"";"";"";""
"8-460-77-kl-und-gr-loch-bei-pratau-3-eichen";"8-460-77";"Kl. und gr. Loch bei Pratau (3 Eichen)";"Wittenberg";"review";"0.874";"locality-water-review";"51.8460287";"12.6452708";"Pratau";"";"0.4";""
"9-150-01-dorfteich-klosterrode";"9-150-01";"Dorfteich Klosterrode";"Mansfeld-Südharz";"review";"0.914";"locality-water-review";"51.4980318";"11.4446973";"Klosterrode";"";"0.16";""
"9-150-02-monchsteich-hausbergteich-bischofrode-a-k-ro-s-0-50";"9-150-02";"Mönchsteich (Hausbergteich) Bischofrode A, K, Ro, S 0,50";"Mansfeld-Südharz";"unmatched";"";"";"";"";"";"";"";""
"9-150-03-gemeindebad-neptun-helbra";"9-150-03";"Gemeindebad Neptun Helbra";"Mansfeld-Südharz";"unmatched";"";"";"";"";"Helbra";"";"";""
"9-150-04-parkbad-anna-helbra";"9-150-04";"Parkbad Anna Helbra";"Mansfeld-Südharz";"review";"0.915";"locality-water-review";"51.5613221";"11.4800467";"Anna Helbra";"";"0.15";""
"9-150-05-ottilienteich-bei-roblingen";"9-150-05";"Ottilienteich bei Röblingen";"Mansfeld-Südharz";"review";"0.789";"locality-water-review";"51.4535698";"11.6731185";"Röblingen";"";"0.92";""
"9-150-06-marthateich-bei-wansleben";"9-150-06";"Marthateich bei Wansleben";"Mansfeld-Südharz";"unmatched";"";"";"";"";"Wansleben";"";"";""
"9-150-08-restl-tonlocher-ost-bei-wansleben";"9-150-08";"restl. Tonlöcher Ost bei Wansleben";"Mansfeld-Südharz";"unmatched";"";"";"";"";"Wansleben";"";"";""
"9-150-09-grube-bornstedt-neugluck";"9-150-09";"Grube Bornstedt Neuglück";"Mansfeld-Südharz";"unmatched";"";"";"";"";"Bornstedt Neuglück";"";"";""
"9-150-11-minnabad-volkstedt";"9-150-11";"Minnabad Volkstedt";"Mansfeld-Südharz";"review";"0.847";"locality-water-review";"51.5696092";"11.5423583";"Volkstedt";"";"0.57";""
"9-150-12-kleinwasserspeicher-ziegelrode";"9-150-12";"Kleinwasserspeicher Ziegelrode";"Mansfeld-Südharz";"unmatched";"";"";"";"";"Ziegelrode";"";"";""
"9-150-13-hofteich-in-stedten";"9-150-13";"Hofteich in Stedten";"Mansfeld-Südharz";"unmatched";"";"";"";"";"Stedten";"";"";""
"9-150-14-schaferteich-in-stedten";"9-150-14";"Schäferteich in Stedten";"Mansfeld-Südharz";"review";"0.88";"locality-water-review";"51.4395334";"11.7025817";"Stedten";"";"0.37";""
"9-150-15-mittelgraben-v-stollengraben-bis";"9-150-15";"Mittelgraben v. Stollengraben bis";"Mansfeld-Südharz";"review";"0.784";"locality-water-review";"51.6571329";"12.3058934";"bis";"";"0.95";""
"9-150-17-sudlicher-ringkanal-von";"9-150-17";"Südlicher Ringkanal von";"Mansfeld-Südharz";"unmatched";"";"";"";"";"von";"";"";""
"9-150-18-tonloch-lauraberg-roblingen";"9-150-18";"Tonloch Lauraberg Röblingen";"Mansfeld-Südharz";"review";"0.789";"locality-water-review";"51.4535698";"11.6731185";"Röblingen";"";"0.92";""
"9-150-19-helmsdorfer-teiche";"9-150-19";"Helmsdorfer Teiche";"Mansfeld-Südharz";"unmatched";"";"";"";"";"";"";"";""
"9-150-21-groes-tonloch-wansleben";"9-150-21";"Großes Tonloch Wansleben";"Mansfeld-Südharz";"unmatched";"";"";"";"";"Wansleben";"";"";""
"9-150-22-nonnental-hornurg";"9-150-22";"Nonnental Hornurg";"Mansfeld-Südharz";"unmatched";"";"";"";"";"";"";"";""
"9-151-01-rudels-teich-bei-helfta";"9-151-01";"Rüdels Teich bei Helfta";"Mansfeld-Südharz";"review";"0.866";"locality-water-review";"51.5056173";"11.5730922";"Helfta";"";"0.45";""
"9-230-01-parkteich-in-wiederstedt";"9-230-01";"Parkteich in Wiederstedt";"Mansfeld-Südharz";"unmatched";"";"";"";"";"Wiederstedt";"";"";""
"9-230-02-tonloch-bei-hettstedt";"9-230-02";"Tonloch bei Hettstedt";"Mansfeld-Südharz";"unmatched";"";"";"";"";"Hettstedt";"";"";""
"9-230-03-olgrundteich-bei-hettstedt";"9-230-03";"Ölgrundteich bei Hettstedt";"Mansfeld-Südharz";"review";"0.787";"locality-water-review";"51.6673855";"11.5026252";"Hettstedt";"Ölgrundteich";"1.94";""
"9-230-05-mansfelder-teich";"9-230-05";"Mansfelder Teich";"Mansfeld-Südharz";"unmatched";"";"";"";"";"";"";"";""
"9-230-07-wippertalsperre";"9-230-07";"Wippertalsperre";"Mansfeld-Südharz";"unmatched";"";"";"";"";"";"";"";""
"9-230-08-schaferteich-sylda";"9-230-08";"Schäferteich Sylda";"Mansfeld-Südharz";"review";"0.908";"locality-water-review";"51.679334";"11.4230811";"Sylda";"";"0.19";""
"9-230-09-dorfteich-sylda";"9-230-09";"Dorfteich Sylda";"Mansfeld-Südharz";"review";"0.908";"locality-water-review";"51.679334";"11.4230811";"Sylda";"";"0.19";""
"9-230-11-amtsteich-bei-vatterode";"9-230-11";"Amtsteich bei Vatterode";"Mansfeld-Südharz";"unmatched";"";"";"";"";"Vatterode";"";"";""
"9-230-13-huttenteich-sylda";"9-230-13";"Hüttenteich Sylda";"Mansfeld-Südharz";"review";"0.908";"locality-water-review";"51.679334";"11.4230811";"Sylda";"";"0.19";""
"9-230-14-dorfteich-greifenhagen";"9-230-14";"Dorfteich Greifenhagen";"Mansfeld-Südharz";"unmatched";"";"";"";"";"Greifenhagen";"";"";""
"9-230-15-ochsenpfuhlbachteich-vatterode";"9-230-15";"Ochsenpfuhlbachteich Vatterode";"Mansfeld-Südharz";"review";"0.854";"locality-water-review";"51.5992349";"11.426009";"Vatterode";"";"0.53";""
"9-351-01-unterer-hofteich-in-sittichenbach";"9-351-01";"Unterer Hofteich in Sittichenbach";"Mansfeld-Südharz";"unmatched";"";"";"";"";"";"";"";""
"9-351-02-fischteich-rothenschirmbach";"9-351-02";"Fischteich Rothenschirmbach";"Mansfeld-Südharz";"unmatched";"";"";"";"";"";"";"";""
"9-352-01-oberer-hofteich-in-sittichenbach";"9-352-01";"Oberer Hofteich in Sittichenbach";"Mansfeld-Südharz";"unmatched";"";"";"";"";"";"";"";""
"9-390-02-see-hackpuffel";"9-390-02";"See Hackpüffel";"Mansfeld-Südharz";"unmatched";"";"";"";"";"";"";"";""
"9-390-03-toter-arm-lange-helme-bei";"9-390-03";"Toter Arm „Lange Helme“ bei";"Mansfeld-Südharz";"unmatched";"";"";"";"";"Helme“ bei";"";"";""
"9-390-04-toter-arm-eichgraben-bei-wallhausen";"9-390-04";"Toter Arm „Eichgraben“ bei Wallhausen";"Mansfeld-Südharz";"review";"0.908";"locality-water-review";"51.4615643";"11.2101301";"Wallhausen";"";"0.19";""
"9-390-06-groer-und-kleiner-see-uftrungen";"9-390-06";"Großer und Kleiner See Uftrungen";"Mansfeld-Südharz";"review";"0.903";"locality-water-review";"51.498844";"10.9835133";"Uftrungen";"";"0.22";""
"9-390-07-dorfteich-passbruch";"9-390-07";"Dorfteich Passbruch";"Mansfeld-Südharz";"review";"0.926";"locality-water-review";"51.5533313";"11.1259526";"Passbruch";"";"0.08";""
"9-390-08-schloteich-rottleberode";"9-390-08";"Schloßteich Rottleberode";"Mansfeld-Südharz";"unmatched";"";"";"";"";"Rottleberode";"";"";""
"9-390-09-entfallt";"9-390-09";"entfällt";"Mansfeld-Südharz";"unmatched";"";"";"";"";"";"";"";""
"9-390-10-altarm-am-hornissenberg-bei-kelbra";"9-390-10";"Altarm am Hornissenberg bei Kelbra";"Mansfeld-Südharz";"review";"0.856";"locality-water-review";"51.4390267";"11.0361459";"Kelbra";"";"0.51";""
"9-390-11-neuvorwerksteich-bei-allstedt";"9-390-11";"Neuvorwerksteich bei Allstedt";"Mansfeld-Südharz";"unmatched";"";"";"";"";"Allstedt";"";"";""
"9-390-12-teich-karlsrode";"9-390-12";"Teich Karlsrode";"Mansfeld-Südharz";"unmatched";"";"";"";"";"Karlsrode";"";"";""
"9-390-14-huttenteich-in-breitenstein";"9-390-14";"Hüttenteich in Breitenstein";"Mansfeld-Südharz";"review";"0.898";"locality-water-review";"51.6200826";"10.9417426";"Breitenstein";"Hüttenteich";"0.7";""
"9-390-16-toter-helmearm-bei-rola";"9-390-16";"Toter Helmearm bei Roßla";"Mansfeld-Südharz";"review";"0.825";"locality-water-review";"51.4574698";"11.0800421";"Roßla";"";"0.7";""
"9-390-17-muhlgraben-vom-wehr-hornissenberg";"9-390-17";"Mühlgraben vom Wehr Hornissenberg";"Mansfeld-Südharz";"review";"0.873";"locality-water-review";"51.4569268";"11.2065659";"die Helme";"";"0.41";""
"9-390-18-feuerloschteich-in-dittichenrode";"9-390-18";"Feuerlöschteich in Dittichenrode";"Mansfeld-Südharz";"review";"0.831";"locality-water-review";"51.4689026";"11.1009878";"Dittichenrode";"";"0.66";""
"9-390-19-dorfteich-rotha";"9-390-19";"Dorfteich Rotha";"Mansfeld-Südharz";"review";"0.937";"locality-water-review";"51.5409166";"11.1474381";"Rotha";"";"0.02";""
"9-390-20-kunstteich-bei-wettelrode";"9-390-20";"Kunstteich bei Wettelrode";"Mansfeld-Südharz";"review";"0.824";"locality-water-review";"51.5142656";"11.2755607";"Wettelrode";"";"0.7";""
"9-390-21-zweier-und-dreierteich-am-rosarium";"9-390-21";"Zweier- und Dreierteich am Rosarium";"Mansfeld-Südharz";"review";"0.837";"locality-water-review";"51.474971";"11.3099336";"Rosarium";"";"0.63";""
"9-390-22-helme-ab-200m-unterhalb-straen";"9-390-22";"Helme ab 200m unterhalb Straßen-";"Mansfeld-Südharz";"unmatched";"";"";"";"";"Straßen-";"";"";""
"9-390-23-3-tonlocher-bei-morungen";"9-390-23";"3 Tonlöcher bei Morungen –";"Mansfeld-Südharz";"review";"0.788";"locality-water-review";"51.5082876";"11.2316396";"Morungen";"";"0.93";""
"9-390-24-alte-kiesgrube-berga";"9-390-24";"Alte Kiesgrube Berga";"Mansfeld-Südharz";"review";"0.87";"locality-water-review";"51.4572795";"11.0018156";"Berga";"";"0.42";""
"9-390-25-teich-in-beyernaumburg-othal";"9-390-25";"Teich in Beyernaumburg/Othal";"Mansfeld-Südharz";"unmatched";"";"";"";"";"Beyernaumburg/Othal";"";"";""
"9-390-26-sackteich-in-sangerhausen";"9-390-26";"Sackteich in Sangerhausen";"Mansfeld-Südharz";"review";"0.824";"locality-water-review";"51.4833779";"11.3124136";"Sangerhausen";"Sackteich";"1.52";""
"9-390-27-kiesgrube-bei-rola";"9-390-27";"Kiesgrube bei Roßla";"Mansfeld-Südharz";"review";"0.825";"locality-water-review";"51.4574698";"11.0800421";"Roßla";"";"0.7";""
"9-390-28-toter-helmearm-bei-bennungen";"9-390-28";"Toter Helmearm bei Bennungen";"Mansfeld-Südharz";"unmatched";"";"";"";"";"Bennungen";"";"";""
"9-390-29-alte-kiesgrube-katarienenrieth";"9-390-29";"Alte Kiesgrube Katarienenrieth";"Mansfeld-Südharz";"unmatched";"";"";"";"";"";"";"";""
"9-390-31-schloteich-grillenberg";"9-390-31";"Schloßteich Grillenberg";"Mansfeld-Südharz";"review";"0.851";"locality-water-review";"51.5285688";"11.3122889";"Grillenberg";"";"0.54";""
"9-390-32-stausee-kelbra";"9-390-32";"Stausee Kelbra";"Mansfeld-Südharz";"review";"0.856";"locality-water-review";"51.4390267";"11.0361459";"Kelbra";"";"0.51";""
"10-210-01-kiesgrube-in-rattmannsdorf";"10-210-01";"Kiesgrube in Rattmannsdorf";"Saalekreis";"review";"0.839";"locality-water-review";"51.416118";"11.9547373";"Rattmannsdorf";"";"0.62";""
"10-210-02-kiesgrube-gansteich-zwintschona";"10-210-02";"Kiesgrube (Gänsteich) Zwintschöna";"Saalekreis";"unmatched";"";"";"";"";"Zwintschöna";"";"";""
"10-210-03-friedrichsbad-in-zwintschona";"10-210-03";"Friedrichsbad in Zwintschöna";"Saalekreis";"review";"0.888";"locality-water-review";"51.4499103";"12.0488239";"Zwintschöna";"";"0.31";""
"10-210-04-dorfteich-in-zwintschona";"10-210-04";"Dorfteich in Zwintschöna";"Saalekreis";"review";"0.888";"locality-water-review";"51.4499103";"12.0488239";"Zwintschöna";"";"0.31";""
"10-210-05-muhlteich-in-zwintschona";"10-210-05";"Mühlteich in Zwintschöna";"Saalekreis";"review";"0.888";"locality-water-review";"51.4499103";"12.0488239";"Zwintschöna";"";"0.31";""
"10-210-06-kiesgrube-rockendorf-bei-hohenweiden";"10-210-06";"Kiesgrube Rockendorf bei Hohenweiden";"Saalekreis";"unmatched";"";"";"";"";"Hohenweiden";"";"";""
"10-210-07-kiesgrube-in-ropzig";"10-210-07";"Kiesgrube in Röpzig";"Saalekreis";"unmatched";"";"";"";"";"Röpzig";"";"";""
"10-210-08-wallendorfer-see-aktuelle";"10-210-08";"Wallendorfer See - Aktuelle";"Saalekreis";"unmatched";"";"";"";"";"";"";"";""
"10-210-09-muhlgraben-von-saalealtarm-hohen";"10-210-09";"Mühlgraben von Saalealtarm Hohen-";"Saalekreis";"review";"0.936";"locality-water-review";"51.5665958";"12.0665883";"Hohen-";"";"0.03";""
"10-210-10-dorfteich-plonitz";"10-210-10";"Dorfteich Plößnitz";"Saalekreis";"review";"0.912";"locality-water-review";"51.5348193";"12.0593357";"Plößnitz";"";"0.17";""
"10-210-11-dorfteich-hohenthurm";"10-210-11";"Dorfteich Hohenthurm";"Saalekreis";"unmatched";"";"";"";"";"Hohenthurm";"";"";""
"10-290-01-teiche-in-zscherneddel";"10-290-01";"Teiche in Zscherneddel";"Saalekreis";"review";"0.928";"locality-water-review";"51.346784";"12.1151484";"Zscherneddel";"";"0.07";""
"10-290-03-krugs-teich-in-schafstadt";"10-290-03";"Krugs Teich in Schafstädt";"Saalekreis";"review";"0.925";"locality-water-review";"51.3828756";"11.7752528";"Schafstädt";"";"0.09";""
"10-290-05-gr-und-kl-muhlteich-schkopau";"10-290-05";"Gr. und Kl. Mühlteich Schkopau";"Saalekreis";"unmatched";"";"";"";"";"Schkopau";"";"";""
"10-290-06-parkteich-in-braunsbedra";"10-290-06";"Parkteich in Braunsbedra";"Saalekreis";"review";"0.79";"locality-water-review";"51.2887039";"11.8746476";"Braunsbedra";"";"0.92";""
"10-290-08-dorfteich-zollschen";"10-290-08";"Dorfteich Zöllschen";"Saalekreis";"unmatched";"";"";"";"";"Zöllschen";"";"";""
"10-290-09-groes-kohlenloch-bei-tollwitz";"10-290-09";"Großes Kohlenloch bei Tollwitz";"Saalekreis";"unmatched";"";"";"";"";"Tollwitz";"";"";""
"10-290-10-kleines-kohlenloch-bei-tollwitz";"10-290-10";"Kleines Kohlenloch bei Tollwitz";"Saalekreis";"review";"0.895";"locality-water-review";"51.2783797";"12.1074995";"Tollwitz";"";"0.27";""
"10-290-11-pfutze-bei-tollwitz";"10-290-11";"Pfütze bei Tollwitz";"Saalekreis";"review";"0.895";"locality-water-review";"51.2783797";"12.1074995";"Tollwitz";"";"0.27";""
"10-290-12-herrenteich-bei-tollwitz";"10-290-12";"Herrenteich bei Tollwitz";"Saalekreis";"review";"0.904";"locality-water-review";"51.2774349";"12.1020256";"Tollwitz";"Herrenteich";"0.63";""
"10-290-13-saale-leipzig-kanal";"10-290-13";"Saale-Leipzig-Kanal";"Saalekreis";"unmatched";"";"";"";"";"";"";"";""
"10-290-14-saale-im-altkreis-merseburg";"10-290-14";"Saale im Altkreis Merseburg";"Saalekreis";"review";"0.844";"locality-water-review";"51.3592592";"12.0032226";"Merseburg";"";"0.58";""
"10-290-16-kanal-wusteneutsch-km-1-32-1-62";"10-290-16";"Kanal Wüsteneutsch km 1, 32 - 1, 62";"Saalekreis";"review";"0.758";"locality-water-review";"51.5180425";"12.0827055";"1, 62";"";"1.11";""
"10-290-17-schenkteich-in-zweimen";"10-290-17";"Schenkteich in Zweimen";"Saalekreis";"unmatched";"";"";"";"";"Zweimen";"";"";""
"10-290-18-hirtenteich-in-zweimen";"10-290-18";"Hirtenteich in Zweimen";"Saalekreis";"review";"0.885";"locality-water-review";"51.3546752";"12.1372834";"Zweimen";"";"0.33";""
"10-290-19-schloteich-dolkau";"10-290-19";"Schloßteich Dölkau";"Saalekreis";"review";"0.893";"locality-water-review";"51.3629068";"12.1507059";"Dölkau";"";"0.29";""
"10-290-20-kuhteich-feldsee-bei-wallendorf";"10-290-20";"Kuhteich (Feldsee) bei Wallendorf";"Saalekreis";"unmatched";"";"";"";"";"Wallendorf";"";"";""
"10-290-21-klia-vom-ablauf-gotthardsteich";"10-290-21";"Klia vom Ablauf Gotthardsteich";"Saalekreis";"review";"0.866";"locality-water-review";"51.2987801";"12.0688659";"die Saale";"";"0.45";""
"10-290-23-luppe-von-landesgrenze-sachsen";"10-290-23";"Luppe von Landesgrenze Sachsen";"Saalekreis";"review";"0.851";"locality-water-review";"51.6963947";"11.2059699";"Landesgrenze Sachsen";"";"1.16";""
"10-290-24-weie-elster-von-landesgrenze-sachsen";"10-290-24";"Weiße Elster von Landesgrenze Sachsen";"Saalekreis";"review";"0.851";"locality-water-review";"51.6963947";"11.2059699";"Landesgrenze Sachsen";"";"1.16";""
"10-290-25-umgehungskanal-merseburg";"10-290-25";"Umgehungskanal Merseburg";"Saalekreis";"review";"0.844";"locality-water-review";"51.3592592";"12.0032226";"Merseburg";"";"0.58";""
"10-290-26-saalealtarm-leuna";"10-290-26";"Saalealtarm Leuna";"Saalekreis";"review";"0.848";"locality-water-review";"51.3321433";"12.0140891";"Leuna";"";"1.21";""
"10-290-28-vorderer-und-hinterer-gotthardsteich";"10-290-28";"Vorderer und Hinterer Gotthardsteich";"Saalekreis";"unmatched";"";"";"";"";"";"";"";""
"10-290-29-grokaynaer-see-sudteil-nsg";"10-290-29";"Großkaynaer See – Südteil NSG!";"Saalekreis";"unmatched";"";"";"";"";"NSG!";"";"";""
"10-290-32-schachtteich-milzau";"10-290-32";"Schachtteich Milzau";"Saalekreis";"review";"0.908";"locality-water-review";"51.3758149";"11.9017413";"Milzau";"";"0.2";""
"10-290-34-spitzteich-zweimen";"10-290-34";"Spitzteich Zweimen";"Saalekreis";"review";"0.885";"locality-water-review";"51.3546752";"12.1372834";"Zweimen";"";"0.33";""
"10-290-35-gr-teich-wolkau";"10-290-35";"Gr.Teich Wölkau";"Saalekreis";"review";"0.908";"locality-water-review";"51.3147388";"12.0581388";"Wölkau";"";"0.19";""
"10-290-36-dorfteich-oebles-schlechtewitz";"10-290-36";"Dorfteich Oebles-Schlechtewitz";"Saalekreis";"unmatched";"";"";"";"";"Oebles-Schlechtewitz";"";"";""
"10-290-38-teich-1-schladebach";"10-290-38";"Teich 1 Schladebach";"Saalekreis";"unmatched";"";"";"";"";"";"";"";""
"10-290-39-teich-1-witzschkersdorf";"10-290-39";"Teich 1 Witzschkersdorf";"Saalekreis";"unmatched";"";"";"";"";"";"";"";""
"10-290-41-muhlholz-kotzschau";"10-290-41";"Mühlholz Kötzschau";"Saalekreis";"review";"0.893";"locality-water-review";"51.3138163";"12.1178613";"Kötzschau";"";"0.28";""
"10-290-42-schaferteich-kotzschau";"10-290-42";"Schäferteich Kötzschau";"Saalekreis";"review";"0.893";"locality-water-review";"51.3138163";"12.1178613";"Kötzschau";"";"0.28";""
"10-290-43-teich-1-kotzschau";"10-290-43";"Teich 1 Kötzschau";"Saalekreis";"review";"0.893";"locality-water-review";"51.3138163";"12.1178613";"1 Kötzschau";"";"0.28";""
"10-290-44-teich-in-thalschutz";"10-290-44";"Teich in Thalschütz";"Saalekreis";"review";"0.922";"locality-water-review";"51.2955783";"12.1304009";"Thalschütz";"";"0.11";""
"10-290-45-teich-in-rampitz";"10-290-45";"Teich in Rampitz";"Saalekreis";"unmatched";"";"";"";"";"Rampitz";"";"";""
"10-290-46-teich-in-gohren";"10-290-46";"Teich in Göhren";"Saalekreis";"review";"0.917";"locality-water-review";"51.3546752";"12.1372834";"Göhren";"";"0.14";""
"10-290-47-ranitzer-see-nordteil";"10-290-47";"Raßnitzer See (Nordteil)";"Saalekreis";"unmatched";"";"";"";"";"(Nordteil)";"";"";""
"10-290-48-malerteich-in-gunthersdorf";"10-290-48";"Malerteich in Günthersdorf";"Saalekreis";"review";"0.906";"locality-water-review";"51.337113";"12.180005";"Günthersdorf";"";"0.21";""
"10-290-49-dorfteich-krollwitz";"10-290-49";"Dorfteich Kröllwitz";"Saalekreis";"unmatched";"";"";"";"";"Kröllwitz";"";"";""
"10-290-50-staubecken-tollwitz";"10-290-50";"Staubecken Tollwitz";"Saalekreis";"review";"0.895";"locality-water-review";"51.2783797";"12.1074995";"Tollwitz";"";"0.27";""
"10-290-51-brauhausteich-schkopau";"10-290-51";"Brauhausteich Schkopau";"Saalekreis";"review";"0.917";"locality-water-review";"51.389565";"11.9837609";"Schkopau";"";"0.14";""
"10-290-52-geiseltalsee-teilflache";"10-290-52";"Geiseltalsee (Teilfläche)";"Saalekreis";"unmatched";"";"";"";"";"";"";"";""
"10-290-53-kiessee-1-wallendorf";"10-290-53";"Kiessee 1 Wallendorf";"Saalekreis";"review";"0.915";"locality-water-review";"51.3551805";"12.0840786";"1 Wallendorf";"";"0.15";""
"10-290-54-kiessee-wallendorf-sudl-gastrasse";"10-290-54";"Kiessee Wallendorf südl. Gastrasse";"Saalekreis";"unmatched";"";"";"";"";"Gastrasse";"";"";""
"10-290-55-kiessee-2-wallendorf";"10-290-55";"Kiessee 2 Wallendorf";"Saalekreis";"review";"0.915";"locality-water-review";"51.3551805";"12.0840786";"2 Wallendorf";"";"0.15";""
"10-290-56-barfuteich-bad-durrenberg";"10-290-56";"Barfußteich Bad Dürrenberg";"Saalekreis";"review";"0.907";"locality-water-review";"51.2987801";"12.0688659";"Bad Dürrenberg";"";"0.2";""
"10-290-57-ockendorfer-teich-leuna";"10-290-57";"Ockendorfer Teich Leuna";"Saalekreis";"review";"0.854";"locality-water-review";"51.3269353";"12.0291405";"Leuna";"";"0.52";""
"10-351-01-froschteich-farnstadt";"10-351-01";"Froschteich Farnstädt";"Saalekreis";"unmatched";"";"";"";"";"Farnstädt";"";"";""
"10-351-02-hofeteich-farnstadt";"10-351-02";"Hofeteich Farnstädt";"Saalekreis";"unmatched";"";"";"";"";"Farnstädt";"";"";""
"10-352-01-naturstrandbad-bei-obhausen-kopie-vom-a-bl-h-k-pl-ro-s-z-20-00-fs-und-fes-sichtbar-im-auto-auslegen";"10-352-01";"Naturstrandbad bei Obhausen Kopie vom A, Bl, H, K, Pl, Ro,S, Z 20,00 FS und FES sichtbar im Auto auslegen";"Saalekreis";"unmatched";"";"";"";"";"";"";"";""
"10-352-02-teich-thalgarten-in-querfurt";"10-352-02";"Teich Thalgarten in Querfurt";"Saalekreis";"review";"0.791";"locality-water-review";"51.3821953";"11.6092281";"Querfurt";"";"0.91";""
"10-353-02-langer-teich-in-landgrafroda";"10-353-02";"Langer Teich in Landgrafroda";"Saalekreis";"review";"0.918";"locality-water-review";"51.3512116";"11.4287773";"Landgrafroda";"";"0.14";""
"10-353-03-schmoner-stausee";"10-353-03";"Schmoner Stausee";"Saalekreis";"unmatched";"";"";"";"";"";"";"";""
"10-353-04-muhlenteich-in-schmon";"10-353-04";"Mühlenteich in Schmon";"Saalekreis";"unmatched";"";"";"";"";"Schmon";"";"";""
"10-353-05-backerteich-landgrafroda";"10-353-05";"Bäckerteich Landgrafroda";"Saalekreis";"review";"0.918";"locality-water-review";"51.3512116";"11.4287773";"Landgrafroda";"";"0.14";""
"10-370-01-rosts-loch-in-lieskau";"10-370-01";"Rost‘s Loch in Lieskau";"Saalekreis";"review";"0.875";"locality-water-review";"51.5008778";"11.8448777";"Lieskau";"";"0.39";""
"10-370-02-grundel-teich-bei-teutschenthal";"10-370-02";"Gründel Teich bei Teutschenthal";"Saalekreis";"review";"0.842";"locality-water-review";"51.4496079";"11.8085724";"Teutschenthal";"";"0.6";""
"10-370-03-steinbruch-am-gutzer-berg-bei-landsberg-a-b-h-k-pl-ro-s-3-20";"10-370-03";"Steinbruch am Gützer Berg bei Landsberg A, B, H, K, Pl, Ro, S 3,20";"Saalekreis";"unmatched";"";"";"";"";"Landsberg A";"";"";""
"10-370-04-schmiedern-am-gutzer-berg";"10-370-04";"Schmiedern am Gützer Berg";"Saalekreis";"review";"0.837";"locality-water-review";"51.5307052";"12.1595916";"Landsberg";"";"0.62";""
"10-370-05-obere-steinbreite-bei-brachwitz";"10-370-05";"Obere Steinbreite bei Brachwitz";"Saalekreis";"review";"0.825";"locality-water-review";"51.5392813";"11.8829435";"Brachwitz";"";"0.7";""
"10-370-06-steinbruche-am-spitzberg-bei-landsberg-b-bl-k-pl-ro-0-85";"10-370-06";"Steinbrüche am Spitzberg bei Landsberg B, Bl, K, Pl, Ro 0,85";"Saalekreis";"review";"0.837";"locality-water-review";"51.5307052";"12.1595916";"Landsberg B";"";"0.62";""
"10-370-07-ihlau-bei-wettin";"10-370-07";"Ihlau bei Wettin";"Saalekreis";"unmatched";"";"";"";"";"Wettin";"";"";""
"10-370-09-steinbruch-bei-niemberg";"10-370-09";"Steinbruch bei Niemberg";"Saalekreis";"unmatched";"";"";"";"";"Niemberg";"";"";""
"10-370-10-lauterbachsloch-ii-bei-gimritz";"10-370-10";"Lauterbachsloch II bei Gimritz";"Saalekreis";"unmatched";"";"";"";"";"Gimritz";"";"";""
"10-370-11-tonloch-bei-teicha";"10-370-11";"Tonloch bei Teicha";"Saalekreis";"unmatched";"";"";"";"";"";"";"";""
"10-370-12-blaues-tonloch-bei-salzmunde";"10-370-12";"Blaues Tonloch bei Salzmünde";"Saalekreis";"unmatched";"";"";"";"";"Salzmünde";"";"";""
"10-370-13-vorderer-schacht-bei-dollnitz";"10-370-13";"Vorderer Schacht bei Döllnitz";"Saalekreis";"review";"0.864";"locality-water-review";"51.4061681";"12.0224734";"Döllnitz";"";"0.46";""
"10-370-14-pappelgrund-bei-teutschenthal";"10-370-14";"Pappelgrund bei Teutschenthal";"Saalekreis";"review";"0.842";"locality-water-review";"51.4496079";"11.8085724";"Teutschenthal";"";"0.6";""
"10-370-16-erlengrund-bei-teutschenthal";"10-370-16";"Erlengrund bei Teutschenthal";"Saalekreis";"review";"0.842";"locality-water-review";"51.4496079";"11.8085724";"Teutschenthal";"";"0.6";""
"10-370-17-saale-vom-trompeterfelsen";"10-370-17";"Saale vom Trompeterfelsen";"Saalekreis";"review";"0.801";"locality-water-review";"51.5361035";"11.8978799";"Trompeterfelsen";"";"0.85";""
"10-370-18-gewasser-an-der-seilbahn-i";"10-370-18";"Gewässer an der Seilbahn I";"Saalekreis";"review";"0.879";"locality-water-review";"51.5473413";"11.906682";"Morl";"";"0.37";""
"10-370-20-saalealtarm-dobis-nsg-beachten";"10-370-20";"Saalealtarm Dobis – NSG beachten-";"Saalekreis";"unmatched";"";"";"";"";"";"";"";""
"10-370-21-salza-von-straenbrucke-wansleben";"10-370-21";"Salza von Straßenbrücke Wansleben/";"Saalekreis";"unmatched";"";"";"";"";"Wansleben/";"";"";""
"10-370-22-kiestagebau-bei-plotz";"10-370-22";"Kiestagebau bei Plötz";"Saalekreis";"unmatched";"";"";"";"";"Plötz";"";"";""
"10-370-23-2-dorfteiche-in-niemberg";"10-370-23";"2 Dorfteiche in Niemberg";"Saalekreis";"review";"0.877";"locality-water-review";"51.5578506";"12.1031993";"Niemberg";"";"0.38";""
"10-370-25-tonloch-morl";"10-370-25";"Tonloch Morl";"Saalekreis";"review";"0.879";"locality-water-review";"51.5473413";"11.906682";"Morl";"";"0.37";""
"10-370-26-2-teiche-im-ot-hohen";"10-370-26";"2 Teiche im OT Hohen";"Saalekreis";"unmatched";"";"";"";"";"Hohen";"";"";""
"10-370-27-saalealtarm-stollen-wettin";"10-370-27";"Saalealtarm Stollen Wettin";"Saalekreis";"unmatched";"";"";"";"";"Wettin";"";"";""
"10-370-28-kaolingrube-gutenberg";"10-370-28";"Kaolingrube Gutenberg";"Saalekreis";"review";"0.76";"locality-water-review";"51.5404715";"11.9620324";"Gutenberg";"";"1.1";""
"10-370-29-westenteiche-brachstedt";"10-370-29";"Westenteiche Brachstedt";"Saalekreis";"unmatched";"";"";"";"";"Brachstedt";"";"";""
"10-370-30-dorfteich-nauendorf";"10-370-30";"Dorfteich Nauendorf";"Saalekreis";"unmatched";"";"";"";"";"Nauendorf";"";"";""
"10-370-31-parkteiche-ostrau";"10-370-31";"Parkteiche Ostrau";"Saalekreis";"unmatched";"";"";"";"";"Ostrau";"";"";""
"10-370-32-steinbruch-ostrau";"10-370-32";"Steinbruch Ostrau";"Saalekreis";"review";"0.886";"locality-water-review";"51.6200395";"12.0124822";"Ostrau";"";"0.33";""
"10-370-33-seilbahn-iii-u-ii-bei-morl";"10-370-33";"Seilbahn III u. II bei Morl";"Saalekreis";"review";"0.879";"locality-water-review";"51.5473413";"11.906682";"Morl";"";"0.37";""
"10-370-38-dorfteich-schwerz";"10-370-38";"Dorfteich Schwerz";"Saalekreis";"unmatched";"";"";"";"";"Schwerz";"";"";""
"10-370-39-dorfteich-dammendorf";"10-370-39";"Dorfteich Dammendorf";"Saalekreis";"unmatched";"";"";"";"";"Dammendorf";"";"";""
"10-370-40-teich-im-industriegebiet-sietzsch";"10-370-40";"Teich im Industriegebiet Sietzsch";"Saalekreis";"unmatched";"";"";"";"";"Sietzsch";"";"";""
"10-370-41-dorfteich-lohnsdorf";"10-370-41";"Dorfteich Lohnsdorf";"Saalekreis";"review";"0.924";"locality-water-review";"51.4987534";"12.1713851";"Lohnsdorf";"";"0.1";""
"10-370-44-teiche-am-wasserwerk";"10-370-44";"Teiche am Wasserwerk";"Saalekreis";"unmatched";"";"";"";"";"Wasserwerk";"";"";""
"10-370-45-teich-am-rodelberg";"10-370-45";"Teich am Rodelberg";"Saalekreis";"review";"0.928";"locality-water-review";"51.7971634";"12.2597306";"Rodelberg";"";"0.07";""
"10-370-46-dorfteich-sietzsch";"10-370-46";"Dorfteich Sietzsch";"Saalekreis";"review";"0.862";"locality-water-review";"51.481308";"12.164922";"Sietzsch";"";"0.48";""
"10-370-48-muller-s-loch-lieskau";"10-370-48";"Müller´s Loch Lieskau";"Saalekreis";"unmatched";"";"";"";"";"Loch Lieskau";"";"";""
"10-370-49-goethebruch-petersberg";"10-370-49";"Goethebruch Petersberg";"Saalekreis";"unmatched";"";"";"";"";"Goethebruch Petersberg";"";"";""
"10-370-51-napresse-dollnitz";"10-370-51";"Naßpresse Döllnitz";"Saalekreis";"review";"0.854";"locality-water-review";"51.4088558";"12.0483502";"Naßpresse Döllnitz";"";"0.52";""
"10-370-52-entenfang-bei-langenbogen";"10-370-52";"Entenfang bei Langenbogen";"Saalekreis";"review";"0.838";"locality-water-review";"51.4848343";"11.7610091";"Langenbogen";"";"0.62";""
"10-370-54-webersche-sandgrube-beidersee";"10-370-54";"Webersche Sandgrube Beidersee";"Saalekreis";"unmatched";"";"";"";"";"";"";"";""
"10-371-01-muhlteich-krosigk";"10-371-01";"Mühlteich Krosigk";"Saalekreis";"unmatched";"";"";"";"";"Krosigk";"";"";""
"11-240-02-auensee-bei-granschutz";"11-240-02";"Auensee bei Granschütz";"Burgenlandkreis";"unmatched";"";"";"";"";"Granschütz";"";"";""
"11-240-03-vollert-bei-trebnitz";"11-240-03";"Vollert bei Trebnitz";"Burgenlandkreis";"review";"0.834";"locality-water-review";"51.0932918";"12.0750421";"Trebnitz";"";"0.64";""
"11-240-04-restloch-tornau";"11-240-04";"Restloch Tornau";"Burgenlandkreis";"review";"0.838";"locality-water-review";"51.1905176";"12.1483066";"Tornau";"";"0.62";""
"11-240-05-klarteich-taucha";"11-240-05";"Klärteich Taucha";"Burgenlandkreis";"unmatched";"";"";"";"";"Taucha";"";"";""
"11-240-06-feuerloschteich-gerstewitz";"11-240-06";"Feuerlöschteich Gerstewitz";"Burgenlandkreis";"review";"0.806";"locality-water-review";"51.1920387";"12.0228088";"Gerstewitz";"";"0.81";""
"11-241-02-mondsee-pirkau-bei-hohenmolsen";"11-241-02";"Mondsee Pirkau bei Hohenmölsen";"Burgenlandkreis";"review";"0.845";"locality-water-review";"51.1528562";"12.1022227";"Hohenmölsen";"";"0.58";""
"11-241-04-eisensee-bei-hohenmolsen";"11-241-04";"Eisensee bei Hohenmölsen";"Burgenlandkreis";"review";"0.845";"locality-water-review";"51.1528562";"12.1022227";"Hohenmölsen";"";"0.58";""
"11-241-05-an-der-einheit-bei-grimma";"11-241-05";"An der Einheit bei Grimma";"Burgenlandkreis";"unmatched";"";"";"";"";"";"";"";""
"11-241-06-tagebaurestloch-kamerad-bei-dobris";"11-241-06";"Tagebaurestloch Kamerad bei Döbris";"Burgenlandkreis";"unmatched";"";"";"";"";"Döbris";"";"";""
"11-300-01-parkteich-zu-grojena";"11-300-01";"Parkteich zu Großjena";"Burgenlandkreis";"review";"0.914";"locality-water-review";"51.1881542";"11.7884486";"zu Großjena";"";"0.16";""
"11-300-02-baggerteich-in-naumburg";"11-300-02";"Baggerteich in Naumburg";"Burgenlandkreis";"review";"0.881";"locality-water-review";"51.1557146";"11.8088372";"Naumburg";"";"0.36";""
"11-300-03-grubenteich-bei-neidschutz";"11-300-03";"Grubenteich bei Neidschütz";"Burgenlandkreis";"unmatched";"";"";"";"";"Neidschütz";"";"";""
"11-300-04-schloteich-klosterhaseler";"11-300-04";"Schloßteich Klosterhäseler";"Burgenlandkreis";"review";"0.903";"locality-water-review";"51.161763";"11.6122073";"Klosterhäseler";"";"0.23";""
"11-300-06-saale-von-landesgrenze-thuringen";"11-300-06";"Saale von Landesgrenze Thüringen";"Burgenlandkreis";"review";"0.906";"locality-water-review";"51.1395134";"11.7229625";"Thüringen";"";"0.21";""
"11-300-07-kl-saale-v-bad-kosen-b-almrich";"11-300-07";"Kl. Saale v. Bad Kösen b. Almrich";"Burgenlandkreis";"unmatched";"";"";"";"";"b. Almrich";"";"";""
"11-300-08-herren-und-bauernteich-in";"11-300-08";"Herren- und Bauernteich in";"Burgenlandkreis";"review";"0.895";"locality-water-review";"51.2097205";"11.7686241";"in";"";"0.27";""
"11-310-01-unstrutaltarm-bei-memleben";"11-310-01";"Unstrutaltarm bei Memleben/";"Burgenlandkreis";"unmatched";"";"";"";"";"Memleben/";"";"";""
"11-310-03-restarm-der-unstrut-unter-der-katzel";"11-310-03";"Restarm der Unstrut unter der Katzel";"Burgenlandkreis";"review";"0.803";"locality-water-review";"51.2957359";"11.6112561";"Reinsdorf";"";"0.84";""
"11-310-04-unstrutflutkanal-von-landesgrenze";"11-310-04";"Unstrutflutkanal von Landesgrenze";"Burgenlandkreis";"unmatched";"";"";"";"";"die Unstrut";"";"";""
"11-310-06-weie-grube-altenroda";"11-310-06";"Weiße Grube Altenroda";"Burgenlandkreis";"unmatched";"";"";"";"";"Altenroda";"";"";""
"11-440-01-tagebaurestloch-bei-gostau";"11-440-01";"Tagebaurestloch bei Gostau";"Burgenlandkreis";"review";"0.8";"locality-water-review";"51.2353894";"12.1158912";"Gostau";"";"1.82";""
"11-440-02-saale-von-eisenbahnbrucke-bei-eulau";"11-440-02";"Saale von Eisenbahnbrücke bei Eulau";"Burgenlandkreis";"review";"0.892";"locality-water-review";"51.1825493";"11.8561033";"Eulau";"";"0.29";""
"11-440-03-teich-im-rieth-schkortleben";"11-440-03";"Teich im Rieth Schkortleben";"Burgenlandkreis";"unmatched";"";"";"";"";"Schkortleben";"";"";""
"11-440-04-wiesenteich-losau";"11-440-04";"Wiesenteich Lösau";"Burgenlandkreis";"review";"0.896";"locality-water-review";"51.2267635";"12.0275276";"Lösau";"";"0.27";""
"11-440-05-alter-saalearm-uichteritz";"11-440-05";"Alter Saalearm Uichteritz";"Burgenlandkreis";"review";"0.771";"locality-water-review";"51.1844322";"11.9072087";"Saalearm Uichteritz";"";"1.03";""
"11-441-01-meuchener-teich";"11-441-01";"Meuchener Teich";"Burgenlandkreis";"unmatched";"";"";"";"";"";"";"";""
"11-443-01-saale-von-kleinkorbetha-bis-einlauf";"11-443-01";"Saale von Kleinkorbetha bis Einlauf";"Burgenlandkreis";"unmatched";"";"";"";"";"";"";"";""
"11-443-02-alte-saale-tebnitz-nsg-beachten";"11-443-02";"Alte Saale Tebnitz – NSG beachten!";"Burgenlandkreis";"unmatched";"";"";"";"";"";"";"";""
"11-480-01-rohmsdorfer-teich";"11-480-01";"Rohmsdorfer Teich";"Burgenlandkreis";"unmatched";"";"";"";"";"";"";"";""
"11-480-03-neuer-teich-in-meineweh";"11-480-03";"Neuer Teich in Meineweh";"Burgenlandkreis";"review";"0.926";"locality-water-review";"51.0761794";"11.9895613";"Meineweh";"";"0.09";""
"11-480-04-weie-elster-im-kreisgebiet";"11-480-04";"Weiße Elster im Kreisgebiet";"Burgenlandkreis";"unmatched";"";"";"";"";"";"";"";""
"11-480-05-strandbad-kretzschau";"11-480-05";"Strandbad Kretzschau";"Burgenlandkreis";"review";"0.883";"locality-water-review";"51.0630442";"12.0825969";"Strandbad Kretzschau";"";"0.35";""
"11-480-06-kaynaer-teiche";"11-480-06";"Kaynaer Teiche";"Burgenlandkreis";"unmatched";"";"";"";"";"";"";"";""
"11-480-07-weickelsdorfer-teich";"11-480-07";"Weickelsdorfer Teich";"Burgenlandkreis";"unmatched";"";"";"";"";"";"";"";""
"11-480-08-parkteich-hollsteitz";"11-480-08";"Parkteich Hollsteitz";"Burgenlandkreis";"unmatched";"";"";"";"";"Hollsteitz";"";"";""
"11-480-09-phonix-nord";"11-480-09";"Phönix Nord";"Burgenlandkreis";"review";"0.835";"locality-water-review";"51.0784786";"12.2595029";"Phönix Nord";"";"0.64";""
"11-480-10-inselteich-thierbach";"11-480-10";"Inselteich Thierbach";"Burgenlandkreis";"unmatched";"";"";"";"";"";"";"";""
"11-480-11-neue-sorge-luckenau";"11-480-11";"Neue Sorge Luckenau";"Burgenlandkreis";"review";"0.93";"locality-water-review";"51.0849591";"12.0697994";"Luckenau";"";"0.06";""
"11-480-12-alter-elsterarm-profen";"11-480-12";"Alter Elsterarm Profen";"Burgenlandkreis";"unmatched";"";"";"";"";"Elsterarm Profen";"";"";""
"11-480-13-revierparkteich-profen";"11-480-13";"Revierparkteich Profen";"Burgenlandkreis";"review";"0.924";"locality-water-review";"51.1269549";"12.2176128";"Profen";"";"0.09";""
"11-480-14-elstermuhlgraben-elsteraue";"11-480-14";"Elstermühlgraben Elsteraue";"Burgenlandkreis";"unmatched";"";"";"";"";"Elsteraue";"";"";""
"11-480-15-elstermuhlgraben-zeitz";"11-480-15";"Elstermühlgraben Zeitz";"Burgenlandkreis";"review";"0.827";"locality-water-review";"51.0384331";"12.1473494";"Zeitz";"";"1.47";""
"11-480-17-elstermuhlgraben";"11-480-17";"Elstermühlgraben";"Burgenlandkreis";"unmatched";"";"";"";"";"";"";"";""
"11-480-18-hasselteich-droyig";"11-480-18";"Hasselteich Droyßig";"Burgenlandkreis";"review";"0.913";"locality-water-review";"51.0427356";"12.0259026";"Droyßig";"";"0.17";""
"11-480-19-teich-in-altgroitzschen";"11-480-19";"Teich in Altgroitzschen";"Burgenlandkreis";"unmatched";"";"";"";"";"";"";"";""
"11-480-20-wal-in-gobitz";"11-480-20";"Wal in Göbitz";"Burgenlandkreis";"review";"0.935";"locality-water-review";"51.0852901";"12.1850361";"Göbitz";"";"0.03";""
"11-482-01-hainbergsee-sachsen-anhalt-bereich-a-b-h-k-s-z-6-30";"11-482-01";"Hainbergsee (Sachsen-Anhalt-Bereich) A, B, H, K, S, Z 6,30";"Burgenlandkreis";"review";"0.865";"locality-water-review";"51.4784373";"11.8854531";"Z 6,30";"";"0.46";""
"11-482-02-muhlgraben-wetterzeube";"11-482-02";"Mühlgraben Wetterzeube";"Burgenlandkreis";"review";"0.87";"locality-water-review";"51.0096261";"12.0181537";"Wetterzeube";"";"0.43";""
"11-482-03-muhlgraben-gobitz-ostrau";"11-482-03";"Mühlgraben Göbitz-Ostrau";"Burgenlandkreis";"unmatched";"";"";"";"";"";"";"";""
"11-482-04-grasteich-spora";"11-482-04";"Grasteich Spora";"Burgenlandkreis";"review";"0.878";"locality-water-review";"51.027054";"12.26299";"Spora";"";"0.38";""
"11-482-05-flograben-von-lg-thuringen-bis";"11-482-05";"Floßgraben von LG Thüringen bis";"Burgenlandkreis";"review";"0.784";"locality-water-review";"51.6571329";"12.3058934";"bis";"";"0.95";""
"12-140-01-scholitzer-see-und-hintersee";"12-140-01";"Scholitzer See und Hintersee";"Dessau-Roßlau";"unmatched";"";"";"";"";"";"";"";""
"12-140-02-diepold";"12-140-02";"Diepold";"Dessau-Roßlau";"unmatched";"";"";"";"";"";"";"";""
"12-140-03-lorkteich-goer-lork";"12-140-03";"Lorkteich (Goßer Lork)";"Dessau-Roßlau";"unmatched";"";"";"";"";"Lork)";"";"";""
"12-140-04-stillinge-nord";"12-140-04";"Stillinge Nord";"Dessau-Roßlau";"review";"0.924";"locality-water-review";"51.9081688";"12.2480566";"Schwimmbad";"";"0.1";""
"12-140-05-rehsumpf";"12-140-05";"Rehsumpf";"Dessau-Roßlau";"review";"0.864";"locality-water-review";"51.8509086";"12.2699735";"Tiergarten";"";"0.46";""
"12-140-06-wallwitzsee-im-beckerbruch-sudseite-a-bl-h-k-pl-ro-z-4-00";"12-140-06";"Wallwitzsee im Beckerbruch –Südseite- A, Bl, H, K, Pl, Ro, Z 4,00";"Dessau-Roßlau";"unmatched";"";"";"";"";"4,00";"";"";""
"12-140-07-mulde-von-ca-150-m-unterhalb-abzweig-a-b-bl-d-h-pl-20-00-jonitzer-mulde-bis-tiergartenbrucke-und-q-z-von-unterhalb-brucke-b185-bis-250m-oberhalb-einmundung-jonitzer-mulde-und-von-einmundung-lorkgraben-bis-tannenhagerbrucke-sowie-jonitzer-mulde-von-abzweig-aus-der-mulde-bis-oberhalb-brucke-jonitzer-muhle";"12-140-07";"Mulde von ca. 150 m unterhalb Abzweig A, B, Bl, D, H, Pl, 20,00 Jonitzer Mulde bis Tiergartenbrücke und Q, Z von unterhalb Brücke B185 bis 250m oberhalb Einmündung Jonitzer Mulde und von Einmündung Lorkgraben bis Tannenhägerbrücke sowie Jonitzer Mulde von Abzweig aus der Mulde bis oberhalb Brücke Jonitzer Mühle";"Dessau-Roßlau";"review";"0.923";"locality-water-review";"51.8372597";"12.2666661";"Jonitzer Mühle";"";"0.1";""
"12-140-08-peisker-an-der-strae-zum-ot-rolau";"12-140-08";"Peisker an der Straße zum OT Roßlau";"Dessau-Roßlau";"review";"0.869";"locality-water-review";"51.8844454";"12.2422782";"Roßlau";"";"0.43";""
"12-140-09-fahrsee-an-der-strae-zum-ot-rolau";"12-140-09";"Fährsee an der Straße zum OT Roßlau";"Dessau-Roßlau";"review";"0.869";"locality-water-review";"51.8844454";"12.2422782";"Roßlau";"";"0.43";""
"12-140-10-die-bach-hofsee-bei-kleutsch";"12-140-10";"Die Bach (Hofsee) bei Kleutsch";"Dessau-Roßlau";"unmatched";"";"";"";"";"Kleutsch";"";"";""
"12-140-11-zoberbergsee-1-im-ot-mosigkau";"12-140-11";"Zoberbergsee 1 im OT Mosigkau";"Dessau-Roßlau";"review";"0.896";"locality-water-review";"51.804734";"12.1514431";"Mosigkau";"";"0.27";""
"12-140-12-zoberbergsee-2-inkl-kleiner-see";"12-140-12";"Zoberbergsee 2 inkl. „Kleiner See“,";"Dessau-Roßlau";"unmatched";"";"";"";"";"";"";"";""
"12-183-01-sollnitzer-see";"12-183-01";"Sollnitzer See";"Dessau-Roßlau";"unmatched";"";"";"";"";"";"";"";""
"12-183-02-kiessandtagebaurestloch-sollnitz-1";"12-183-02";"Kiessandtagebaurestloch Sollnitz 1";"Dessau-Roßlau";"unmatched";"";"";"";"";"Sollnitz 1";"";"";""
"12-183-03-kiessandtagebaurestloch-sollnitz-2";"12-183-03";"Kiessandtagebaurestloch Sollnitz 2";"Dessau-Roßlau";"unmatched";"";"";"";"";"Sollnitz 2";"";"";""
"12-183-03-kiessandtagebaurestloch-sollnitz-3";"12-183-03";"Kiessandtagebaurestloch Sollnitz 3";"Dessau-Roßlau";"review";"0.845";"locality-water-review";"51.7670384";"12.3056969";"Sollnitz 3";"";"0.58";""
"12-360-02-karpfenteich-biethe-im-ot-rolau";"12-360-02";"Karpfenteich Biethe im OT Roßlau";"Dessau-Roßlau";"review";"0.869";"locality-water-review";"51.8844454";"12.2422782";"Roßlau";"";"0.43";""
"13-280-01-neustadter-see-i";"13-280-01";"Neustädter See I";"Magdeburg";"unmatched";"";"";"";"";"";"";"";""
"13-280-02-mittellandkanal-toter-arm";"13-280-02";"Mittellandkanal (Toter Arm)";"Magdeburg";"unmatched";"";"";"";"";"";"";"";""
"13-280-03-rothenseer-verbindungskanal";"13-280-03";"Rothenseer Verbindungskanal";"Magdeburg";"unmatched";"";"";"";"";"";"";"";""
"13-280-04-handelshafen-magdeburg";"13-280-04";"Handelshafen Magdeburg";"Magdeburg";"unmatched";"";"";"";"";"Handelshafen Magdeburg";"";"";""
"13-280-05-industriehafen-magdeburg";"13-280-05";"Industriehafen Magdeburg";"Magdeburg";"unmatched";"";"";"";"";"Industriehafen Magdeburg";"";"";""
"13-280-06-fermersleber-see-salbker-see-ii";"13-280-06";"Fermersleber See (Salbker See II)";"Magdeburg";"unmatched";"";"";"";"";"II)";"";"";""
"13-280-07-neustadter-see-ii-schonstrecke-beachten-a-b-bl-h-k-pl-s-28-00";"13-280-07";"Neustädter See II, Schonstrecke beachten A, B, Bl, H, K, Pl, S 28,00";"Magdeburg";"review";"0.873";"locality-water-review";"51.4784373";"11.8854531";"28,00";"";"0.41";""
"13-280-08-erdkuhle-bei-rothensee";"13-280-08";"Erdkuhle bei Rothensee";"Magdeburg";"unmatched";"";"";"";"";"";"";"";""
"13-280-09-zuwachs-stadtischer-teil";"13-280-09";"Zuwachs, städtischer Teil";"Magdeburg";"review";"0.923";"locality-water-review";"52.0969317";"11.568379";"Teil";"";"0.1";""
"13-280-10-2-baggerlocher-waldseen";"13-280-10";"2 Baggerlöcher (Waldseen)";"Magdeburg";"unmatched";"";"";"";"";"";"";"";""
"13-280-11-dr-gotz-teich";"13-280-11";"Dr.-Götz-Teich";"Magdeburg";"unmatched";"";"";"";"";"";"";"";""
"13-280-12-dreier-kolke-bei-zipkeleben";"13-280-12";"Dreier Kolke bei Zipkeleben";"Magdeburg";"review";"0.905";"locality-water-review";"52.1044068";"11.7066423";"Zipkeleben";"Dreier Kolk";"0.22";""
"13-280-13-else-kolke-bei-zipkeleben";"13-280-13";"Else-Kolke bei Zipkeleben";"Magdeburg";"review";"0.892";"locality-water-review";"52.1053454";"11.7070766";"Zipkeleben";"";"0.29";""
"13-280-14-4-kolke-am-klusdamm";"13-280-14";"4 Kolke am Klusdamm";"Magdeburg";"unmatched";"";"";"";"";"Klusdamm";"";"";""
"13-280-15-prester-see-3-teile";"13-280-15";"Prester See (3 Teile)";"Magdeburg";"review";"0.81";"locality-water-review";"52.1567927";"11.6143314";"Teile)";"";"0.79";""
"13-280-16-kiesbaggerloch-fermersleben";"13-280-16";"Kiesbaggerloch Fermersleben";"Magdeburg";"review";"0.776";"locality-water-review";"52.0998801";"11.6672";"Fermersleben";"";"1";""
"13-280-17-barleber-see-i";"13-280-17";"Barleber See I";"Magdeburg";"unmatched";"";"";"";"";"";"";"";""
"13-280-18-alte-elbe-kreuzhorst";"13-280-18";"Alte Elbe Kreuzhorst";"Magdeburg";"review";"0.767";"locality-water-review";"52.0806166";"11.726241";"Elbe Kreuzhorst";"";"1.05";""
"13-280-19-zipkeleber-see";"13-280-19";"Zipkeleber See";"Magdeburg";"unmatched";"";"";"";"";"";"";"";""
"13-280-20-baggerloch-an-der-sulzewiese";"13-280-20";"Baggerloch an der Sülzewiese";"Magdeburg";"unmatched";"";"";"";"";"der Sülzewiese";"";"";""
"13-280-21-baggerloch-kelterer-bei-rothensee";"13-280-21";"Baggerloch Kelterer bei Rothensee";"Magdeburg";"unmatched";"";"";"";"";"";"";"";""
"13-280-23-elbe-und-alte-elbe";"13-280-23";"Elbe und Alte Elbe";"Magdeburg";"review";"0.865";"locality-water-review";"52.1297774";"11.6441168";"Alte Elbe";"";"0.98";""
"13-280-24-zollelbe-vom-elb-km-325-60-327-40";"13-280-24";"Zollelbe vom Elb-km 325,60 – 327,40";"Magdeburg";"review";"0.78";"locality-water-review";"52.5659531";"11.9753686";"– 327,40";"";"0.97";""
"13-280-25-obere-vorhafen-von-elb-km-330-331-2-b-bl-pl-z-1-20-sudliche-schleusenkammer";"13-280-25";"Obere Vorhäfen von Elb-km 330- 331,2 B, Bl, Pl, Z 1,20 (südliche Schleusenkammer)";"Magdeburg";"unmatched";"";"";"";"";"";"";"";""
"13-280-26-frankenfelder-teich";"13-280-26";"Frankenfelder Teich";"Magdeburg";"unmatched";"";"";"";"";"";"";"";""
"13-280-27-kommandantenteiche";"13-280-27";"Kommandantenteiche";"Magdeburg";"unmatched";"";"";"";"";"";"";"";""
"13-280-28-schleusenkanal-ehem-doppelschleuse";"13-280-28";"Schleusenkanal ehem. Doppelschleuse";"Magdeburg";"unmatched";"";"";"";"";"";"";"";""
"13-280-29-groer-barrosee-teil-1";"13-280-29";"Großer Barrosee (Teil 1)";"Magdeburg";"review";"0.905";"locality-water-review";"51.7062698";"12.4675448";"(Teil 1)";"";"0.21";""
"13-280-30-sternsee-olvenstedt";"13-280-30";"Sternsee Olvenstedt";"Magdeburg";"review";"0.863";"locality-water-review";"52.1538177";"11.5673175";"Olvenstedt";"";"0.47";""
"13-280-31-barrosee-dreieck";"13-280-31";"Barrosee Dreieck";"Magdeburg";"unmatched";"";"";"";"";"Dreieck";"";"";""
"13-280-32-siel-zipkeleben";"13-280-32";"Siel Zipkeleben";"Magdeburg";"review";"0.892";"locality-water-review";"52.1053454";"11.7070766";"Zipkeleben";"";"0.29";""
"13-280-33-ruckhaltebecken-diesdorfer-graseweg";"13-280-33";"Rückhaltebecken Diesdorfer Graseweg";"Magdeburg";"unmatched";"";"";"";"";"Diesdorfer Graseweg";"";"";""
"13-280-34-steinfohr-randau-calenberge";"13-280-34";"Steinföhr Randau-Calenberge";"Magdeburg";"unmatched";"";"";"";"";"Randau-Calenberge";"";"";""
"13-280-35-der-placken-kuhlenhagen";"13-280-35";"Der Placken (Kuhlenhagen)";"Magdeburg";"unmatched";"";"";"";"";"";"";"";""
"13-282-01-hohmann-s-badelauben-kleiner-see";"13-282-01";"Hohmann´s Badelauben - Kleiner See";"Magdeburg";"unmatched";"";"";"";"";"";"";"";""
"13-400-01-wolter-1-und-2-bei-randau";"13-400-01";"Wolter 1 und 2 bei Randau";"Magdeburg";"review";"0.932";"locality-water-review";"52.0620744";"11.7222911";"Randau";"";"0.05";""
"13-400-02-riemer-1-2-und-3-bei-randau";"13-400-02";"Riemer 1, 2 und 3 bei Randau";"Magdeburg";"review";"0.932";"locality-water-review";"52.0620744";"11.7222911";"Randau";"";"0.05";""
"13-400-03-schloteich-in-randau";"13-400-03";"Schloßteich in Randau";"Magdeburg";"review";"0.932";"locality-water-review";"52.0620744";"11.7222911";"Randau";"";"0.05";""
"13-400-04-langer-see-groer-see-bei-randau";"13-400-04";"Langer See (Großer See) bei Randau";"Magdeburg";"review";"0.932";"locality-water-review";"52.0620744";"11.7222911";"Randau";"";"0.05";""
"13-400-05-gelbes-loch-bei-randau";"13-400-05";"Gelbes Loch bei Randau";"Magdeburg";"review";"0.782";"locality-water-review";"52.0806166";"11.726241";"Randau";"";"2.06";""
"13-400-06-alte-elbe-bei-randau-calenberge";"13-400-06";"Alte Elbe bei Randau/Calenberge";"Magdeburg";"review";"0.758";"locality-water-review";"52.0708256";"11.6870362";"Randau/Calenberge";"";"2.38";""
"13-400-07-kiesbaggerloch-bei-randau";"13-400-07";"Kiesbaggerloch bei Randau";"Magdeburg";"review";"0.932";"locality-water-review";"52.0620744";"11.7222911";"Randau";"";"0.05";""
"13-400-08-schwarzer-kruger-bei-randau";"13-400-08";"Schwarzer Krüger bei Randau";"Magdeburg";"review";"0.932";"locality-water-review";"52.0620744";"11.7222911";"Randau";"";"0.05";""
"13-400-09-kaltes-loch-bei-randau";"13-400-09";"Kaltes Loch bei Randau";"Magdeburg";"review";"0.932";"locality-water-review";"52.0620744";"11.7222911";"Randau";"";"0.05";""
"13-400-10-butz-bei-randau";"13-400-10";"Butz bei Randau";"Magdeburg";"review";"0.932";"locality-water-review";"52.0620744";"11.7222911";"Randau";"";"0.05";""
"13-400-11-3-teiche-hinter-der-3-bogenbrucke";"13-400-11";"3 Teiche hinter der 3-Bogenbrücke";"Magdeburg";"review";"0.915";"locality-water-review";"52.083217";"11.7259052";"Pechau";"";"0.15";""
"14-210-01-saalealtarm-hohenweiden";"14-210-01";"Saalealtarm Hohenweiden";"Halle";"unmatched";"";"";"";"";"Hohenweiden";"";"";""
"14-210-02-obere-aue-fkk";"14-210-02";"Obere Aue (FKK)";"Halle";"review";"0.845";"locality-water-review";"51.4829557";"11.8903884";"(FKK)";"";"0.58";""
"14-210-03-kleines-posthorn-rechtsseitig";"14-210-03";"Kleines Posthorn rechtsseitig";"Halle";"unmatched";"";"";"";"";"";"";"";""
"14-210-04-groer-angersdorfer-teich";"14-210-04";"Großer Angersdorfer Teich";"Halle";"unmatched";"";"";"";"";"";"";"";""
"14-210-05-kleiner-angersdorfer-teich";"14-210-05";"Kleiner Angersdorfer Teich";"Halle";"unmatched";"";"";"";"";"";"";"";""
"14-210-06-pfarrteich-seeben";"14-210-06";"Pfarrteich Seeben";"Halle";"unmatched";"";"";"";"";"";"";"";""
"14-210-07-heidesee-in-nietleben";"14-210-07";"Heidesee in Nietleben";"Halle";"review";"0.92";"locality-water-review";"51.4861324";"11.895458";"Nietleben";"Heidesee";"0.45";""
"14-210-08-osendorfer-see";"14-210-08";"Osendorfer See";"Halle";"unmatched";"";"";"";"";"";"";"";""
"14-210-09-kalksteinbruch-in-neustadt";"14-210-09";"Kalksteinbruch in Neustadt";"Halle";"unmatched";"";"";"";"";"Neustadt";"";"";""
"14-210-12-untere-aue-neuer-kanal";"14-210-12";"Untere Aue (Neuer Kanal)";"Halle";"unmatched";"";"";"";"";"";"";"";""
"14-210-13-friedhofsteich-neustadt";"14-210-13";"Friedhofsteich Neustadt";"Halle";"review";"0.787";"locality-water-review";"51.4882195";"11.9257035";"Neustadt";"";"0.93";""
"14-210-14-hufeisensee-in-kanena";"14-210-14";"Hufeisensee in Kanena";"Halle";"unmatched";"";"";"";"";"Kanena";"";"";""
"14-210-15-pulverweidenteich";"14-210-15";"Pulverweidenteich";"Halle";"unmatched";"";"";"";"";"";"";"";""
"14-210-16-saale-von-straenbrucke-b-91";"14-210-16";"Saale von Straßenbrücke B 91";"Halle";"unmatched";"";"";"";"";"B 91";"";"";""
"14-210-17-umgehungskanal-halle-alter-kanal";"14-210-17";"Umgehungskanal Halle (Alter Kanal)";"Halle";"unmatched";"";"";"";"";"";"";"";""
"14-210-18-weie-elster-von-straenbrucke";"14-210-18";"Weiße Elster von Straßenbrücke";"Halle";"review";"0.843";"locality-water-review";"51.5056019";"11.9639648";"die Saale";"";"0.59";""
"14-210-19-teich-an-der-gellertstrae";"14-210-19";"Teich an der Gellertstraße";"Halle";"review";"0.885";"locality-water-review";"51.477222";"11.9049254";"Gellertstraße";"";"0.33";""
"14-210-20-teich-am-passendorfer-damm";"14-210-20";"Teich am Passendorfer Damm";"Halle";"unmatched";"";"";"";"";"Passendorfer Damm";"";"";""
"14-210-21-reide-von-braschwitz-zoberitz";"14-210-21";"Reide von Braschwitz-Zöberitz";"Halle";"unmatched";"";"";"";"";"";"";"";""
"14-210-22-cobra-in-bruckdorf";"14-210-22";"Cobra in Bruckdorf";"Halle";"unmatched";"";"";"";"";"Bruckdorf";"";"";""
"14-210-23-tongrube-in-bruckdorf";"14-210-23";"Tongrube in Bruckdorf";"Halle";"unmatched";"";"";"";"";"Bruckdorf";"";"";""
"14-210-24-unsere-rast-in-bruckdorf";"14-210-24";"Unsere Rast in Bruckdorf";"Halle";"unmatched";"";"";"";"";"Bruckdorf";"";"";""
"14-210-25-ententeich-in-planena";"14-210-25";"Ententeich in Planena";"Halle";"unmatched";"";"";"";"";"Planena";"";"";""
"14-212-01-groes-posthorn-linksseitig-am";"14-212-01";"Großes Posthorn linksseitig am";"Halle";"review";"0.878";"locality-water-review";"51.4958021";"11.983865";"am";"";"0.38";""
