{"type":"FeatureCollection","features":[{"type":"Feature","properties":{"osmType":"way","osmId":5327118,"name":"Bode","waterway":"river"},"geometry":{"type":"LineString","coordinates":[[11.0124014,51.737160300000006],[11.012466,51.7367641],[11.0124378,51.7365724],[11.0125168,51.7364073],[11.0132898,51.736344300000006],[11.013636,51.7363596],[11.0137645,51.7363761],[11.013934,51.736397800000006],[11.0143929,51.736397600000004],[11.0146861,51.7363967],[11.015147200000001,51.736277400000006],[11.015732600000002,51.7362302],[11.0160196,51.736119200000005],[11.016193000000001,51.735911],[11.016123400000001,51.735708200000005],[11.016101200000001,51.73548460000001],[11.0160003,51.735368400000006],[11.0159065,51.735108800000006],[11.0157053,51.734934100000004],[11.015481900000001,51.7348118],[11.0154283,51.7346906],[11.015396800000001,51.734469000000004],[11.015384200000002,51.7342353],[11.0156477,51.734055000000005],[11.015713600000002,51.733882400000006],[11.0158117,51.7337349],[11.016094500000001,51.733554500000004],[11.0165596,51.7332443],[11.0170849,51.733192700000004],[11.0175639,51.7332851],[11.017879,51.7334368],[11.0180977,51.733563000000004],[11.0185283,51.733648],[11.0191552,51.733648],[11.0199833,51.7337307],[11.020844100000001,51.7338303],[11.0213823,51.7340412],[11.0218542,51.734504300000005],[11.0220386,51.7347465],[11.0222729,51.734977300000004],[11.023106,51.7354204],[11.023417700000001,51.73559160000001],[11.0235953,51.7360053],[11.0235971,51.736443300000005],[11.023618500000001,51.736943800000006],[11.0238043,51.737459],[11.0240644,51.7377107],[11.024468800000001,51.738101900000004],[11.0250608,51.738455200000004],[11.026045700000001,51.739019400000004],[11.026559,51.7393769],[11.0269081,51.739637200000004],[11.027235500000002,51.739903000000005],[11.027388100000001,51.7401801],[11.0278328,51.740721300000004],[11.027854600000001,51.7407723],[11.0280366,51.7411405],[11.028128200000001,51.7416544],[11.0281818,51.741935500000004],[11.028196000000001,51.742043200000005],[11.0282146,51.7421846],[11.028204800000001,51.7424248],[11.0281924,51.7427287],[11.0281798,51.743057500000006],[11.0278732,51.7435564],[11.0277227,51.7436622],[11.027491600000001,51.743786300000004],[11.026818700000002,51.744104500000006],[11.0264416,51.7443558],[11.0263304,51.7445299],[11.026098600000001,51.7449104],[11.026003900000001,51.7451616],[11.026048000000001,51.745738100000004],[11.0259178,51.7468924],[11.025979000000001,51.747053],[11.0259839,51.7474703],[11.0260616,51.7476746],[11.026159300000002,51.7478351],[11.0264229,51.7482594],[11.0264565,51.748603],[11.0264299,51.749047100000006],[11.0265198,51.749473200000004],[11.026824300000001,51.7498723],[11.0271009,51.7501126],[11.027416800000001,51.750311800000006],[11.027768700000001,51.750417000000006],[11.028371700000001,51.7504895],[11.028985200000001,51.7505681],[11.029595,51.750662600000005],[11.030064000000001,51.7507396],[11.030779,51.750795000000004],[11.031519000000001,51.750806600000004],[11.03226,51.7508495],[11.0331905,51.7509213],[11.034028300000001,51.751045700000006],[11.0345996,51.7512258],[11.0352645,51.7516163],[11.0364486,51.75221620000001],[11.036922500000001,51.752422900000006],[11.037248400000001,51.7526985],[11.037731200000001,51.753258900000006],[11.037997500000001,51.7534548],[11.038266,51.753657700000005],[11.038629400000001,51.753764200000006],[11.039341400000001,51.753789700000006],[11.039893900000001,51.753715],[11.0401067,51.7536799],[11.040769300000001,51.753612800000006],[11.042112000000001,51.753596400000006],[11.0437665,51.7537826],[11.043977,51.753840700000005],[11.0449886,51.7541201],[11.0459174,51.754292400000004],[11.046513800000001,51.75432],[11.04709,51.754327200000006],[11.0472494,51.7543109],[11.0487017,51.754162900000004],[11.0494207,51.754043900000006],[11.050249200000001,51.754222600000006],[11.051154700000001,51.7547432],[11.051862400000001,51.7554037],[11.0523386,51.7559419],[11.0524786,51.756100100000005],[11.0528613,51.756460000000004],[11.053668,51.756922900000006],[11.054794600000001,51.756983000000005],[11.0552212,51.756947200000006],[11.0558758,51.7567894],[11.0571012,51.7562684],[11.0574203,51.7560671],[11.0576703,51.755771700000004],[11.058320400000001,51.755267],[11.059069500000001,51.754958800000004],[11.0598702,51.7546825],[11.0605837,51.75459540000001],[11.0613071,51.7545544],[11.0623533,51.7546429],[11.0632774,51.754859800000006],[11.063468,51.7549086],[11.0642043,51.755219100000005],[11.064932800000001,51.7556619],[11.0653267,51.75573240000001],[11.0658898,51.755681700000004],[11.066633900000001,51.7556984],[11.067184800000001,51.755771100000004],[11.067759500000001,51.755900800000006],[11.0687145,51.756202200000004],[11.069401200000001,51.756276],[11.070016800000001,51.7563425],[11.070583200000002,51.7563315],[11.0706834,51.756258200000005],[11.070796600000001,51.7561826],[11.0712971,51.756068500000005],[11.073039000000001,51.7557455],[11.074321600000001,51.7555598],[11.0757594,51.7551319],[11.0771238,51.7545736],[11.078016600000002,51.7545249],[11.078652400000001,51.75469390000001],[11.0790438,51.7547639],[11.079462900000001,51.754794600000004],[11.080628200000001,51.7548552],[11.081196400000001,51.754839800000006],[11.0816703,51.7547957],[11.0820571,51.754723600000005],[11.082442400000001,51.754682200000005],[11.083245100000001,51.754639100000006],[11.0837646,51.7545854],[11.085029700000002,51.754615300000005],[11.085779200000001,51.7547572],[11.0866092,51.7550855],[11.08695,51.7552766],[11.0873098,51.755366800000004],[11.0879379,51.75562600000001],[11.0882422,51.755718900000005],[11.0885587,51.755788],[11.089143,51.7559179],[11.0898441,51.756050200000004]]}},{"type":"Feature","properties":{"osmType":"way","osmId":6532557,"name":"Bode","waterway":"river"},"geometry":{"type":"LineString","coordinates":[[11.522730600000001,51.9110549],[11.5232408,51.910559400000004],[11.525488900000001,51.907820300000004],[11.5256556,51.907617200000004],[11.525662700000002,51.907605800000006],[11.525738400000002,51.90748060000001],[11.525833,51.907324200000005],[11.525977000000001,51.9067531],[11.525910600000001,51.906171300000004],[11.525580900000001,51.9056226],[11.525129600000001,51.905060000000006],[11.5247144,51.903430300000004],[11.52462,51.902885500000004],[11.524872100000001,51.9023824],[11.525489700000001,51.900830500000005],[11.5257644,51.9001759],[11.5265673,51.8981786],[11.526706800000001,51.897652300000004],[11.5271795,51.896977500000006],[11.5275738,51.8965436],[11.528414000000001,51.8953616],[11.5286349,51.894935200000006],[11.5284823,51.8940205],[11.528749300000001,51.893683900000006],[11.5292656,51.8933356],[11.529603600000002,51.893223000000006],[11.5300297,51.8931222],[11.5305174,51.893138300000004],[11.5313929,51.892968800000006],[11.532201500000001,51.8925361],[11.534036500000001,51.8913056],[11.534305000000002,51.8910196],[11.5346373,51.8905905],[11.5351952,51.888810600000006],[11.535361400000001,51.888511900000005],[11.535756500000002,51.8880782],[11.5364655,51.886914100000006],[11.536961600000001,51.886298200000006],[11.5376931,51.8857836],[11.538079300000001,51.88539290000001],[11.5382165,51.885148],[11.538363700000001,51.88463470000001],[11.538551400000001,51.884306900000006],[11.538963,51.8839532],[11.5403002,51.8835453],[11.5408571,51.88331650000001],[11.5414034,51.8830169],[11.541458700000002,51.882890100000004],[11.5414499,51.8827033],[11.5412978,51.8824745],[11.539915,51.88026120000001],[11.538919,51.8797195],[11.538123200000001,51.879638],[11.5369831,51.879732100000005],[11.5365719,51.879755],[11.536105200000002,51.879673800000006],[11.5358734,51.8795373],[11.5356777,51.8794126],[11.5354948,51.8791688],[11.5352914,51.878550000000004],[11.534851900000001,51.8772449],[11.534130900000001,51.876529600000005],[11.533259300000001,51.8761717],[11.532471300000001,51.8757761],[11.532036600000001,51.87542740000001],[11.5316504,51.8745849],[11.531630400000001,51.8741532],[11.5321139,51.8732654],[11.5319766,51.871331100000006],[11.532036600000001,51.8709708],[11.5323714,51.870642200000006],[11.532714700000001,51.870530900000006],[11.5346227,51.870094300000005],[11.5353487,51.8697822],[11.5359371,51.86922800000001],[11.5363836,51.868912400000006],[11.537013400000001,51.868703700000005],[11.537663400000001,51.868550500000005],[11.538860900000001,51.868123800000006],[11.5394456,51.8678073],[11.539865200000001,51.8674192],[11.5403552,51.8670522],[11.5412253,51.8665529],[11.541576800000001,51.866162],[11.5421148,51.865236],[11.5424254,51.8646648],[11.542839,51.8642364],[11.5433321,51.8638922],[11.5443982,51.86337],[11.5470805,51.861867100000005],[11.551446,51.859926400000006],[11.552642700000002,51.8598518],[11.5532772,51.8595042],[11.553653500000001,51.8589112],[11.554077600000001,51.8582459],[11.5547695,51.8580216],[11.5557377,51.8579597],[11.555900000000001,51.8579493],[11.556306900000001,51.857852900000005],[11.5565537,51.8577944],[11.558159700000001,51.8574137],[11.561216700000001,51.8571049],[11.5619843,51.856911600000004],[11.562679800000002,51.856853900000004],[11.563597300000001,51.857114900000006],[11.5641972,51.857191500000006],[11.564962600000001,51.857137],[11.565762300000001,51.8570265],[11.567269900000001,51.856519600000006],[11.570307600000001,51.85549],[11.570621500000001,51.8552381],[11.5710783,51.855077800000004],[11.572365600000001,51.8549239],[11.573130200000001,51.8549415],[11.5742434,51.854827300000004],[11.576493500000002,51.8546702],[11.5784037,51.8544058],[11.578677500000001,51.854407],[11.5797988,51.8544319],[11.582359400000001,51.8546817],[11.5834756,51.854854200000005],[11.5845029,51.85490720000001],[11.585755800000001,51.8547395],[11.587894400000001,51.8542755],[11.589386000000001,51.8540253],[11.590203500000001,51.8539204],[11.591407700000001,51.85390700000001],[11.5925448,51.854063200000006],[11.593119100000001,51.854060200000006],[11.5940168,51.8538864],[11.5946786,51.8532681],[11.595207,51.8529203],[11.5959626,51.852771700000005],[11.596717700000001,51.8526955],[11.597876600000001,51.852837300000004],[11.5996351,51.8532414],[11.6013125,51.8532993],[11.6024741,51.8531453],[11.603282,51.8526923],[11.6037178,51.85215710000001],[11.6039676,51.851761100000004],[11.604472600000001,51.8513462],[11.6049669,51.851211500000005],[11.605541,51.8512247],[11.6065447,51.851544800000006],[11.607328,51.8518795],[11.6076458,51.8521079],[11.6077844,51.852334400000004],[11.607917700000002,51.85317310000001],[11.608342200000001,51.8535644],[11.608975500000001,51.8538658],[11.6097748,51.8540453],[11.6112918,51.8545196],[11.613102600000001,51.855497],[11.6136782,51.8558728],[11.614052000000001,51.856296],[11.6142388,51.856841],[11.614549100000001,51.857284400000005],[11.6152666,51.8575463],[11.6159102,51.857854],[11.6160174,51.8581287],[11.615972500000002,51.8584759],[11.6161075,51.858822200000006],[11.6164865,51.859071300000004],[11.616979500000001,51.859149200000004],[11.617540100000001,51.8592005],[11.618765100000001,51.8592389],[11.6197566,51.859243400000004],[11.6207018,51.859300600000005],[11.6212262,51.8595003],[11.6214399,51.8598342],[11.6215369,51.860175000000005],[11.621871,51.8603637],[11.6224401,51.8605084],[11.6235198,51.860598100000004],[11.625453700000001,51.860706900000004],[11.625911,51.8608612],[11.6265704,51.8612502],[11.6274232,51.86122640000001],[11.628181000000001,51.860861],[11.628835,51.8605725],[11.6294831,51.8604667],[11.6304753,51.860514800000004],[11.6318041,51.860469900000005],[11.633003400000002,51.860155500000005],[11.633718400000001,51.8599929],[11.634441,51.8599948],[11.6352092,51.8601493],[11.6358736,51.860469900000005],[11.6368174,51.860851800000006],[11.637503500000001,51.8609443],[11.6379973,51.860829900000006],[11.638448200000001,51.8606494],[11.6389568,51.860175000000005],[11.639427600000001,51.859503600000004],[11.639735400000001,51.85927100000001],[11.640410200000002,51.859129900000006],[11.6416041,51.858944],[11.6428446,51.85852190000001],[11.643621600000001,51.8579403],[11.6449225,51.856839300000004],[11.6459481,51.855989400000006],[11.6469126,51.85537780000001],[11.647251800000001,51.854886400000005],[11.647435100000001,51.8544968],[11.647856200000001,51.8541855],[11.648514500000001,51.853920800000004],[11.6490959,51.853728100000005],[11.6498851,51.8536743],[11.651238500000002,51.85374770000001],[11.6526525,51.85369480000001],[11.653716600000001,51.853934100000004],[11.6557749,51.85467250000001],[11.656441500000001,51.854758700000005],[11.6568693,51.854684000000006],[11.6573156,51.8547467],[11.6588597,51.8552156],[11.6592839,51.8560735],[11.659658100000001,51.856365000000004],[11.6603817,51.856448500000006],[11.6611451,51.856447],[11.6620241,51.8565126],[11.663708600000001,51.8567413],[11.66558,51.856844],[11.666867600000002,51.8566939],[11.669204,51.8555435],[11.670774300000001,51.8549774],[11.6720919,51.854776],[11.6748594,51.8537225],[11.6757389,51.8534881],[11.676550500000001,51.8535399],[11.6773336,51.8537103],[11.6786513,51.853766500000006],[11.679961,51.854353800000005],[11.681387,51.8544932],[11.682809,51.854708200000005],[11.6835451,51.8546514],[11.6844595,51.854753],[11.6854478,51.854751300000004],[11.6863009,51.854857],[11.6871063,51.854919800000005],[11.688035600000001,51.854894200000004],[11.6890888,51.854728300000005],[11.689479400000002,51.8546752],[11.690668500000001,51.8545135]]}},{"type":"Feature","properties":{"osmType":"way","osmId":25688590,"name":"Bode","waterway":"river"},"geometry":{"type":"LineString","coordinates":[[10.9189004,51.7420562],[10.9191398,51.741992200000006],[10.919220600000001,51.7419549],[10.9192894,51.741892400000005]]}},{"type":"Feature","properties":{"osmType":"way","osmId":25750210,"name":"Bode","waterway":"river"},"geometry":{"type":"LineString","coordinates":[[11.2330573,51.858644000000005],[11.2330159,51.8588491],[11.233069500000001,51.859014800000004],[11.2331553,51.859193700000006],[11.2333377,51.8593726],[11.2335775,51.8595326],[11.2339064,51.8596774],[11.2343677,51.8598165],[11.234591400000001,51.8599035],[11.234729600000001,51.8599958],[11.234861200000001,51.860108100000005],[11.2349838,51.8602773],[11.2350481,51.860438],[11.235039800000001,51.86063540000001],[11.2349721,51.8607723],[11.234910600000001,51.860847],[11.234657400000001,51.8609164],[11.2343677,51.8609893],[11.2340458,51.8611152],[11.2338205,51.8612544],[11.2336167,51.8614266],[11.2332304,51.862056100000004],[11.233144600000001,51.8621952],[11.233039600000001,51.8622628],[11.232935000000001,51.8622729],[11.232843200000001,51.8622555],[11.232683300000001,51.862162100000006],[11.2324794,51.8619898],[11.232275600000001,51.8618242],[11.2321468,51.861797700000004],[11.231932200000001,51.8618109],[11.2317391,51.861910300000005],[11.2315675,51.862168700000005],[11.2314065,51.862751800000005],[11.2314065,51.8628975],[11.2314903,51.8631053],[11.231728400000001,51.863314900000006],[11.232125400000001,51.86375880000001],[11.2323936,51.86408350000001],[11.2325867,51.864229200000004],[11.232796800000001,51.8643104],[11.233037300000001,51.8643816],[11.2333216,51.8644929],[11.2335211,51.8645482],[11.2336918,51.864587],[11.2338527,51.8647526],[11.2339493,51.865050800000006],[11.2339743,51.865214400000006],[11.233952,51.865312900000006],[11.233890500000001,51.8654486],[11.233774200000001,51.865624800000006],[11.233662800000001,51.8658513],[11.2335981,51.866129400000005],[11.2333055,51.8672039],[11.2332093,51.867448200000005],[11.2331456,51.86752370000001],[11.2330588,51.867564200000004],[11.232917500000001,51.867581400000006],[11.232747600000001,51.867594800000006],[11.232531,51.867576],[11.2321924,51.8675239],[11.232026000000001,51.867526000000005],[11.231930700000001,51.8675914],[11.2317269,51.86801620000001],[11.231624,51.8681594],[11.2313933,51.8682609],[11.231216,51.868278800000006],[11.231105600000001,51.8682485],[11.2307848,51.86808430000001],[11.230454700000001,51.8680011],[11.2303297,51.868006300000005],[11.230155400000001,51.868070100000004],[11.2301024,51.8681416],[11.2301359,51.868255100000006],[11.230358800000001,51.868488600000006],[11.2304981,51.868629600000006],[11.230476600000001,51.868723900000006],[11.2303002,51.8688963],[11.230042200000002,51.869032700000005],[11.2298819,51.8691181],[11.229746,51.869165100000004],[11.229378800000001,51.869244300000005],[11.229091500000001,51.8692542],[11.2289568,51.869269100000004],[11.2288709,51.8693133],[11.228993500000001,51.8694542],[11.2293211,51.869673600000006],[11.229477000000001,51.869739800000005],[11.2297308,51.8697858],[11.230462500000002,51.8699005],[11.230606700000001,51.8699467],[11.2306767,51.8700252],[11.230657800000001,51.8702419],[11.2304501,51.870357500000004],[11.230244500000001,51.870378200000005],[11.229637,51.870380600000004],[11.2294753,51.8704036],[11.229110200000001,51.870477300000005],[11.228955500000001,51.8704638],[11.2288645,51.8704103],[11.2289676,51.8702283],[11.228969000000001,51.87016130000001],[11.2289142,51.870043800000005],[11.228708300000001,51.869958100000005],[11.2286008,51.869983500000004],[11.2282931,51.8700747],[11.228131300000001,51.870139],[11.2279687,51.8702355],[11.227880200000001,51.8705675],[11.2278116,51.8709811],[11.227870300000001,51.8710931],[11.2280411,51.871126700000005],[11.2283597,51.8710923],[11.2289315,51.8710728],[11.2290369,51.871089600000005],[11.229120700000001,51.8711653],[11.2291503,51.8712139],[11.2291755,51.8713544],[11.2291308,51.871694000000005],[11.229055,51.8719563],[11.2289796,51.8720184],[11.228807900000001,51.87201760000001],[11.2283177,51.8718693],[11.2280902,51.8718633],[11.228031000000001,51.8719387],[11.228133300000001,51.8720689],[11.228327400000001,51.8724174],[11.2284529,51.8726118],[11.2285634,51.8727292],[11.229110400000001,51.8730088],[11.2291833,51.873080300000005]]}},{"type":"Feature","properties":{"osmType":"way","osmId":25911700,"name":"Bode","waterway":"river"},"geometry":{"type":"LineString","coordinates":[[10.970327900000001,51.71807930000001],[10.970290700000001,51.7178369],[10.9703464,51.716943900000004],[10.9703434,51.7165686],[10.9704189,51.7158091],[10.970463500000001,51.715653800000005],[10.9705077,51.7154998],[10.970713400000001,51.7152186],[10.9710772,51.7149159],[10.9714364,51.7147578],[10.971966700000001,51.7145907],[10.9722991,51.714542800000004],[10.972769600000001,51.714565400000005],[10.9731625,51.7146307],[10.9735686,51.7147176],[10.9739848,51.714868],[10.974335700000001,51.7150242],[10.9746123,51.7152116],[10.974910600000001,51.7154249],[10.9750292,51.715545500000005],[10.9751089,51.7156772],[10.9751604,51.7157885],[10.9751875,51.7158929],[10.9751867,51.7162001],[10.975084200000001,51.7163717],[10.9747038,51.71669120000001],[10.974182200000001,51.7170155],[10.973845500000001,51.7173023],[10.973638600000001,51.7175207],[10.9735262,51.7177318],[10.973494500000001,51.7181355],[10.973506500000001,51.718960700000004],[10.9733707,51.7199242],[10.9732181,51.7200921],[10.9730223,51.720192000000004],[10.9727738,51.720299600000004],[10.9724626,51.720361100000005],[10.9722111,51.720482600000004],[10.9720226,51.7206327],[10.9717748,51.720786600000004],[10.9711108,51.7213122],[10.969965700000001,51.7216529],[10.968853000000001,51.7221655],[10.9680158,51.7225009],[10.9676153,51.722747600000005],[10.967415200000001,51.7232679],[10.9673826,51.7239565],[10.968146500000001,51.724738300000006],[10.9693036,51.7257942],[10.9703449,51.726329400000004],[10.9705764,51.726346500000005],[10.9709157,51.7262824],[10.971567100000001,51.7258792],[10.9720568,51.7257972],[10.9729138,51.725844200000004],[10.9742747,51.725994],[10.975128300000002,51.725996200000004],[10.975753200000002,51.725887500000006],[10.976769200000001,51.7258617],[10.977202,51.725899500000004],[10.977599900000001,51.726036],[10.9783837,51.7264257],[10.9787984,51.7265251],[10.9791773,51.726593900000005],[10.9795692,51.7265224],[10.980379000000001,51.726185],[10.980581500000001,51.726070500000006],[10.9809167,51.7259899],[10.981262200000002,51.725948100000004],[10.981574700000001,51.725957300000005],[10.981930400000001,51.726024200000005],[10.9821462,51.726145700000004],[10.9822465,51.7262968],[10.9821332,51.72655880000001],[10.982112500000001,51.726967300000005],[10.9822099,51.7271878],[10.982384600000001,51.727459700000004],[10.983395100000001,51.727937700000005],[10.984412800000001,51.728528000000004],[10.985222400000001,51.7286937],[10.9862534,51.7284833],[10.9868156,51.728177800000005],[10.98747,51.727766],[10.9881305,51.7272407],[10.9886146,51.7268358],[10.9890165,51.7264854],[10.989417000000001,51.7262719],[10.989743200000001,51.726235700000004],[10.990511600000001,51.726354300000004],[10.991250200000001,51.7265292],[10.9917028,51.7267979],[10.9918267,51.727161300000006],[10.992035600000001,51.728076900000005],[10.9920069,51.7283636],[10.991870200000001,51.728672200000005],[10.991712900000001,51.7290706],[10.9915921,51.729266700000004],[10.9914052,51.7295675],[10.9912082,51.7300674],[10.9914077,51.730289000000006],[10.992344600000001,51.7307275],[10.993486500000001,51.731314000000005],[10.994316900000001,51.731567000000005],[10.9948362,51.7318957],[10.9952988,51.732085000000005],[10.9956525,51.732091700000005],[10.9963858,51.7319911],[10.9973796,51.731691000000005],[10.997465400000001,51.7314664],[10.997399900000001,51.7313557],[10.9972273,51.7311308],[10.9969564,51.730927300000005],[10.9969029,51.730788100000005],[10.9969224,51.73071100000001],[10.996991000000001,51.730634],[10.997185100000001,51.730606],[10.997414000000001,51.730626900000004],[10.998031200000002,51.730791700000005],[10.9986873,51.7308518],[10.999561700000001,51.7314962],[11.0003056,51.7319091],[11.000594900000001,51.7321493],[11.0017364,51.732568500000006],[11.0019358,51.7327242],[11.002223500000001,51.7331853],[11.0023225,51.733614100000004],[11.002487100000002,51.7342956],[11.0027012,51.7348707],[11.0029517,51.7353937],[11.0029565,51.7357157],[11.0028751,51.735939],[11.00262,51.736110700000005],[11.002063600000001,51.7361239],[11.001784500000001,51.736307100000005],[11.0015075,51.736707200000005],[11.0013384,51.737200800000004],[11.001291,51.737473],[11.0014578,51.7378331],[11.0017147,51.7381304],[11.0020541,51.738358100000006],[11.0025429,51.738635],[11.003254100000001,51.7388327],[11.0037635,51.7389274],[11.004121900000001,51.7389304],[11.004849400000001,51.7386738],[11.0062665,51.7382829],[11.0066523,51.7380471],[11.006834600000001,51.737872],[11.0070279,51.737451500000006],[11.0070913,51.737170000000006],[11.0071618,51.736676800000005],[11.0076417,51.7360278],[11.0081244,51.735817600000004],[11.008679800000001,51.735840700000004],[11.009359900000002,51.7359736],[11.0099415,51.7361136],[11.0103763,51.7363464],[11.010779600000001,51.736709000000005],[11.0108432,51.736964500000006],[11.010975400000001,51.7372006],[11.011469700000001,51.7373655],[11.011899000000001,51.7372979],[11.0124014,51.737160300000006]]}},{"type":"Feature","properties":{"osmType":"way","osmId":27620392,"name":"Bode","waterway":"river"},"geometry":{"type":"LineString","coordinates":[[11.690668500000001,51.8545135],[11.6910427,51.8545145],[11.691754300000001,51.8546617],[11.6927055,51.855071900000006],[11.693846,51.855686000000006],[11.694239900000001,51.855769200000005],[11.695810100000001,51.855549200000006],[11.6973803,51.8552388],[11.6992385,51.854628500000004],[11.700772200000001,51.854228500000005],[11.7022242,51.853462300000004],[11.7038863,51.852609300000005],[11.704784400000001,51.852562400000004],[11.7053729,51.852522500000006],[11.7055073,51.85249820000001],[11.706256100000001,51.8521341],[11.7065433,51.8518126],[11.7066528,51.851697200000004],[11.7066499,51.8515838],[11.7066032,51.8514959],[11.7065151,51.8514034],[11.706205,51.851237600000005],[11.706084,51.850992500000004],[11.7055957,51.8506106],[11.705609,51.8502426],[11.7057997,51.849827600000005],[11.705884300000001,51.849551600000005],[11.706206400000001,51.849135600000004],[11.706377300000002,51.84870170000001],[11.706448,51.84842140000001],[11.7064394,51.8481929],[11.706385800000001,51.847954300000005],[11.7061781,51.847675900000006],[11.7060115,51.8472706]]}},{"type":"Feature","properties":{"osmType":"way","osmId":29909206,"name":"Bode","waterway":"river"},"geometry":{"type":"LineString","coordinates":[[10.918603000000001,51.7421493],[10.9188056,51.742079800000006],[10.9189004,51.7420562]]}},{"type":"Feature","properties":{"osmType":"way","osmId":32458915,"name":"Bode","waterway":"river"},"geometry":{"type":"LineString","coordinates":[[10.8050653,51.7360194],[10.8054527,51.7359969],[10.806128900000001,51.7359298],[10.807746700000001,51.7360224],[10.8087216,51.736107000000004],[10.808831300000001,51.7362035],[10.8091088,51.736447600000005],[10.8095323,51.736854],[10.8097946,51.737327500000006],[10.8096797,51.737892300000006],[10.809548300000001,51.7383849],[10.8094067,51.73901660000001],[10.8091513,51.739673],[10.8089811,51.7398223],[10.8087364,51.739989200000004],[10.8090904,51.7403702],[10.8092524,51.740454500000006],[10.809466,51.7405373],[10.809567900000001,51.740779800000006],[10.8098372,51.7409151],[10.8104349,51.7410754],[10.810719500000001,51.7411035],[10.810956800000001,51.7410805],[10.8118917,51.7408262],[10.8124883,51.7406079],[10.812686900000001,51.7404451],[10.812764900000001,51.7402724],[10.8127919,51.740185700000005],[10.812834800000001,51.7400481],[10.8129098,51.739820200000004],[10.812971000000001,51.7396964],[10.8131258,51.7393846],[10.813281700000001,51.739251800000005],[10.8135712,51.7391712],[10.8138792,51.739123500000005],[10.8141134,51.7390285],[10.814288300000001,51.738943500000005],[10.8144919,51.738919],[10.8147567,51.7389335],[10.815382000000001,51.7389664],[10.815873600000002,51.73904520000001],[10.8161105,51.739130200000005],[10.8164504,51.7391816],[10.8178161,51.7396017],[10.817876400000001,51.739618400000005],[10.818530800000001,51.739800100000004],[10.8192742,51.740006400000006],[10.8200655,51.7403052],[10.820624800000001,51.74063640000001],[10.8208198,51.740814],[10.821043300000001,51.74107600000001],[10.8211899,51.7414981],[10.8212164,51.741811500000004],[10.821171600000001,51.7423574],[10.821185,51.7428736],[10.8213567,51.74339620000001],[10.821598100000001,51.7436907],[10.8219305,51.743945800000006],[10.822404500000001,51.7442987],[10.8224879,51.7445078],[10.8224513,51.7453396],[10.8223648,51.7456827],[10.822412400000001,51.745898800000006],[10.8218628,51.746275700000005],[10.8215184,51.7464948],[10.821047100000001,51.746746200000004],[10.820549300000001,51.7467319],[10.819513,51.746650200000005],[10.8187464,51.74663090000001],[10.817654500000002,51.7464133],[10.8162002,51.7459338],[10.8158363,51.7456844],[10.8156853,51.745319800000004],[10.8157048,51.7451062],[10.8158335,51.744805500000005],[10.815830700000001,51.744227200000005],[10.8156037,51.743805200000004],[10.815100000000001,51.7434985],[10.8144772,51.7432704],[10.813526600000001,51.7430912],[10.8126928,51.7430626],[10.811794,51.743166800000004],[10.8107811,51.743392400000005],[10.810504100000001,51.7435076],[10.810413500000001,51.7436742],[10.8104276,51.743852700000005],[10.810281100000001,51.7441935],[10.8103163,51.74457820000001],[10.810581800000001,51.7451724],[10.810863300000001,51.7462382],[10.8109058,51.7464196],[10.810962100000001,51.746498],[10.8111621,51.74663940000001],[10.8118452,51.7471745],[10.8122904,51.7474575],[10.8128537,51.7477068],[10.813721800000001,51.747855900000005],[10.8139496,51.747884500000005],[10.8148814,51.747998],[10.8150545,51.7480191],[10.8158752,51.748282700000004],[10.816535,51.748721100000004],[10.8169749,51.748936500000006],[10.8172259,51.7490114],[10.8175752,51.749025],[10.8184837,51.7489338],[10.8190477,51.748786300000006],[10.8193894,51.7486973],[10.8202671,51.748541800000005],[10.821138300000001,51.748277800000004],[10.8219405,51.7480199],[10.8221307,51.7479463],[10.8222094,51.747885200000006],[10.8223135,51.7478044],[10.822619600000001,51.7474025]]}},{"type":"Feature","properties":{"osmType":"way","osmId":38872463,"name":"Bode","waterway":"river"},"geometry":{"type":"LineString","coordinates":[[11.210975300000001,51.934865900000005],[11.2107794,51.935079900000005],[11.210727200000001,51.9353758],[11.210602900000001,51.93571420000001],[11.210447100000001,51.93604070000001],[11.2104289,51.936374900000004],[11.2106721,51.936846900000006],[11.2109637,51.937240800000005],[11.2110243,51.9375993],[11.2109929,51.937831900000006],[11.2109017,51.938567400000004],[11.2108454,51.9390939],[11.2108317,51.939483200000005],[11.210893700000002,51.9396451],[11.2111034,51.939897800000004],[11.211872600000001,51.940475600000006],[11.212455400000001,51.940825600000004],[11.212659400000001,51.9410205],[11.2129037,51.9414523],[11.212855900000001,51.9417242],[11.212734900000001,51.9419066],[11.212548,51.942035100000005],[11.212097700000001,51.942222],[11.211912,51.9423279],[11.211755,51.9424579],[11.211578900000001,51.942710500000004],[11.2114062,51.942955100000006]]}},{"type":"Feature","properties":{"osmType":"way","osmId":47312840,"name":"Bode","waterway":"river"},"geometry":{"type":"LineString","coordinates":[[11.306065700000001,52.007815900000004],[11.3110184,52.0067966],[11.3129813,52.0063125],[11.3142382,52.0059337],[11.3152896,52.005706800000006],[11.316879,52.005596000000004],[11.318434600000002,52.0054973],[11.3206366,52.004981300000004],[11.321238200000002,52.0049136],[11.3215391,52.004944200000004],[11.3218887,52.0050098],[11.323627,52.005408800000005],[11.3242931,52.0054444],[11.3251825,52.0053886],[11.326998000000001,52.005239200000005],[11.3284018,52.0050596],[11.329971500000001,52.0045008],[11.3314488,52.003984],[11.3347847,52.0028967]]}},{"type":"Feature","properties":{"osmType":"way","osmId":47312843,"name":"Bode","waterway":"river"},"geometry":{"type":"LineString","coordinates":[[11.2867581,52.0081326],[11.2870585,52.007941],[11.287798800000001,52.007650500000004],[11.2885308,52.007458400000004],[11.2889744,52.0074191],[11.290223800000001,52.007480400000006],[11.2910175,52.0075118],[11.294397,52.0076174],[11.2950944,52.0076369],[11.2961232,52.0076656],[11.2973797,52.007683500000006],[11.298302300000001,52.0077495],[11.299257200000001,52.00786840000001],[11.299976000000001,52.0079476],[11.3005554,52.0079873],[11.301006000000001,52.0080005],[11.3013708,52.0080005],[11.3024222,52.007941],[11.306065700000001,52.007815900000004]]}},{"type":"Feature","properties":{"osmType":"way","osmId":47312846,"name":"Bode","waterway":"river"},"geometry":{"type":"LineString","coordinates":[[11.253348500000001,52.017542500000005],[11.2537455,52.0173708],[11.2540352,52.017199100000006],[11.254743300000001,52.0166643],[11.255397700000001,52.016175700000005],[11.2560736,52.0157333],[11.256567200000001,52.015455900000006],[11.257189400000001,52.0151654],[11.257801,52.0149211],[11.258273,52.0147692],[11.258755800000001,52.0146372],[11.259206500000001,52.0145909],[11.2597429,52.0145579],[11.2606978,52.014564500000006],[11.2617385,52.0146372],[11.2620603,52.0146372],[11.2624144,52.0145909],[11.2627255,52.0145117],[11.263916400000001,52.014102300000005],[11.264356300000001,52.014003200000005],[11.2646674,52.0139702],[11.264871300000001,52.0139702],[11.2650859,52.014009800000004],[11.265450600000001,52.0141551],[11.2662017,52.0143598],[11.266738100000001,52.014439100000004],[11.267349600000001,52.0144655],[11.2681543,52.014432500000005],[11.2686156,52.0143664],[11.269259400000001,52.0142079],[11.269913800000001,52.014016500000004],[11.2706219,52.013805100000006],[11.271823600000001,52.0134089],[11.2720485,52.0133688],[11.272309100000001,52.0133251],[11.2726804,52.013329500000005],[11.272917900000001,52.0133627],[11.273545200000001,52.013479800000006],[11.2743917,52.013575200000005],[11.274759000000001,52.0135865],[11.2750529,52.0135231],[11.2752291,52.013406],[11.275685900000001,52.013098600000006],[11.2760829,52.0129005],[11.276533500000001,52.012682600000005],[11.2769627,52.0125505],[11.2773596,52.0125109],[11.2777352,52.01248450000001],[11.278260900000001,52.0124713],[11.2787007,52.012425],[11.279247900000001,52.012312800000004],[11.2796985,52.012154300000006],[11.2801384,52.0119364],[11.2806963,52.011692000000004],[11.280975300000001,52.0116128],[11.2814688,52.0115137],[11.282198300000001,52.0113156],[11.2828528,52.011110900000006],[11.283453600000001,52.0108534],[11.283818400000001,52.0106619],[11.2841725,52.0103845],[11.2845384,52.0101176],[11.2857281,52.0090109],[11.286275300000002,52.0085156],[11.2865757,52.008258000000005],[11.2867581,52.0081326]]}},{"type":"Feature","properties":{"osmType":"way","osmId":47312853,"name":"Bode","waterway":"river"},"geometry":{"type":"LineString","coordinates":[[11.223877600000002,52.0224629],[11.223975300000001,52.022559400000006],[11.224072600000001,52.022641300000004],[11.2241549,52.022675400000004],[11.2242549,52.0226813],[11.224457300000001,52.0226114],[11.224646100000001,52.0225183],[11.2248607,52.022385500000006],[11.2250803,52.022263300000006],[11.225564400000001,52.022082100000006],[11.225999,52.0219049],[11.226242300000001,52.0218312]]}},{"type":"Feature","properties":{"osmType":"way","osmId":47312862,"name":"Bode","waterway":"river"},"geometry":{"type":"LineString","coordinates":[[11.226242300000001,52.0218312],[11.226511400000001,52.0216658],[11.226740900000001,52.021405800000004],[11.2270199,52.020995600000006],[11.2271701,52.020856900000005],[11.2273955,52.0207513],[11.227781700000001,52.020639],[11.2283074,52.020533400000005],[11.2286262,52.0204929],[11.228864100000001,52.0204645],[11.2291155,52.020408100000004],[11.229391000000001,52.0203221],[11.2300562,52.020091],[11.230568700000001,52.0199719],[11.2332076,52.019510700000005],[11.2337261,52.019404800000004],[11.234102700000001,52.0193214],[11.234455,52.0191997],[11.235130700000001,52.018916100000006],[11.235327100000001,52.0188555],[11.235491900000001,52.018821900000006],[11.235707600000001,52.0188203],[11.2358711,52.0188331],[11.2360585,52.0188775],[11.236651400000001,52.019069900000005],[11.237223100000001,52.0192789],[11.237727300000001,52.0195364],[11.238167200000001,52.019826900000005],[11.2384885,52.020046],[11.238929,52.020401400000004],[11.2392401,52.0206919],[11.2397796,52.021270400000006],[11.240419500000002,52.0217316],[11.2406351,52.0218617],[11.2407537,52.0219061],[11.2408917,52.0219187],[11.241075,52.021913000000005],[11.2415128,52.021846000000004],[11.2418256,52.0217668],[11.242115400000001,52.0216756],[11.2423193,52.0215369],[11.2425446,52.021233200000005],[11.2429094,52.0208437],[11.2431239,52.020672000000005],[11.2433814,52.020526800000006],[11.2436389,52.0204146],[11.2438857,52.020341900000005],[11.244250500000001,52.0202693],[11.2446582,52.020209900000005],[11.245087300000002,52.020157100000006],[11.245473500000001,52.020117500000005],[11.2457954,52.0201439],[11.2464683,52.020307800000005],[11.2470078,52.0204608],[11.247383300000001,52.020507],[11.247705100000001,52.020507],[11.2479914,52.020451300000005],[11.248230900000001,52.020341900000005],[11.2484085,52.0201627],[11.248531300000002,52.019919400000006],[11.2486493,52.019734500000006],[11.2487566,52.0195893],[11.2490248,52.0194374],[11.2492072,52.019364800000005],[11.2495612,52.019318600000005],[11.2500011,52.0192921],[11.250376600000001,52.019226100000004],[11.250784300000001,52.019094100000004],[11.2512027,52.018810200000004],[11.2515675,52.0185461],[11.2517177,52.0184074],[11.251910800000001,52.0182621],[11.252222000000002,52.018103700000005],[11.2525653,52.017905600000006],[11.253348500000001,52.017542500000005]]}},{"type":"Feature","properties":{"osmType":"way","osmId":48481020,"name":"Bode","waterway":"river"},"geometry":{"type":"LineString","coordinates":[[10.8892863,51.7463258],[10.889747100000001,51.7456783],[10.8905062,51.7448288],[10.8917287,51.744088100000006],[10.8922451,51.74397200000001],[10.893678000000001,51.7440919],[10.895158,51.7442532],[10.896602000000001,51.7445085],[10.897671,51.7446799],[10.89957,51.744838900000005],[10.9004706,51.7447815],[10.9012936,51.7445335],[10.901827800000001,51.7442069],[10.9018922,51.743808300000005],[10.9017098,51.7434729],[10.901345000000001,51.743369900000005],[10.9007764,51.7424498],[10.898222500000001,51.7417852],[10.8968437,51.741116500000004],[10.8967924,51.740725100000006],[10.897099200000001,51.740438700000006],[10.898651000000001,51.7400505],[10.899872400000001,51.740085500000006],[10.9005328,51.7402389],[10.9014877,51.7404607],[10.9028305,51.7408434],[10.9041984,51.7408586],[10.9059519,51.74029],[10.9075529,51.739565600000006],[10.909180000000001,51.7389133],[10.9105377,51.738025300000004],[10.9116522,51.7379028],[10.912499,51.7382099],[10.9141727,51.7398376],[10.916023000000001,51.741986000000004],[10.916526300000001,51.74227380000001],[10.9172662,51.7424066],[10.917888900000001,51.742336900000005],[10.918603000000001,51.7421493]]}},{"type":"Feature","properties":{"osmType":"way","osmId":48481022,"name":"Bode","waterway":"river"},"geometry":{"type":"LineString","coordinates":[[10.8657084,51.7567844],[10.8657848,51.756478200000004],[10.866149700000001,51.7561138],[10.8664909,51.7558907],[10.866720800000001,51.7558353],[10.8667873,51.7558195],[10.8676423,51.755617300000004],[10.868743100000001,51.755183800000005],[10.8709298,51.7543194],[10.871608700000001,51.754007800000004],[10.8719449,51.753853500000005],[10.8723486,51.753634700000006],[10.873099,51.7533941],[10.873654700000001,51.7531459],[10.8740035,51.7529368],[10.8742313,51.75265460000001],[10.874305300000001,51.752572900000004],[10.874428,51.752437400000005],[10.874613,51.751936],[10.8747941,51.7517494],[10.875038400000001,51.7516448],[10.875449600000001,51.7515507],[10.8759642,51.75151820000001],[10.8763892,51.7515949],[10.8769048,51.751729600000004],[10.8775346,51.7520735],[10.8783586,51.7526839],[10.8793448,51.753297100000005],[10.8804154,51.7539718],[10.8807436,51.754167200000005],[10.8814822,51.75444280000001],[10.8825626,51.7544071],[10.884154800000001,51.75386030000001],[10.8850046,51.7535947],[10.8858511,51.753090400000005],[10.8860074,51.7529291],[10.886114300000001,51.7526924],[10.886048,51.752318800000005],[10.885929200000001,51.7520771],[10.8856126,51.7518803],[10.883696700000002,51.751360000000005],[10.8828847,51.750961800000006],[10.8826891,51.750717],[10.8826069,51.750434500000004],[10.882717900000001,51.750218100000005],[10.883025,51.749911100000006],[10.883493000000001,51.7495063],[10.884522500000001,51.7491539],[10.886074,51.7484964],[10.886871600000001,51.74817],[10.888119000000001,51.747925200000005],[10.8882247,51.7478649],[10.8885853,51.7476594],[10.8888485,51.74740490000001],[10.8890501,51.7470256],[10.8891363,51.746608],[10.8892863,51.7463258]]}},{"type":"Feature","properties":{"osmType":"way","osmId":88950267,"name":"Bode","waterway":"river"},"geometry":{"type":"LineString","coordinates":[[11.183081600000001,51.963522100000006],[11.1830517,51.9639291],[11.1829377,51.9640666],[11.182826400000001,51.964167],[11.182568900000001,51.96430590000001],[11.182281300000001,51.964387200000004],[11.1817428,51.964464500000005],[11.1814853,51.9645372],[11.181249300000001,51.964682700000004],[11.181151100000001,51.9649038],[11.1811825,51.9650484],[11.1811963,51.9651392],[11.1813458,51.965244600000005],[11.1817428,51.9653702],[11.1821453,51.965452600000006],[11.182434500000001,51.9654845],[11.1827895,51.965479300000005],[11.1830169,51.9654984],[11.1833381,51.965623],[11.1834594,51.965799800000006],[11.183499000000001,51.9659981],[11.1834466,51.9661394],[11.1833188,51.966293900000004],[11.183005600000001,51.9669041],[11.182635000000001,51.967394500000005],[11.1820138,51.968228200000006],[11.1817566,51.9687483],[11.1815165,51.968980300000005],[11.181212400000001,51.969083600000005],[11.180605100000001,51.969404600000004],[11.180386200000001,51.96961],[11.1802341,51.9699752],[11.180055300000001,51.9702709],[11.1799099,51.9705074],[11.179770600000001,51.970781200000005],[11.1796714,51.9710843],[11.1796565,51.971194800000006],[11.179553,51.9714338],[11.1793674,51.9719064],[11.179194,51.9723332],[11.179202400000001,51.97243],[11.179298300000001,51.9728081],[11.1794103,51.973051700000006],[11.1794407,51.9732592],[11.1794013,51.973429100000004],[11.179280200000001,51.9737486],[11.1790008,51.974118700000005],[11.178945800000001,51.9743094],[11.1787907,51.9744705],[11.178676600000001,51.9746019],[11.178407400000001,51.9747659],[11.1783082,51.974918900000006],[11.1783417,51.975188100000004],[11.1783937,51.9754037],[11.178500000000001,51.975566500000006],[11.178769,51.9757158],[11.179131900000002,51.975886100000004],[11.1792902,51.9759997],[11.179372500000001,51.976117900000006],[11.179478300000001,51.9762672],[11.1795013,51.9764087],[11.1794369,51.976706],[11.179351,51.976934],[11.179377,51.977046300000005],[11.1793486,51.9772224],[11.1794624,51.977684100000005],[11.179449700000001,51.977946700000004],[11.1793464,51.9781836],[11.1791871,51.9783205],[11.1790863,51.9785211],[11.1789024,51.9786901],[11.178820700000001,51.978833400000006],[11.1778812,51.9795213],[11.177686600000001,51.979688100000004],[11.1776172,51.9797626],[11.1775582,51.9799038],[11.177516500000001,51.979997100000006],[11.1776023,51.98029450000001],[11.177806100000002,51.9806183],[11.178063600000002,51.980802000000004],[11.178353300000001,51.980948700000006],[11.178793500000001,51.981050800000006],[11.179461900000002,51.9810947],[11.179994800000001,51.981100700000006],[11.1814754,51.9812328],[11.182803400000001,51.9813838],[11.183331500000001,51.9814972],[11.1838894,51.9816822],[11.184397500000001,51.981878],[11.1846619,51.9819692],[11.185372000000001,51.9822773],[11.185895700000001,51.9825941],[11.186614500000001,51.9832218],[11.1869286,51.983562000000006],[11.1871387,51.9837001],[11.187299300000001,51.9838832],[11.187422900000001,51.984291500000005],[11.1878387,51.9847941],[11.1883187,51.98520370000001],[11.1886446,51.985396300000005],[11.188948400000001,51.9855145],[11.1897114,51.985777600000006],[11.190324100000002,51.986018200000004],[11.1908846,51.98628110000001],[11.1919749,51.98692380000001],[11.192531,51.9873248],[11.192752700000002,51.9874177],[11.1934038,51.9875102],[11.1938113,51.9875574],[11.1942293,51.987731200000006],[11.194545000000002,51.987902500000004],[11.1948194,51.988135],[11.195044000000001,51.988277800000006],[11.1951848,51.988328300000006],[11.1955194,51.9884483],[11.195990400000001,51.9885809],[11.196291,51.988759],[11.196408100000001,51.988933700000004],[11.1964214,51.989230500000005],[11.1963851,51.989591000000004],[11.196476,51.9899105],[11.1965898,51.9901016],[11.196976000000001,51.9903988],[11.1979442,51.9908268],[11.1989111,51.991157400000006],[11.200290200000001,51.991556900000006],[11.2008991,51.9916502],[11.2015572,51.9917481],[11.2021314,51.991905],[11.202436,51.992074200000005],[11.2028251,51.992355800000006],[11.203145600000001,51.9927203],[11.2031776,51.9929404],[11.2031305,51.993224000000005],[11.2029704,51.993763900000005],[11.202865300000001,51.99427480000001],[11.202818,51.9947415],[11.2027113,51.995384900000005],[11.2026838,51.995702],[11.2027064,51.9960122],[11.2027853,51.996277500000005],[11.202880500000001,51.9966322],[11.2029647,51.996820500000005],[11.2030358,51.996975500000005],[11.203240800000001,51.9973071],[11.2040381,51.998417200000006],[11.2042956,51.9987739],[11.204588300000001,51.9990862],[11.2049179,51.9993351],[11.2056419,51.999774300000006],[11.2065272,52.000240000000005],[11.2069504,52.000585],[11.207102200000001,52.0008404],[11.2071593,52.001089],[11.207145800000001,52.001445100000005],[11.2070813,52.0016982],[11.206698900000001,52.0023338],[11.206601500000001,52.0027321],[11.2065864,52.0031453],[11.2066294,52.0036903],[11.206705600000001,52.004134900000004],[11.207017400000002,52.005101],[11.2071833,52.0054936],[11.2073765,52.005827000000004],[11.207664600000001,52.006212600000005],[11.208775600000001,52.0073389],[11.209189100000001,52.0077079],[11.209537800000001,52.0079719],[11.2099463,52.008577700000004],[11.2104862,52.0091496],[11.210901400000001,52.0096767],[11.2112908,52.010477],[11.2116504,52.0113751],[11.212083100000001,52.012062300000004],[11.212544900000001,52.012661300000005],[11.212815200000001,52.0129576],[11.2131389,52.0134003],[11.2132859,52.0135717],[11.213459100000001,52.013721600000004],[11.2136735,52.0138449],[11.2139784,52.014000700000004],[11.214319900000001,52.01412800000001],[11.214677,52.0142273],[11.2153208,52.0144049],[11.215834000000001,52.014621600000005],[11.2165008,52.0149358],[11.2170307,52.015230700000004],[11.218092400000002,52.01587790000001],[11.2196633,52.016806300000006],[11.2199968,52.017017700000004],[11.220275800000001,52.01723560000001],[11.2204955,52.017425300000006],[11.22071,52.017670300000006],[11.220907400000002,52.0179479],[11.2210576,52.0181583],[11.221339,52.0185601],[11.2214612,52.0187262],[11.221551100000001,52.0188532],[11.221623300000001,52.019028000000006],[11.221815300000001,52.019456500000004],[11.222377700000001,52.0203921],[11.2227861,52.02105340000001],[11.2233388,52.0217558],[11.223877600000002,52.0224629]]}},{"type":"Feature","properties":{"osmType":"way","osmId":88952417,"name":"Bode","waterway":"river"},"geometry":{"type":"LineString","coordinates":[[11.2114062,51.942955100000006],[11.211068200000001,51.9432307],[11.2106755,51.9434727],[11.209842400000001,51.943874900000004],[11.209347300000001,51.9441396],[11.2088502,51.944583900000005],[11.2086515,51.9449066],[11.208544300000002,51.945098400000006],[11.2085764,51.9452373],[11.2086837,51.945415800000006],[11.208788400000001,51.9455237],[11.208808600000001,51.9455931],[11.208884900000001,51.9458806],[11.208930500000001,51.946077200000005],[11.2089362,51.946441400000005],[11.2088155,51.9465555],[11.208686400000001,51.9465998],[11.2085544,51.9466303],[11.208379800000001,51.946699],[11.208257300000001,51.9467707],[11.208202100000001,51.946834100000004],[11.2081795,51.9469038],[11.208113,51.947038400000004],[11.208165800000002,51.9472183],[11.208169300000002,51.947368600000004],[11.208156800000001,51.947435500000005],[11.208018500000001,51.947624600000005],[11.2076323,51.9478627],[11.2075894,51.9479355],[11.207610800000001,51.948047900000006],[11.2076711,51.948154],[11.2078459,51.948313000000006],[11.207934400000001,51.948411400000005],[11.207934900000001,51.9485085],[11.207879100000001,51.948596800000004],[11.2077121,51.94874780000001],[11.207101600000001,51.9490915],[11.2067811,51.949187900000005],[11.2064991,51.9492028],[11.206263,51.9491376],[11.205954,51.948963400000004],[11.205652,51.9488573],[11.205146200000001,51.9487382],[11.2048108,51.948692],[11.2045559,51.948674200000006],[11.2039042,51.948705100000005],[11.203555300000001,51.948788500000006],[11.203379400000001,51.9488429],[11.2032141,51.9489292],[11.203051100000001,51.949072900000004],[11.202891800000002,51.9492497],[11.202838100000001,51.949599400000004],[11.2027765,51.9498613],[11.2026199,51.950079],[11.202114700000001,51.950242900000006],[11.2015273,51.9503451],[11.201056900000001,51.950346],[11.2001807,51.950248800000004],[11.1997692,51.9502402],[11.199542800000001,51.950283000000006],[11.199199400000001,51.950507800000004],[11.1989526,51.9507209],[11.198788500000001,51.9507927],[11.1984899,51.9508309],[11.197692700000001,51.950847100000004],[11.197278800000001,51.950844100000005],[11.1971159,51.950872600000004],[11.1969504,51.950944],[11.1968052,51.951050200000005],[11.1966996,51.951222],[11.196313400000001,51.951678300000005],[11.196076600000001,51.951905800000006],[11.195793100000001,51.952074700000004],[11.195508700000001,51.952266800000004],[11.1950386,51.9524636],[11.194614600000001,51.952638500000006],[11.1941109,51.952741100000004],[11.193459500000001,51.952795800000004],[11.1932235,51.9528751],[11.1931138,51.9530466],[11.192723200000001,51.9535411],[11.1925559,51.9536844],[11.192237700000002,51.9537835],[11.1920111,51.9538669],[11.1916463,51.953986],[11.1913996,51.954111600000005],[11.191227900000001,51.9542835],[11.1910348,51.954633900000005],[11.1907344,51.9553877],[11.190348100000001,51.956472000000005],[11.1899941,51.957153000000005],[11.1898975,51.957371200000004],[11.189876100000001,51.9574969],[11.189988600000001,51.957625900000004],[11.190201100000001,51.95771250000001],[11.190573500000001,51.9577679],[11.191002600000001,51.957834000000005],[11.191127400000001,51.9578598],[11.191206000000001,51.9579187],[11.191303300000001,51.9580787],[11.191366200000001,51.9583403],[11.1913231,51.9585651],[11.1912172,51.958726600000006],[11.1910328,51.9588248],[11.1907352,51.95896260000001],[11.1904654,51.9590109],[11.1900001,51.9589793],[11.189511300000001,51.959004300000004],[11.1892967,51.959037300000006],[11.1891572,51.959156300000004],[11.1884706,51.959718300000006],[11.1882882,51.95991660000001],[11.188223800000001,51.960115],[11.188256,51.9603133],[11.188341900000001,51.960511600000004],[11.1883204,51.960591],[11.187977100000001,51.960657100000006],[11.187558600000001,51.960762900000006],[11.187279700000001,51.960921500000005],[11.187082400000001,51.961208500000005],[11.1869686,51.961437200000006],[11.1867218,51.9616289],[11.186292600000002,51.961761100000004],[11.184361500000001,51.9622636],[11.1839645,51.9625082],[11.1835353,51.9628321],[11.1833744,51.963037],[11.1831999,51.963278800000005],[11.183081600000001,51.963522100000006]]}},{"type":"Feature","properties":{"osmType":"way","osmId":89005058,"name":"Bode","waterway":"river"},"geometry":{"type":"LineString","coordinates":[[11.3347847,52.0028967],[11.335644400000001,52.0027424],[11.3361598,52.002727900000004],[11.3366634,52.002763],[11.3377426,52.0029502],[11.339435400000001,52.0032981],[11.340345600000001,52.0034283],[11.3410712,52.00342740000001],[11.3422429,52.0032828],[11.3433329,52.0031314],[11.344231200000001,52.002855600000004],[11.3452719,52.0024396],[11.346029000000001,52.0019581],[11.3462931,52.0017574],[11.3466036,52.0015215],[11.346911100000002,52.001292500000005],[11.347331800000001,52.0011383],[11.3476215,52.001111900000005],[11.3483189,52.001164700000004],[11.349241500000002,52.0012242],[11.350046200000001,52.001277],[11.3507817,52.0013182],[11.352052500000001,52.001263800000004],[11.355024400000001,52.001111900000005],[11.355593,52.001019400000004],[11.356075800000001,52.000913700000005],[11.356156400000001,52.0008866],[11.356725,52.000695400000005],[11.3581702,52.0001564],[11.3594352,51.999627600000004],[11.359884500000001,51.9994341],[11.3603137,51.999335],[11.3606463,51.999302],[11.3612149,51.999335],[11.362995900000001,51.999619100000004],[11.3634465,51.9996455],[11.3638864,51.9995926],[11.3641868,51.9995332],[11.3645516,51.9993813],[11.365045100000001,51.999084],[11.3653241,51.999031200000005],[11.3656352,51.9989982],[11.366096500000001,51.999051],[11.3666652,51.999070800000005],[11.367791700000001,51.9990444],[11.3682423,51.998932100000005],[11.3686393,51.998767],[11.3690362,51.998449900000004],[11.369283000000001,51.998106400000005],[11.3696371,51.9972873],[11.3701413,51.99634270000001],[11.3703988,51.9960322],[11.370610200000002,51.9958843],[11.3707837,51.995799700000006],[11.3710567,51.995698700000005],[11.371879400000001,51.995424500000006],[11.373317,51.9949026],[11.3742397,51.9945657],[11.3746474,51.9942684],[11.3748942,51.994010700000004],[11.3751409,51.993799300000006],[11.3756532,51.9935776],[11.3762889,51.993416200000006],[11.3768039,51.993270800000005],[11.377190200000001,51.993066000000006],[11.3780873,51.9924563],[11.381356,51.9904522],[11.3822864,51.989881700000005],[11.3831983,51.989472000000006],[11.383724,51.98927380000001],[11.3844536,51.989036000000006],[11.385086600000001,51.9889237],[11.386073600000001,51.988798100000004],[11.386493600000001,51.9887494],[11.3866423,51.9887321],[11.3870714,51.9886198],[11.387393300000001,51.988454600000004],[11.387683,51.9882828],[11.388273,51.988078],[11.3891206,51.9877674],[11.3895283,51.9875428],[11.389978900000001,51.987205800000005],[11.390311500000001,51.986908500000006],[11.390901600000001,51.9866442],[11.391384400000002,51.9865256],[11.3919745,51.986439700000005],[11.3927148,51.9864133],[11.3932298,51.98633400000001],[11.3940452,51.9861226],[11.394528000000001,51.985990400000006],[11.3949464,51.985990400000006],[11.3953755,51.9861093],[11.3958583,51.986301000000005],[11.396620100000002,51.986486000000006],[11.3971672,51.986552],[11.3977359,51.986519],[11.3984225,51.9864595],[11.399023300000001,51.9863604],[11.399720700000001,51.98633400000001],[11.400117700000001,51.986301000000005],[11.4005361,51.986149000000005],[11.400954500000001,51.985891300000006],[11.401651900000001,51.9853693],[11.402649700000001,51.984649100000006],[11.4037118,51.9840214],[11.4043019,51.9836315],[11.404538,51.983406800000004],[11.4046023,51.983215200000004],[11.404838400000001,51.9823694],[11.4049349,51.982164600000004],[11.4051924,51.98194650000001],[11.4054392,51.9817813],[11.4059971,51.981616100000004],[11.4066623,51.9814443],[11.4072416,51.9810742],[11.407435600000001,51.980888300000004],[11.407724400000001,51.980611700000004],[11.4089677,51.979439000000006],[11.409384600000001,51.9787108],[11.409669800000001,51.9782768],[11.4097402,51.977963700000004],[11.4097117,51.977666000000006],[11.409728000000001,51.97726350000001],[11.4098058,51.977023300000006],[11.4100955,51.976818400000006],[11.4104752,51.976680900000005],[11.411104700000001,51.976499700000005],[11.411576100000001,51.976177400000005],[11.411973000000001,51.9758403],[11.4123056,51.9753777],[11.4124344,51.974961300000004],[11.412606,51.974710200000004],[11.4129708,51.974558200000004],[11.413464300000001,51.974426],[11.4137755,51.9742145],[11.4139966,51.973956],[11.4141656,51.9737584],[11.4147435,51.973344700000006],[11.415120900000002,51.973134400000006],[11.4154379,51.973051000000005],[11.4157174,51.9730326],[11.4160502,51.973100800000005],[11.4166495,51.9732508],[11.4170371,51.9732679],[11.4173848,51.973248700000006],[11.4180995,51.9731383],[11.4186224,51.972983400000004],[11.419107700000001,51.9726944],[11.4195314,51.9723866],[11.419762700000001,51.9720329],[11.419898100000001,51.971603800000004],[11.419912400000001,51.971134500000005],[11.4196656,51.970513200000006],[11.4195583,51.970010900000005],[11.4197504,51.9676674],[11.4198841,51.967349500000005],[11.4201776,51.9670472]]}},{"type":"Feature","properties":{"osmType":"way","osmId":89005726,"name":"Bode","waterway":"river"},"geometry":{"type":"LineString","coordinates":[[11.4699889,51.946465700000005],[11.470334000000001,51.946443800000004],[11.4708784,51.946475400000004],[11.4757935,51.946747800000004],[11.476655200000001,51.946839000000004],[11.4772795,51.946824500000005],[11.4778052,51.9467517],[11.47817,51.9465732],[11.4786313,51.946302],[11.478797400000001,51.9462016],[11.479120700000001,51.94582260000001],[11.479445,51.9455954],[11.4797972,51.9454543],[11.480229600000001,51.9453607],[11.4811373,51.94522430000001],[11.4816354,51.945111600000004],[11.482128900000001,51.9448802],[11.485894700000001,51.942314100000004],[11.486334600000001,51.9419576],[11.4865814,51.9416804],[11.4870484,51.9410218],[11.4875606,51.9401729],[11.4877401,51.93986030000001],[11.4879332,51.939648600000005],[11.4883731,51.939436900000004],[11.489252800000001,51.9389872],[11.489993100000001,51.9386895],[11.4907334,51.938517600000004],[11.491645400000001,51.9383786],[11.4929114,51.938133900000004],[11.5035325,51.936127000000006],[11.5045517,51.9359285],[11.505436900000001,51.935869000000004],[11.5067272,51.9358671],[11.507420300000001,51.9357685],[11.5081995,51.93557130000001],[11.5094288,51.9351123],[11.5101072,51.9349696],[11.511209200000001,51.934925],[11.511949300000001,51.93477420000001],[11.5127217,51.934658500000005],[11.5133031,51.934641000000006],[11.514640700000001,51.9347896],[11.515365200000002,51.934910900000006],[11.5158609,51.9349001],[11.516122800000002,51.9348371],[11.5167826,51.93445010000001],[11.5170186,51.9341756],[11.5179518,51.933651700000006],[11.518747000000001,51.9328828],[11.518988400000001,51.9326008],[11.5190294,51.9324972],[11.5191637,51.932027700000006],[11.519211100000001,51.9312794],[11.5190357,51.930269200000005],[11.5189418,51.929703],[11.518601100000001,51.928797200000005],[11.518445600000002,51.928413500000005],[11.5183552,51.9283117],[11.5179361,51.9280643],[11.5175122,51.927738700000006],[11.5173888,51.927460800000006],[11.5174578,51.9272398],[11.5177438,51.9269929],[11.5181076,51.9267297],[11.5181398,51.9263592],[11.517994700000001,51.9260305],[11.517942900000001,51.925661000000005],[11.518025300000001,51.9253847],[11.518114500000001,51.9251438],[11.518083500000001,51.9248077],[11.5179145,51.9244703],[11.5171708,51.9240191],[11.5163468,51.923616800000005],[11.515479000000001,51.923011300000006],[11.5147335,51.9221105],[11.5143641,51.92118180000001],[11.514846,51.919530800000004],[11.5151143,51.918879000000004],[11.515389800000001,51.9184885],[11.515952,51.9181273],[11.5164658,51.9178785],[11.517191400000002,51.917448500000006],[11.517763,51.917020900000004],[11.517876900000001,51.91670190000001],[11.517855500000001,51.916430500000004],[11.5178706,51.915935000000005],[11.517966900000001,51.915593300000005],[11.518338900000002,51.9153582],[11.518756400000001,51.9152636],[11.519374200000001,51.9151303],[11.520195300000001,51.914901],[11.520615900000001,51.9145343],[11.5207447,51.914308600000005],[11.5210968,51.9140409],[11.5217769,51.9138363],[11.522340100000001,51.9137404],[11.522607800000001,51.9136122],[11.522897500000001,51.913361200000004],[11.522922000000001,51.913123500000005],[11.5227248,51.9126811],[11.5223467,51.9121469],[11.522322800000001,51.911681],[11.5224875,51.9113327],[11.522730600000001,51.9110549]]}},{"type":"Feature","properties":{"osmType":"way","osmId":89005731,"name":"Bode","waterway":"river"},"geometry":{"type":"LineString","coordinates":[[11.4241074,51.965172300000006],[11.4243112,51.964736],[11.4245902,51.964359200000004],[11.424847600000001,51.964147600000004],[11.425319700000001,51.9638964],[11.425897500000001,51.96374350000001],[11.425953600000001,51.963726],[11.4261285,51.963674600000004],[11.426659500000001,51.9635059],[11.426865600000001,51.9634404],[11.4273792,51.963237400000004],[11.427669300000002,51.963087900000005],[11.428109200000002,51.9626668]]}},{"type":"Feature","properties":{"osmType":"way","osmId":89005734,"name":"Bode","waterway":"river"},"geometry":{"type":"LineString","coordinates":[[11.4201776,51.9670472],[11.420414500000001,51.966903800000004],[11.4209531,51.966672800000005],[11.4220045,51.966309300000006],[11.4227141,51.9660603],[11.4235495,51.965602000000004],[11.4241074,51.965172300000006],[11.424729600000001,51.9648946],[11.4250273,51.964793500000006],[11.4257703,51.9645377],[11.426296,51.9642137],[11.4269076,51.9639692],[11.427208,51.9637973],[11.427562,51.9634932],[11.4278195,51.963096500000006],[11.428109200000002,51.9626668],[11.4281783,51.962604400000004],[11.4295361,51.9612587],[11.431252800000001,51.959632400000004],[11.4323578,51.95872000000001],[11.433892100000001,51.957688600000004],[11.435458500000001,51.9566572],[11.4362846,51.956082],[11.437400400000001,51.9552489],[11.4383016,51.954435600000004],[11.438569800000002,51.9542967],[11.4392457,51.9540653],[11.439878700000001,51.9538603],[11.4408122,51.9533975],[11.442292700000001,51.9527098],[11.4448998,51.9518039],[11.4454899,51.951625400000005],[11.446326800000001,51.95145350000001],[11.4472173,51.95124190000001],[11.4476893,51.951083100000005],[11.4481721,51.9508517],[11.448805100000001,51.950441700000006],[11.4491914,51.950236700000005],[11.4495562,51.950091300000004],[11.449867300000001,51.9500053],[11.450854300000001,51.9498532],[11.4511333,51.949806900000006],[11.451521600000001,51.949653700000006],[11.4518705,51.9494814],[11.452565100000001,51.9490926],[11.453009600000001,51.9488404],[11.453497700000002,51.9487207],[11.4546627,51.948577300000004],[11.459320900000002,51.947983300000004],[11.4639351,51.9473588],[11.4669827,51.946935800000006],[11.4699889,51.946465700000005]]}},{"type":"Feature","properties":{"osmType":"way","osmId":111753416,"name":"Bode","waterway":"river"},"geometry":{"type":"LineString","coordinates":[[11.2291833,51.873080300000005],[11.2287627,51.873382400000004],[11.228325,51.873609200000004],[11.2278184,51.8738199],[11.227352900000001,51.8740619],[11.226813900000002,51.874405200000005],[11.226421400000001,51.8744853],[11.2262964,51.8744596],[11.2262058,51.874432600000006],[11.225834200000001,51.874277500000005],[11.2255751,51.874194900000006],[11.225166600000001,51.874211100000004],[11.2248411,51.8742956],[11.2242096,51.874540200000006],[11.223701400000001,51.874777200000004],[11.223,51.875039900000004],[11.222518500000001,51.8752215],[11.2217353,51.8755838],[11.2214401,51.87569310000001],[11.220799900000001,51.875826200000006],[11.2203061,51.8759018],[11.2201564,51.875892500000006],[11.219840000000001,51.8757603],[11.2196622,51.8756082],[11.219597,51.875480200000005],[11.219492500000001,51.875213300000006],[11.2194217,51.8750779],[11.2193527,51.874939600000005],[11.2192079,51.874819200000005],[11.218931300000001,51.8746896],[11.218747500000001,51.8746364],[11.218126100000001,51.874456900000006],[11.2177124,51.8743956],[11.2173613,51.8744018],[11.2171664,51.874453800000005],[11.216992600000001,51.8745318],[11.216529600000001,51.874797400000006],[11.216290500000001,51.8750598],[11.216095800000002,51.875262500000005],[11.2159346,51.875310600000006],[11.2152892,51.8753699],[11.2149809,51.8754653],[11.214606700000001,51.875668700000006],[11.2141944,51.875969500000004],[11.2140915,51.876019400000004],[11.2139412,51.876037600000004],[11.2137747,51.8760375],[11.2133058,51.875877300000006],[11.212976300000001,51.875838400000006],[11.2126675,51.875872],[11.212406000000001,51.875969100000006],[11.212235300000001,51.876113600000004],[11.212122,51.8763075],[11.2120194,51.876607500000006],[11.2119867,51.876953300000004],[11.2119949,51.877147900000004],[11.2120352,51.8773732],[11.2121919,51.8777296],[11.212449900000001,51.878074700000006],[11.212777500000001,51.8783493],[11.212988600000001,51.878462000000006],[11.213506200000001,51.8785989],[11.2139115,51.878733200000006],[11.2139976,51.878807200000004],[11.214036100000001,51.8788889],[11.214048400000001,51.878967],[11.2139901,51.879059600000005],[11.2134263,51.879326500000005],[11.212423300000001,51.8797507],[11.2118284,51.8800922],[11.211290400000001,51.8803897],[11.2108915,51.880971900000006],[11.2108288,51.881115300000005],[11.2106484,51.881278200000004],[11.210430500000001,51.8814379],[11.209963700000001,51.8816902],[11.209037200000001,51.882033500000006],[11.208806800000001,51.882068000000004],[11.208341800000001,51.8821042],[11.2078849,51.8821121],[11.206559200000001,51.8820545],[11.2052183,51.8820446],[11.204048400000001,51.88204],[11.2035625,51.882101600000006],[11.2031583,51.882202500000005],[11.2026269,51.8824315],[11.2019339,51.882977800000006],[11.2012488,51.8835266],[11.2009538,51.8837337],[11.2007308,51.883807700000006],[11.200565300000001,51.8838104],[11.2003549,51.883784600000006],[11.199755000000001,51.8836012],[11.198989300000001,51.8833265],[11.198790800000001,51.883270700000004],[11.1984933,51.883274400000005],[11.197337600000001,51.883743800000005],[11.1966251,51.8839952],[11.1962395,51.8841278],[11.1959201,51.8844355],[11.195778200000001,51.8845558],[11.1956194,51.884630900000005],[11.1951402,51.8847748],[11.194723000000002,51.884946400000004],[11.194275000000001,51.8850689],[11.193763200000001,51.8851614],[11.1926179,51.8852953],[11.1922566,51.885402400000004],[11.192038,51.885540000000006],[11.1917874,51.8857489],[11.191445900000002,51.886195],[11.1913526,51.8863878],[11.1912327,51.8868547],[11.1911473,51.8869394],[11.190722300000001,51.887111000000004],[11.1904558,51.8871875],[11.1902644,51.887267300000005],[11.190109300000001,51.8873328],[11.1898589,51.8873978],[11.1897082,51.887351100000004],[11.189521000000001,51.887278],[11.189006800000001,51.8871656],[11.188582,51.8871668],[11.188225200000002,51.8871728],[11.187763400000001,51.887202900000005],[11.187325600000001,51.8872664],[11.1868408,51.887373600000004],[11.185883800000001,51.887562700000004],[11.1853084,51.8876518],[11.184605300000001,51.887775000000005],[11.1842415,51.887894800000005],[11.1840889,51.887953700000004],[11.183866100000001,51.8880567],[11.1835409,51.8885038],[11.1834129,51.888867000000005],[11.1833638,51.889235500000005],[11.1833606,51.889589900000004],[11.1833094,51.8898347],[11.1831879,51.890105600000005],[11.182409700000001,51.8910265],[11.182191000000001,51.8914125],[11.1818643,51.8917574],[11.181463200000001,51.892101700000005],[11.1813316,51.8924965],[11.1813044,51.8925782],[11.181315000000001,51.8928871],[11.1813877,51.8931113],[11.181552100000001,51.8932731],[11.1817255,51.893635],[11.181664000000001,51.8941974],[11.1815812,51.8948145],[11.181481300000002,51.8951562],[11.181486000000001,51.8954886],[11.181583300000002,51.8956571],[11.182145400000001,51.8960974],[11.182421100000001,51.8962173],[11.1827992,51.89637140000001],[11.1828842,51.8964689],[11.182906000000001,51.896568200000004],[11.1827801,51.896876400000004],[11.1825033,51.8971676],[11.1818381,51.897638500000006],[11.181627,51.8977815],[11.1814847,51.897921000000004],[11.1814259,51.8980005],[11.181393900000002,51.898094900000004],[11.1814543,51.898245200000005],[11.1816855,51.898381],[11.182009,51.8984603],[11.182359400000001,51.8984907],[11.1826214,51.898467100000005],[11.183181900000001,51.898416000000005],[11.1834629,51.8984049],[11.1837437,51.8984243],[11.183981500000002,51.8984936],[11.184280900000001,51.8987448],[11.1844561,51.898962100000006],[11.184544800000001,51.899106800000006],[11.184560300000001,51.8992499],[11.1845289,51.8993867],[11.1843532,51.8995417],[11.1838523,51.899845500000005],[11.1834629,51.9000624],[11.182982200000001,51.9003303],[11.182585000000001,51.900579300000004],[11.1822984,51.900831100000005],[11.1822481,51.900945500000006],[11.1822759,51.901065700000004],[11.1824027,51.901279300000006],[11.1826269,51.901641100000006],[11.182702500000001,51.9018401],[11.182646100000001,51.9020767],[11.1824212,51.902278700000004],[11.1821114,51.902492300000006],[11.1817195,51.9026678],[11.1813287,51.902789500000004],[11.1808849,51.9029424],[11.1804783,51.9031515],[11.1802419,51.9033716],[11.1801616,51.9034898],[11.1801177,51.9036339],[11.1801487,51.903969200000006],[11.180093600000001,51.9042279],[11.1798715,51.904496300000005],[11.179313700000002,51.9048079],[11.1788187,51.9049856],[11.1783525,51.905063000000006],[11.1780936,51.905151000000004],[11.177893300000001,51.9052809],[11.1777536,51.905421800000006],[11.1775743,51.9056543],[11.177404300000001,51.905822300000004],[11.177215700000001,51.905936700000005],[11.1767944,51.906141500000004],[11.1764769,51.90632],[11.1761657,51.9066033],[11.1760163,51.9068235],[11.1759322,51.9070085],[11.1759421,51.907292600000005],[11.175891100000001,51.9075581],[11.1757752,51.9078133],[11.1754958,51.908114700000006],[11.1754414,51.908299500000005],[11.1755063,51.908482600000006],[11.175882600000001,51.908742000000004],[11.176313100000002,51.9088926],[11.176737500000002,51.9090007],[11.177017900000001,51.9090299],[11.177472300000002,51.909050900000004],[11.1777058,51.909107000000006],[11.177935900000001,51.90922440000001],[11.1781647,51.9095086],[11.1784432,51.909982500000005],[11.1786369,51.910437200000004],[11.1786562,51.910759500000005],[11.178548000000001,51.911180900000005],[11.178512300000001,51.911460500000004],[11.1786098,51.9117053],[11.178983800000001,51.9119704],[11.1795928,51.9122679],[11.179968500000001,51.9124646],[11.1804676,51.912830400000004],[11.1809931,51.9132766],[11.181543300000001,51.913617900000006],[11.182052500000001,51.914004000000006],[11.1826892,51.9144379],[11.183104400000001,51.9146799],[11.1834024,51.9149468],[11.1834903,51.9151285],[11.183496900000002,51.915286300000005],[11.1834602,51.9154575],[11.183285600000001,51.9158849],[11.183228600000001,51.916175],[11.1832404,51.916325400000005],[11.183303500000001,51.916472600000006],[11.183432,51.9165828],[11.1836,51.916678100000006],[11.184040900000001,51.91682350000001],[11.184473800000001,51.9169433],[11.184685,51.9170511],[11.185179100000001,51.9175717],[11.1856942,51.918097],[11.1861156,51.918436400000004],[11.186367500000001,51.918716800000006],[11.186612400000001,51.9189276],[11.186985100000001,51.919037200000005],[11.1871541,51.919098700000006],[11.187594,51.91934010000001],[11.1881375,51.9196795],[11.188354200000001,51.91993110000001],[11.1885214,51.920334100000005],[11.188599700000001,51.9205771],[11.188651100000001,51.920795000000005],[11.188717700000002,51.921062400000004],[11.188628000000001,51.921347100000006],[11.1884934,51.921569100000006],[11.1880666,51.9218339],[11.1876788,51.9221792],[11.187581600000001,51.9223944],[11.187236200000001,51.9229427],[11.1869885,51.9233236],[11.186915500000001,51.9235388],[11.1869542,51.9239084],[11.1871282,51.92422010000001],[11.187549500000001,51.924503300000005],[11.188069500000001,51.9246799],[11.1889883,51.9247541],[11.189473600000001,51.9248306],[11.190413300000001,51.9250563],[11.1906245,51.925057100000004],[11.1907929,51.925019500000005],[11.1908957,51.92490900000001],[11.1909276,51.9247833],[11.190915500000001,51.924376800000005],[11.1909513,51.9242853],[11.191022400000001,51.9242263],[11.1911733,51.924207100000004],[11.1913003,51.924223600000005],[11.191502300000002,51.924298300000004],[11.1924857,51.9245869],[11.192708000000001,51.924647300000004],[11.1929605,51.924652],[11.1935804,51.924449],[11.193844400000001,51.9243667],[11.1941428,51.924327100000006],[11.1943759,51.9243925],[11.194600300000001,51.9245199],[11.19495,51.924935500000004],[11.1951374,51.9253544],[11.1949731,51.925691400000005],[11.194920600000001,51.9258539],[11.194942900000001,51.9259622],[11.195011800000001,51.926052600000006],[11.1950103,51.9261113],[11.194916300000001,51.9262925],[11.194923500000002,51.9264682],[11.194768400000001,51.9265928],[11.1945742,51.926668600000006],[11.1943897,51.9267796],[11.1942362,51.92696290000001],[11.194260600000002,51.9270616],[11.1941725,51.9271399],[11.194200400000001,51.9272028],[11.194328700000002,51.9272402],[11.194393300000002,51.9273267],[11.1942996,51.927493500000004],[11.194296000000001,51.9276448],[11.1942032,51.9279312],[11.1942527,51.9281452],[11.194450000000002,51.928350200000004],[11.1947576,51.928521100000005],[11.1949848,51.9285811],[11.1952306,51.9285659],[11.1955094,51.928390300000004],[11.1957535,51.9282771],[11.196041600000001,51.9279717],[11.1960087,51.9277692],[11.196113700000002,51.92757580000001],[11.196321600000001,51.927463700000004],[11.196587300000001,51.927473000000006],[11.196950500000002,51.9275603],[11.1974637,51.927874700000004],[11.197843800000001,51.928095000000006],[11.1983391,51.9282319],[11.199101800000001,51.9283792],[11.199413900000001,51.92853],[11.1999405,51.928868],[11.2002825,51.9290412],[11.2004447,51.929131600000005],[11.2005993,51.9292346],[11.200728300000002,51.929397900000005],[11.200855,51.9296001],[11.2011301,51.930874700000004],[11.2012224,51.9310503],[11.2018424,51.93174320000001],[11.202065000000001,51.9320431],[11.202097100000001,51.932158900000005],[11.202114900000002,51.93228310000001],[11.2021505,51.9323691],[11.2022668,51.9324626],[11.2023937,51.9325216],[11.202593400000001,51.9325806],[11.2028367,51.932580800000004],[11.203693000000001,51.932562000000004],[11.205569500000001,51.9323953],[11.206180900000001,51.9322984],[11.206705600000001,51.9321962],[11.206940600000001,51.9321898],[11.2071205,51.9322862],[11.207200700000001,51.9324449],[11.2074034,51.932862400000005],[11.2075315,51.933024800000005],[11.2077823,51.9331922],[11.2081725,51.933378000000005],[11.208415800000001,51.933430200000004],[11.208809700000002,51.9335013],[11.2090399,51.933588],[11.209234700000001,51.933708200000005],[11.209657100000001,51.934091900000006],[11.2101088,51.934408600000005],[11.2105536,51.934633600000005],[11.210774500000001,51.9347511],[11.210975300000001,51.934865900000005]]}},{"type":"Feature","properties":{"osmType":"way","osmId":182028071,"name":"Bode","waterway":"river"},"geometry":{"type":"LineString","coordinates":[[10.822619600000001,51.7474025],[10.8226812,51.7473321],[10.8230853,51.747205900000004],[10.823318,51.7471332],[10.823939300000001,51.7469091],[10.8244827,51.746565800000006],[10.8247824,51.7462607],[10.8250183,51.746098800000006],[10.8256121,51.746028700000004],[10.8273542,51.745881600000004],[10.8287917,51.745876700000004],[10.829766900000001,51.745862900000006],[10.830679400000001,51.74592740000001],[10.831588100000001,51.746002700000005],[10.832213000000001,51.7463628],[10.8327062,51.7464777],[10.833301500000001,51.7466098],[10.833617100000001,51.746771300000006],[10.8338598,51.747052800000006],[10.833932800000001,51.7473347],[10.8339288,51.747705700000004],[10.833925200000001,51.748172700000005],[10.8339431,51.7485476],[10.833947700000001,51.748643400000006],[10.834087100000001,51.748846400000005],[10.833985700000001,51.749186800000004],[10.8337649,51.7494869],[10.8332843,51.749842300000005],[10.8327547,51.7500842],[10.8318892,51.7503212],[10.8314695,51.7503985],[10.830952700000001,51.750573300000006],[10.830689600000001,51.750632],[10.830323100000001,51.750756100000004],[10.8298187,51.7508932],[10.8288632,51.7512544],[10.8286391,51.751409900000006],[10.828543100000001,51.7515251],[10.828570000000001,51.751697500000006],[10.8287107,51.7518855],[10.8291084,51.752224000000005],[10.8297852,51.7527161],[10.8303039,51.753132400000005],[10.831033000000001,51.753642400000004],[10.831785700000001,51.754079100000006],[10.8332002,51.7545676],[10.834306400000001,51.7548364],[10.8347248,51.7548967],[10.835520500000001,51.755124900000006],[10.836021500000001,51.7553247],[10.836236000000001,51.7553989],[10.8363762,51.75542780000001],[10.8368672,51.755506700000005],[10.837471800000001,51.755542000000005],[10.837652400000001,51.7555558],[10.8387431,51.7555022],[10.8390847,51.755442900000006],[10.8393686,51.7553489],[10.8404977,51.754821400000004],[10.8408929,51.754578900000006],[10.841677800000001,51.7543159],[10.842832300000001,51.75409440000001],[10.8433179,51.7540277],[10.843703000000001,51.754011600000005],[10.8440694,51.754027900000004],[10.8443386,51.7540617],[10.844906100000001,51.75420200000001],[10.8455204,51.7543893],[10.8458387,51.7545348],[10.8459795,51.75461120000001],[10.8461356,51.7547464],[10.8463548,51.7549356],[10.846476200000001,51.755119900000004],[10.846851500000001,51.7553842],[10.847227,51.7558026],[10.8478013,51.756409600000005],[10.8483578,51.7569674],[10.8488658,51.757426800000005],[10.849250000000001,51.757654],[10.8497555,51.757863900000004],[10.8501513,51.7579627],[10.8505467,51.75799730000001],[10.8510874,51.75801980000001],[10.851874800000001,51.7579367],[10.852107,51.7578602],[10.852368400000001,51.757695000000005],[10.852792,51.757462700000005],[10.853675,51.7566952],[10.8540905,51.7562021],[10.854316,51.7560238],[10.8546166,51.755884200000004],[10.8548229,51.7558],[10.8549431,51.7557509],[10.855735500000002,51.755506700000005],[10.856247600000001,51.7553926],[10.8571858,51.7553512],[10.8576797,51.7553411],[10.858023300000001,51.755334100000006],[10.8588739,51.755469000000005],[10.8600306,51.7558583],[10.860460300000002,51.7561167],[10.860782500000001,51.7564184],[10.8608378,51.756499100000006],[10.860861100000001,51.7565332],[10.861021000000001,51.7567667],[10.8609585,51.7568289],[10.8610187,51.7569102],[10.861179400000001,51.7569704],[10.861239300000001,51.7570568],[10.8613117,51.75725490000001],[10.8615501,51.7574763],[10.862019,51.7577979],[10.862328100000001,51.7579483],[10.862708000000001,51.758038600000006],[10.8634296,51.758168600000005],[10.8639034,51.75820890000001],[10.864390100000001,51.758198900000004],[10.864681500000001,51.758127],[10.864877100000001,51.7580788],[10.8650195,51.7580335],[10.865162600000001,51.757988000000005],[10.8655668,51.757819500000004],[10.865961200000001,51.757598900000005],[10.8660426,51.7575185],[10.866014100000001,51.7574266],[10.8659663,51.75735],[10.865849,51.757121700000006],[10.8657084,51.7567844]]}},{"type":"Feature","properties":{"osmType":"way","osmId":203374833,"name":"Bode","waterway":"river"},"geometry":{"type":"LineString","coordinates":[[10.804837500000001,51.7360193],[10.8050653,51.7360194]]}},{"type":"Feature","properties":{"osmType":"way","osmId":337201160,"name":"Bode","waterway":"river"},"geometry":{"type":"LineString","coordinates":[[11.7060115,51.8472706],[11.706093500000001,51.8470596],[11.706093500000001,51.84684420000001],[11.705977500000001,51.8458818],[11.705661000000001,51.844914200000005],[11.7052717,51.84403390000001],[11.7054606,51.843509000000005],[11.705893300000001,51.842231600000005],[11.705767100000001,51.841537200000005],[11.7059683,51.84081200000001],[11.706500400000001,51.840178],[11.7072397,51.839572700000005],[11.708850400000001,51.8384749],[11.7097867,51.8378066],[11.7111104,51.8372181],[11.712042100000001,51.836687100000006],[11.7125409,51.836204200000005],[11.7135899,51.83572],[11.717311200000001,51.8342577],[11.7188732,51.834152],[11.721189800000001,51.8335481],[11.7226633,51.8333025],[11.7241481,51.8329735],[11.724985100000001,51.8330545],[11.725580500000001,51.833418400000006],[11.7263047,51.833729000000005],[11.727378700000001,51.8338941],[11.728462700000001,51.8339773],[11.729818300000002,51.8339523],[11.731324500000001,51.8337439],[11.734798000000001,51.8332289],[11.7359834,51.832849700000004],[11.7367796,51.8321436],[11.737174000000001,51.831627100000006],[11.7380235,51.8312618],[11.7412851,51.8306253],[11.744488500000001,51.830723000000006],[11.745370000000001,51.8304947],[11.746134000000001,51.8304947],[11.746744600000001,51.83039],[11.749769200000001,51.829291000000005],[11.7506616,51.829185300000006],[11.751011700000001,51.829143900000005],[11.7518423,51.8291788],[11.7526773,51.8293084],[11.7530938,51.829591900000004],[11.7531358,51.830536200000004],[11.7536316,51.8309452],[11.753920500000001,51.83111],[11.755016300000001,51.831735300000005],[11.755203,51.831767000000006],[11.7559252,51.8318973],[11.758495600000002,51.8325029],[11.759466000000002,51.8328968],[11.761553300000001,51.8331747],[11.7635564,51.832911200000005],[11.765783200000001,51.8320669],[11.766442600000001,51.8317762],[11.7671136,51.8317345],[11.7673289,51.831818600000005],[11.7675256,51.8318955],[11.7679118,51.8325959],[11.7698427,51.8331925],[11.771505000000001,51.8335142],[11.7724285,51.8337943],[11.7728154,51.834003100000004],[11.773098300000001,51.834264100000006],[11.7734024,51.834930400000005],[11.7734827,51.835739800000006],[11.772537900000001,51.838004500000004],[11.7720851,51.8391097],[11.771442,51.840736500000006],[11.7711386,51.841345000000004]]}},{"type":"Feature","properties":{"osmType":"way","osmId":396052393,"name":"Bode","waterway":"river"},"geometry":{"type":"LineString","coordinates":[[11.1360942,51.779158],[11.1367176,51.779521800000005],[11.1374031,51.7799476],[11.1376015,51.780131100000006],[11.1376693,51.780227100000005],[11.1377576,51.7804207],[11.137949,51.7814485],[11.137967100000001,51.781704500000004],[11.138085700000001,51.7819669],[11.1384761,51.7822322],[11.1387964,51.7824065],[11.1390069,51.7824225],[11.139317,51.782445],[11.1398284,51.782774],[11.1401143,51.782888],[11.140301800000001,51.7830299],[11.140478,51.783202100000004],[11.140512900000001,51.7832237],[11.140589400000001,51.783255000000004],[11.140653700000001,51.783274500000005],[11.140774700000001,51.7833054],[11.140915600000001,51.783326900000006],[11.141396700000001,51.783385900000006],[11.141559200000001,51.7833783],[11.1417444,51.7833741],[11.1418269,51.7833703],[11.141946800000001,51.7833624],[11.1421723,51.7833448],[11.142288200000001,51.7833224],[11.1426443,51.7832584],[11.142939400000001,51.783213700000005],[11.1431885,51.78317800000001],[11.1436668,51.7831558],[11.1445471,51.7832742],[11.145032500000001,51.783346800000004],[11.145266000000001,51.783403500000006],[11.1454152,51.783479500000006],[11.145519100000001,51.7835484],[11.145767800000002,51.78376050000001],[11.145831600000001,51.783838800000005],[11.145860500000001,51.7838836],[11.1458774,51.78392830000001],[11.1458913,51.783976100000004],[11.1458992,51.784024800000005],[11.1459071,51.7840725],[11.145921000000001,51.7841194],[11.1460019,51.784351],[11.146114,51.7846417],[11.1461843,51.7847907],[11.1462477,51.7848916],[11.1462866,51.7849404],[11.1463274,51.78498810000001],[11.146376100000001,51.785036000000005],[11.1464303,51.785082700000004],[11.146486300000001,51.78512610000001],[11.1465478,51.785167200000004],[11.1466393,51.7852151],[11.1467345,51.7852563],[11.146830600000001,51.7852924],[11.1469331,51.785321700000004],[11.147038700000001,51.7853439],[11.1471452,51.7853538],[11.1472517,51.78536080000001],[11.147358200000001,51.7853622],[11.1475474,51.7853635],[11.147640200000001,51.78535960000001],[11.147733,51.78535350000001],[11.1478195,51.785342],[11.147897,51.785325],[11.1480581,51.785285300000005],[11.1482206,51.7852485],[11.1483004,51.78523190000001],[11.148383200000001,51.785219000000005],[11.148572300000001,51.78520030000001],[11.148796,51.785178200000004],[11.149400400000001,51.7851153],[11.1498396,51.785081000000005],[11.1499021,51.7850824],[11.1499646,51.785083900000004],[11.1500293,51.785090000000004],[11.150094000000001,51.7850997],[11.1502157,51.7851251],[11.150275800000001,51.7851433],[11.150326900000001,51.7851634],[11.151704200000001,51.785851900000004],[11.1524824,51.786196100000005],[11.1531658,51.7865746],[11.1562768,51.7884946],[11.1576631,51.7893411],[11.159058,51.7901193],[11.1593671,51.790318600000006],[11.160037500000001,51.790750800000005],[11.160618600000001,51.791026],[11.161946,51.791731600000006],[11.1623684,51.791947500000006],[11.162780000000001,51.792163300000006],[11.163010900000002,51.7922917],[11.1632257,51.7924202],[11.1635483,51.792609500000005],[11.1636538,51.7926854],[11.163731400000001,51.792751700000004],[11.1638026,51.792820000000006],[11.163909100000001,51.79293860000001],[11.1641186,51.793253],[11.1644772,51.793807400000006],[11.1646509,51.7941446],[11.164785,51.7945274],[11.1649296,51.794887200000005],[11.165094,51.7951908],[11.1655069,51.7958129],[11.1656642,51.79605],[11.1668458,51.797305800000004],[11.1672963,51.797696],[11.167651800000002,51.7980497],[11.1682795,51.7984779],[11.1687028,51.7987723],[11.169117,51.7989845],[11.1699702,51.7991967],[11.170646600000001,51.799494900000006],[11.1713457,51.7999116],[11.171999600000001,51.8004273],[11.172745200000001,51.8009579],[11.173684900000001,51.8013509],[11.1744892,51.8015429],[11.1753023,51.801661800000005],[11.1765127,51.8018094],[11.177007300000001,51.801970000000004],[11.177663,51.8024403],[11.1783406,51.802818800000004],[11.1791923,51.803161],[11.179621500000001,51.803340500000004],[11.1810816,51.80419740000001],[11.1818291,51.804643500000005],[11.1824901,51.804890900000004],[11.1829876,51.8049705],[11.183269000000001,51.804971],[11.1835129,51.8049484],[11.185945,51.804355900000004],[11.186445500000001,51.8043813],[11.1870928,51.804616100000004],[11.187645700000001,51.8049466]]}},{"type":"Feature","properties":{"osmType":"way","osmId":396054704,"name":"Bode","waterway":"river"},"geometry":{"type":"LineString","coordinates":[[11.0898441,51.756050200000004],[11.0900718,51.756072200000006],[11.0901999,51.7561577]]}},{"type":"Feature","properties":{"osmType":"way","osmId":784887799,"name":"Bode","waterway":"river"},"geometry":{"type":"LineString","coordinates":[[11.187645700000001,51.8049466],[11.187861900000001,51.805076],[11.1884115,51.80592540000001],[11.1892756,51.806756400000005],[11.189544900000001,51.8073276],[11.1895424,51.8074026],[11.1895304,51.8077528],[11.1894886,51.808218200000006],[11.189561300000001,51.808513500000004],[11.189708000000001,51.8086344],[11.189947700000001,51.808953],[11.190488700000001,51.809157500000005],[11.190888300000001,51.809198200000004],[11.1913069,51.809204900000005],[11.191892000000001,51.8091747],[11.1921584,51.809198200000004],[11.1923866,51.809237800000005],[11.1929276,51.8094729],[11.1935871,51.8096819],[11.1940466,51.8098819],[11.1943897,51.810115100000004],[11.194760200000001,51.8104171],[11.194838800000001,51.8105843],[11.194851900000002,51.810766300000004],[11.1948931,51.8109474],[11.1950319,51.8110859],[11.1952488,51.811201100000005],[11.1954016,51.8113448],[11.195926,51.812009],[11.196239100000001,51.8123056],[11.1963773,51.8124715],[11.196581400000001,51.8127295],[11.196606300000001,51.81300400000001],[11.1964392,51.8132779],[11.1957087,51.814007200000006],[11.1956509,51.814126400000006],[11.1956293,51.8142201],[11.195654000000001,51.8142908],[11.195749800000002,51.8143156],[11.195858000000001,51.8143271],[11.1959291,51.8143596],[11.196491700000001,51.81526160000001],[11.196507200000001,51.815424],[11.1967545,51.8156552],[11.1969183,51.8159457],[11.1969472,51.8162132],[11.1969702,51.816425200000005],[11.197240500000001,51.8167027],[11.197323,51.816762000000004],[11.1975092,51.81686130000001],[11.1984793,51.817308100000005],[11.199245900000001,51.817831700000006],[11.1998273,51.818451100000004],[11.199963100000002,51.8187451],[11.2002042,51.8189572],[11.2005566,51.8192285],[11.2010848,51.8198042],[11.2018796,51.820654000000005],[11.2021455,51.8211068],[11.202417500000001,51.821649400000005],[11.2024796,51.82193],[11.202468000000001,51.822193500000004],[11.202374500000001,51.822432500000005],[11.202207300000001,51.822625800000004],[11.201746700000001,51.8228226],[11.2016725,51.82292],[11.201660100000002,51.8230328],[11.201703400000001,51.823162700000005],[11.2017854,51.82330880000001],[11.2020002,51.823500900000006],[11.2022846,51.823623100000006],[11.203264500000001,51.824307100000006],[11.2037127,51.824559300000004],[11.2041578,51.8247829],[11.2044902,51.8249949],[11.204729700000001,51.825474500000006],[11.204867,51.8264677],[11.204930500000001,51.826825500000005],[11.205973400000001,51.8278617],[11.206146400000002,51.82805260000001],[11.2061896,51.828098600000004],[11.2062404,51.828427000000005],[11.2062437,51.828638100000006],[11.2059677,51.83016000000001],[11.206043300000001,51.830462700000005],[11.206179200000001,51.830722900000005],[11.2062007,51.830760600000005],[11.206550400000001,51.8312267],[11.206877200000001,51.831503000000005],[11.2072293,51.8316936],[11.2074707,51.8318628],[11.2075861,51.832039200000004],[11.207493900000001,51.8326186],[11.2075387,51.8327596],[11.2075388,51.832793300000006],[11.2075873,51.832886],[11.207739,51.8329888],[11.2081122,51.833130100000005],[11.2088976,51.8333856],[11.210086400000002,51.8337882],[11.2105549,51.834005100000006],[11.2118216,51.834719500000006],[11.2125242,51.8351624],[11.2130428,51.835443500000004],[11.213815100000001,51.835808],[11.2140176,51.8358951],[11.2146606,51.836074700000005],[11.2153521,51.836364100000004],[11.2161431,51.836774000000005],[11.2167049,51.8371031],[11.217474500000002,51.83746420000001],[11.218868200000001,51.837912100000004],[11.2193913,51.8380986],[11.2196732,51.8382249],[11.2197939,51.838306700000004],[11.220335200000001,51.8387566],[11.2206642,51.8388853],[11.220959,51.8390159],[11.2211101,51.8391261],[11.2211998,51.8392144],[11.2214659,51.83953],[11.2217968,51.839744700000004],[11.222647100000001,51.840326100000006],[11.2229966,51.8405532],[11.223237300000001,51.8407301],[11.2234785,51.840968700000005],[11.2239918,51.841421800000006],[11.2241592,51.841538],[11.224406400000001,51.8416998],[11.2248044,51.841893500000005],[11.225562100000001,51.842215],[11.2260141,51.8424136],[11.2267527,51.842821],[11.2271491,51.8431342],[11.2275788,51.8435939],[11.227959,51.8438692],[11.2282645,51.8440608],[11.2286409,51.8443532],[11.228954100000001,51.8446494],[11.2289861,51.8447473],[11.229002300000001,51.8449596],[11.2290571,51.8452757],[11.229361,51.845747900000006],[11.229624600000001,51.8460936],[11.2299371,51.8464577],[11.2300333,51.8465721],[11.2301829,51.846658600000005],[11.2307553,51.8468736],[11.2314311,51.847071],[11.2322766,51.847221100000006],[11.232678700000001,51.847317200000006],[11.2328756,51.8474238],[11.233093400000001,51.8477242],[11.233240200000001,51.847906300000005],[11.2333222,51.8479473],[11.2334695,51.847975000000005],[11.233801000000001,51.848034600000005],[11.233993600000002,51.8480682],[11.234310800000001,51.848102600000004],[11.234454000000001,51.848089800000004],[11.2345454,51.8480244],[11.2345881,51.8479326],[11.234566500000001,51.847787700000005],[11.234573600000001,51.847694800000006],[11.2346436,51.8476523],[11.2347181,51.8476548],[11.2348227,51.847680100000005],[11.234949,51.8477194],[11.2353898,51.8479698],[11.2358025,51.8482885],[11.236016900000001,51.8485347],[11.236204500000001,51.8488138],[11.236415500000001,51.849077900000005],[11.236665100000002,51.8492467],[11.236818300000001,51.8493702],[11.2369012,51.849457],[11.2369336,51.849533400000006],[11.236922400000001,51.849664800000006],[11.2368187,51.8499448],[11.2367325,51.8500901],[11.2366641,51.850221000000005],[11.236603200000001,51.850335300000005],[11.236373200000001,51.850591],[11.2362309,51.850747000000005],[11.2361035,51.850821800000006],[11.2358115,51.8509484],[11.2356542,51.851046100000005],[11.2355611,51.851195800000006],[11.2354517,51.851461900000004],[11.235435500000001,51.851613900000004],[11.2354683,51.8517297],[11.235554800000001,51.851840700000004],[11.236226700000001,51.852273000000004],[11.2364852,51.852376400000004],[11.2368445,51.852477900000004],[11.237075500000001,51.8525818],[11.237161700000001,51.852688],[11.2372046,51.852809300000004],[11.2371674,51.8530889],[11.2369816,51.853644900000006],[11.236930000000001,51.85412],[11.236854000000001,51.854484500000005],[11.236675400000001,51.8547579],[11.2364721,51.8552235],[11.2362862,51.8560309],[11.2360983,51.85666620000001],[11.235887700000001,51.8568264],[11.2355248,51.8569121],[11.2352279,51.856926400000006],[11.2348687,51.856842400000005],[11.234558400000001,51.8568775],[11.2341233,51.857025400000005],[11.233833500000001,51.857153100000005],[11.2335917,51.857547600000004],[11.2330573,51.858644000000005]]}},{"type":"Feature","properties":{"osmType":"way","osmId":837762288,"name":"Bode","waterway":"river"},"geometry":{"type":"LineString","coordinates":[[10.919512600000001,51.741528300000006],[10.9197503,51.741240700000006],[10.9199664,51.7410901],[10.920402300000001,51.740905000000005],[10.920665000000001,51.7408438],[10.9209116,51.740822900000005],[10.9214026,51.740777300000005],[10.9217986,51.740700600000004],[10.9220856,51.7406549],[10.922129100000001,51.740643500000004],[10.9223929,51.7405746],[10.923361,51.740254500000006],[10.9236404,51.740110400000006],[10.9238853,51.739938300000006],[10.924036500000001,51.7397891],[10.9240445,51.739689500000004],[10.9239811,51.7395597],[10.9237836,51.739386200000006],[10.9234965,51.7392467],[10.9214432,51.7383061],[10.9205237,51.73776],[10.9196329,51.737222300000006],[10.9178066,51.736595400000006],[10.917540200000001,51.736480400000005],[10.9172458,51.736274800000004],[10.916757800000001,51.73567430000001],[10.9160888,51.7344798],[10.9157737,51.733715200000006],[10.915602100000001,51.733198400000006],[10.915673700000001,51.732694],[10.9152226,51.732188400000005],[10.914877500000001,51.731560400000006],[10.9149039,51.731450300000006],[10.914932100000001,51.7313327],[10.9151301,51.731101900000006],[10.9158785,51.730875600000005],[10.916998600000001,51.7306472],[10.9180469,51.7305331],[10.9186647,51.730547800000004],[10.919591800000001,51.7306627],[10.9203083,51.7308175],[10.9208902,51.7310493],[10.9218551,51.731565100000005],[10.9226614,51.73213500000001],[10.925066000000001,51.7338876],[10.925209500000001,51.7340821],[10.9255531,51.7342394],[10.925825900000001,51.734565800000006],[10.925967400000001,51.7346793],[10.9261187,51.734883800000006],[10.9261888,51.735019900000005],[10.9263627,51.73514],[10.9266462,51.735241800000004],[10.927153800000001,51.7352775],[10.927700000000002,51.735221],[10.928211300000001,51.73521],[10.9286069,51.735260800000006],[10.929146600000001,51.7352526],[10.9295459,51.735234600000005],[10.9299321,51.7351753],[10.9302683,51.735058900000006],[10.930937700000001,51.7346565],[10.9311714,51.734516000000006],[10.9321818,51.733991800000005],[10.9327611,51.7337191],[10.9331299,51.733630000000005],[10.9337595,51.733267600000005],[10.934290800000001,51.733092000000006],[10.9348477,51.7329634],[10.9348956,51.7329324],[10.9352554,51.732699700000005],[10.935897,51.7323445],[10.936119900000001,51.7321017],[10.9362478,51.7317638],[10.9362486,51.731565200000006],[10.9361207,51.731233200000005],[10.935792600000001,51.7309987],[10.9354109,51.730676200000005],[10.9346606,51.730262100000004],[10.934050000000001,51.7300417],[10.933358100000001,51.729911200000004],[10.932808600000001,51.7298813],[10.9318662,51.729946600000005],[10.930450500000001,51.729999400000004],[10.929156800000001,51.730095000000006],[10.928297500000001,51.7300886],[10.9278426,51.7300692],[10.927431400000001,51.730008600000005],[10.926852400000001,51.7299139],[10.926587300000001,51.7298508],[10.9264791,51.7298084],[10.9262916,51.729735000000005],[10.9260418,51.7295748],[10.9259717,51.7294612],[10.9259798,51.7293103],[10.9261908,51.7288694],[10.9262782,51.7286574],[10.926366600000001,51.728555300000004],[10.926517500000001,51.7284735],[10.926717100000001,51.728388700000004],[10.9273536,51.728202],[10.9279781,51.727991100000004],[10.9287402,51.7278443],[10.929462800000001,51.727786900000005],[10.9302791,51.727650100000005],[10.930871100000001,51.727539500000006],[10.9314893,51.72730910000001],[10.931833000000001,51.727139400000006],[10.931880900000001,51.727115700000006],[10.9324262,51.726907600000004],[10.9329429,51.726786700000005],[10.9336081,51.726584300000006],[10.9343897,51.72633810000001],[10.9353,51.7262421],[10.9362741,51.7262385],[10.9371098,51.7263761],[10.9377999,51.7265122],[10.93825,51.726612],[10.938835200000002,51.7266008],[10.939263400000002,51.7265621],[10.940140900000001,51.726379],[10.941882000000001,51.726029800000006],[10.9427561,51.725764700000006],[10.943306300000001,51.725564500000004],[10.943627300000001,51.725505600000005],[10.9438182,51.7254967],[10.944078800000002,51.7254845],[10.9443409,51.7254973],[10.944628900000001,51.725543200000004],[10.9450161,51.7256542],[10.9452175,51.725757],[10.945439400000001,51.725878400000006],[10.9456086,51.7260494],[10.9457003,51.7262336],[10.9457646,51.7270218],[10.945848400000001,51.7274376],[10.9460484,51.727804500000005],[10.946171300000001,51.7279843],[10.9463425,51.7281612],[10.946550400000001,51.7283054],[10.9467937,51.72846070000001],[10.9472149,51.7286409],[10.9475101,51.7286852],[10.9478104,51.728688000000005],[10.9480255,51.728643000000005],[10.948209,51.7285746],[10.9483247,51.728424700000005],[10.948363200000001,51.7282687],[10.9484788,51.727883600000006],[10.948695500000001,51.727620300000005],[10.9488593,51.7274753],[10.949126900000001,51.72739],[10.949531200000001,51.7272146],[10.949948500000001,51.7271367],[10.950402400000002,51.7271462],[10.951060700000001,51.7270686],[10.9514031,51.726939900000005],[10.9516039,51.7267273],[10.9516956,51.726490000000005],[10.951884100000001,51.7262763],[10.952021,51.7259223],[10.9521873,51.7253728],[10.9521815,51.7249026],[10.9521508,51.724635000000006],[10.9520333,51.7243718],[10.951530100000001,51.7236543],[10.951397100000001,51.723234500000004],[10.9513333,51.72298120000001],[10.951267300000001,51.722638100000005],[10.9513324,51.72231420000001],[10.9518921,51.7214332],[10.952107,51.720917],[10.9524343,51.720581100000004],[10.9532412,51.720075400000006],[10.9540254,51.7196763],[10.954391300000001,51.71938110000001],[10.955272,51.718835000000006],[10.9562278,51.7186858],[10.956798200000001,51.7187306],[10.9572936,51.718900100000006],[10.9576835,51.719153500000004],[10.957866800000001,51.7193801],[10.9579676,51.719612100000006],[10.957949800000002,51.7198203],[10.958064,51.720362300000005],[10.9581917,51.7209787],[10.958296800000001,51.721816100000005],[10.9584389,51.722349400000006],[10.958443800000001,51.722751300000006],[10.9585354,51.723024900000006],[10.9587295,51.72335940000001],[10.9589393,51.723580000000005],[10.959501000000001,51.7239185],[10.9607367,51.724399500000004],[10.9615542,51.724619800000006],[10.962081000000001,51.72468550000001],[10.962517700000001,51.724692700000006],[10.9628408,51.7246455],[10.9631074,51.7245617],[10.963409500000001,51.724400200000005],[10.964150700000001,51.724004400000005],[10.964535900000001,51.723673100000006],[10.9648903,51.7232909],[10.9651104,51.7226755],[10.965137400000001,51.722230800000006],[10.9650136,51.7218129],[10.964738200000001,51.721395],[10.964477700000002,51.7211956],[10.9642174,51.7210626],[10.9639289,51.721005700000006],[10.963490400000001,51.7209632],[10.962865800000001,51.7209591],[10.9620172,51.7210614],[10.961458700000001,51.7210534],[10.961165300000001,51.721034200000005],[10.9609935,51.7209986],[10.960872700000001,51.720932000000005],[10.960780100000001,51.720756],[10.960772,51.720219300000004],[10.960673400000001,51.7196487],[10.9606808,51.71952640000001],[10.9607398,51.7193984],[10.961036,51.719074500000005],[10.961582100000001,51.7184626],[10.962054100000001,51.7181439],[10.9626126,51.717922900000005],[10.9636511,51.7177687],[10.9642777,51.717691900000005],[10.964869400000001,51.717677],[10.9654337,51.7177268],[10.966016300000001,51.7178568],[10.9674507,51.718266],[10.968836000000001,51.7187082],[10.9695043,51.719],[10.969748500000001,51.7190553],[10.9700398,51.7190584],[10.9702816,51.7189957],[10.970449700000001,51.7188731],[10.9704832,51.7186931],[10.9703706,51.718377200000006],[10.970327900000001,51.71807930000001]]}},{"type":"Feature","properties":{"osmType":"way","osmId":837762289,"name":"Bode","waterway":"river"},"geometry":{"type":"LineString","coordinates":[[10.9192894,51.741892400000005],[10.919512600000001,51.741528300000006]]}},{"type":"Feature","properties":{"osmType":"way","osmId":1322229596,"name":"Bode","waterway":"river"},"geometry":{"type":"LineString","coordinates":[[10.7700551,51.7399762],[10.7704576,51.739992400000006],[10.7708224,51.7400023],[10.771192600000001,51.740026],[10.771385,51.740088300000004],[10.771749100000001,51.7401947],[10.771818000000001,51.740208200000005],[10.772115300000001,51.7402772],[10.7726115,51.740519600000006],[10.7729525,51.740661100000004],[10.773233900000001,51.7407527],[10.7737798,51.740895900000005],[10.7745729,51.740997300000004],[10.775168,51.7410702],[10.776968400000001,51.741207900000006]]}},{"type":"Feature","properties":{"osmType":"way","osmId":1450188349,"name":"Bode","waterway":"river"},"geometry":{"type":"LineString","coordinates":[[11.0901999,51.7561577],[11.0903597,51.75611790000001],[11.0905673,51.756106300000006],[11.0907403,51.756096600000006],[11.091440400000002,51.756202200000004],[11.092175200000002,51.75650520000001],[11.0925271,51.7568744],[11.0926574,51.7571123],[11.0927371,51.75736070000001],[11.092781200000001,51.757624500000006],[11.0927555,51.7577408],[11.0926899,51.7578849],[11.0925358,51.758045200000005],[11.0923387,51.7581847],[11.0918396,51.7585035],[11.0911568,51.75907410000001],[11.090878100000001,51.7593721],[11.0908096,51.7596277],[11.0908423,51.759811500000005],[11.0908726,51.76001290000001],[11.0909867,51.760288700000004],[11.0911582,51.76048350000001],[11.0913769,51.7606826],[11.0916397,51.7608745],[11.091967200000001,51.761032300000004],[11.092539,51.761368100000006],[11.0931314,51.7616316],[11.093894800000001,51.7619953],[11.094607,51.7624457],[11.095198600000002,51.76309800000001],[11.095468,51.7636133],[11.095459700000001,51.7638279],[11.095393900000001,51.7641172],[11.0954703,51.764395400000005],[11.0955999,51.764901900000005],[11.0953166,51.7658338],[11.095759500000002,51.766305],[11.09661,51.766705400000006],[11.0976383,51.7672989],[11.098133,51.767570600000006],[11.0987208,51.767764400000004],[11.099016800000001,51.7677939],[11.0992809,51.767769300000005],[11.099620300000002,51.7675629],[11.1003419,51.767442100000004],[11.1011091,51.7674126],[11.1026064,51.767651400000005],[11.103504800000001,51.768002900000006],[11.1042552,51.768412700000006],[11.1044579,51.76874170000001],[11.1048836,51.7700101],[11.1050301,51.770194800000006],[11.106013800000001,51.7708907],[11.106718500000001,51.7718458],[11.1071665,51.7723719],[11.10804,51.7729191],[11.108646,51.772989800000005],[11.1092738,51.7731556],[11.110331100000002,51.7732442],[11.112252600000001,51.7740528],[11.1129119,51.774341400000004],[11.1137709,51.774616200000004],[11.114608,51.7747662],[11.1150669,51.774900200000005],[11.1154013,51.7751012],[11.1158052,51.7752854],[11.116281500000001,51.775371400000004],[11.116909600000001,51.7753889],[11.117487200000001,51.7753657],[11.117839,51.775446200000005],[11.1181479,51.7756151],[11.1184364,51.7760429],[11.1187272,51.776527800000004],[11.1188702,51.7770364],[11.119107600000001,51.7774336],[11.119421200000001,51.7776603],[11.119692800000001,51.777780400000005],[11.1199718,51.7777632],[11.120184700000001,51.777631400000004],[11.120597,51.7775351],[11.121348300000001,51.777438700000005],[11.1218503,51.777338300000004],[11.1222995,51.7773454],[11.122961700000001,51.777491100000006],[11.1233281,51.777564500000004],[11.1237683,51.7777461],[11.124234600000001,51.7779292],[11.125001500000002,51.778254200000006],[11.125361900000001,51.778464400000004],[11.125691400000001,51.7787002],[11.126266000000001,51.7789681],[11.1266257,51.77903190000001],[11.1271544,51.7791043],[11.1279205,51.7792144],[11.128467800000001,51.7792473],[11.129026300000001,51.779200200000005],[11.129854,51.7789914],[11.130568100000001,51.778779],[11.131359600000001,51.778606100000005],[11.1317979,51.7785298],[11.1329195,51.778367900000006],[11.1334613,51.7783182],[11.1339097,51.7783735],[11.134342,51.778445500000004],[11.1348803,51.778628000000005],[11.135278600000001,51.7787979],[11.1360942,51.779158]]}}]}