{"type":"FeatureCollection","features":[{"type":"Feature","properties":{"osmType":"way","osmId":26184865,"name":"Selke","waterway":"river"},"geometry":{"type":"LineString","coordinates":[[10.976296000000001,51.640656400000005],[10.976310600000001,51.64065780000001],[10.9764149,51.6406416],[10.9765682,51.6406398],[10.9768311,51.6407267],[10.9769111,51.640796900000005],[10.976907,51.6408878],[10.9768903,51.6409468],[10.976884400000001,51.6409608],[10.9768653,51.6410497],[10.9768691,51.64111260000001],[10.9769562,51.641164800000006],[10.9770081,51.64123540000001],[10.977533800000002,51.6417044],[10.9777778,51.64181060000001],[10.977986600000001,51.641895100000006],[10.9782417,51.6419926],[10.978414800000001,51.6420521],[10.9786075,51.6421416],[10.978781600000001,51.6423184],[10.9791041,51.6427884],[10.9793155,51.642987000000005],[10.9795583,51.6431793],[10.979842900000001,51.6433655],[10.9802058,51.643430800000004],[10.9808632,51.6435108],[10.9813601,51.6436531],[10.981573200000001,51.6437237],[10.981641600000001,51.6437529],[10.9817628,51.64379640000001],[10.9819504,51.6438533],[10.9821609,51.643887600000006],[10.9824563,51.643916100000006],[10.9828531,51.6439333],[10.983032000000001,51.64396240000001]]}},{"type":"Feature","properties":{"osmType":"way","osmId":33051929,"name":"Selke","waterway":"river"},"geometry":{"type":"LineString","coordinates":[[11.252632,51.850267200000005],[11.2524789,51.8503868],[11.252461700000001,51.850425],[11.2525185,51.850499600000006],[11.2528678,51.850762200000005],[11.253153500000002,51.8508933],[11.2532233,51.850936000000004],[11.2532305,51.851017600000006],[11.2532045,51.851430500000006],[11.253148300000001,51.8518489],[11.2530827,51.85192180000001],[11.252922,51.851973300000004],[11.2527994,51.851973],[11.252635100000001,51.8519597],[11.2525229,51.8519823],[11.2523678,51.852066400000005],[11.252229400000001,51.8522012],[11.2520176,51.852478500000004],[11.251750000000001,51.852850100000005],[11.2514388,51.8532099],[11.251341100000001,51.853279900000004],[11.251161100000001,51.8533406],[11.2509101,51.8533747],[11.2507905,51.8534311],[11.2505818,51.853603400000004],[11.2503952,51.8538342],[11.2502457,51.8539359],[11.2501826,51.853987800000006],[11.250023800000001,51.8540575],[11.2499151,51.8541406],[11.2498226,51.854344700000006],[11.249794900000001,51.85448],[11.249766500000002,51.854544800000006],[11.249633900000001,51.8546211],[11.2494937,51.85464880000001],[11.249369900000001,51.8546909],[11.2491105,51.854825000000005],[11.2488855,51.8549633],[11.2488629,51.8549878],[11.2486344,51.8552473],[11.248411200000001,51.85541550000001],[11.2481988,51.8556023],[11.247760300000001,51.855972400000006],[11.2472458,51.856425300000005],[11.2468389,51.8567539],[11.2464563,51.8570961],[11.246033,51.8574731],[11.2452073,51.8581578],[11.2449317,51.8584231],[11.2446537,51.858707700000004],[11.2446021,51.858798300000004],[11.244651600000001,51.858928500000005],[11.2448335,51.8590025],[11.2455897,51.859144900000004],[11.2456507,51.859193100000006],[11.2456838,51.8594305],[11.2460979,51.859949300000004],[11.246233400000001,51.8601656],[11.2466206,51.8605801],[11.246646,51.860658300000004],[11.2466006,51.860838300000005],[11.2461046,51.861257300000005],[11.245732700000001,51.8616151],[11.245064300000001,51.8621356],[11.244988900000001,51.8621994],[11.244556800000002,51.8624676],[11.2444421,51.8625662],[11.2443605,51.862745200000006],[11.244296100000001,51.86287960000001],[11.244206,51.863003500000005],[11.244100900000001,51.8631984],[11.244006500000001,51.863261300000005],[11.2435623,51.8633321],[11.2431932,51.863401],[11.242501200000001,51.86375880000001],[11.242073600000001,51.8639542],[11.241572600000001,51.8641822],[11.2414594,51.8642866],[11.2413409,51.864428200000006],[11.2412785,51.864582600000006],[11.241283600000001,51.864744200000004],[11.241315400000001,51.864772800000004],[11.241411300000001,51.864822600000004],[11.2418904,51.8649648],[11.242537,51.865113300000004],[11.242587,51.865155900000005],[11.242586300000001,51.8652011],[11.2424426,51.86533],[11.242296300000001,51.8654085],[11.2420495,51.865567500000004],[11.2418242,51.865706700000004],[11.241609700000001,51.8658657],[11.2412234,51.866177],[11.2409659,51.866342700000004],[11.240805,51.8664884],[11.240684600000002,51.866665600000005],[11.240707,51.8668616],[11.2405933,51.867099100000004],[11.240397300000001,51.867223800000005],[11.2397428,51.8675749],[11.239043800000001,51.867973500000005],[11.238838300000001,51.8680795],[11.238444600000001,51.868184400000004],[11.2382623,51.8683368],[11.2380636,51.8685531],[11.2377815,51.8686893],[11.237503100000001,51.868737200000005],[11.236993100000001,51.8687258],[11.2366524,51.8686896],[11.235978900000001,51.8685795],[11.2351814,51.86852450000001],[11.234570100000001,51.8685082],[11.2338313,51.868555400000005],[11.2335616,51.868618000000005],[11.233166500000001,51.8687654],[11.232717200000002,51.869011400000005],[11.231910800000001,51.86955570000001],[11.231213700000001,51.87004760000001],[11.2310925,51.870179300000004],[11.2310216,51.8703202],[11.2309978,51.8704727],[11.231032200000001,51.870730900000005],[11.2311446,51.871071900000004],[11.231318700000001,51.871283700000006],[11.2313664,51.8714286],[11.2313223,51.871738500000006],[11.2310841,51.872058900000006],[11.230215600000001,51.8725499],[11.2291833,51.873080300000005]]}},{"type":"Feature","properties":{"osmType":"way","osmId":37733088,"name":"Selke","waterway":"river"},"geometry":{"type":"LineString","coordinates":[[11.3426048,51.7328539],[11.3430123,51.7329182],[11.343233300000001,51.7330021],[11.343500500000001,51.7331574],[11.343785500000001,51.7332867],[11.344261600000001,51.733510100000004],[11.3445447,51.7336551],[11.344778100000001,51.733794700000004],[11.344920100000001,51.7338565],[11.3450957,51.7339137],[11.345295700000001,51.73394570000001],[11.3454821,51.733950300000004],[11.345745500000001,51.7339624],[11.345896300000001,51.7339892],[11.3461163,51.7340785],[11.3462954,51.734169200000004],[11.3464556,51.7343015],[11.346556300000001,51.73443210000001],[11.346640800000001,51.734584500000004],[11.346680200000002,51.7346944],[11.346693,51.734819400000006],[11.3467011,51.734952400000005],[11.3466211,51.7351668],[11.3465193,51.73527300000001],[11.346425100000001,51.73537150000001],[11.3462832,51.735485600000004],[11.346147100000001,51.7356138],[11.3461309,51.7356569],[11.346157900000001,51.73577],[11.346214400000001,51.735843800000005],[11.3462967,51.7359074],[11.3463186,51.735980000000005],[11.346673500000001,51.7362848],[11.3469256,51.73647630000001],[11.347305700000001,51.7367007],[11.3475479,51.7367769],[11.347938200000002,51.7368467],[11.348474600000001,51.7368624],[11.348559100000001,51.736858500000004],[11.3486879,51.736852500000005],[11.3489641,51.7368849],[11.349256500000001,51.736952200000005],[11.349438300000001,51.737024000000005],[11.3495837,51.73705270000001],[11.3498774,51.7370743],[11.350329400000001,51.737070900000006],[11.3504983,51.7370444],[11.3512284,51.736878000000004],[11.3515189,51.7368832],[11.351751400000001,51.736882300000005],[11.3523464,51.736879900000005],[11.352615100000001,51.736853100000005],[11.3528265,51.7368168],[11.353635200000001,51.7366789],[11.3543845,51.7366468],[11.354612900000001,51.7366748],[11.354866300000001,51.7366864],[11.355148000000002,51.7366881],[11.3554762,51.7366949],[11.3556871,51.736747900000005],[11.356009700000001,51.7369052],[11.356254600000002,51.7370992],[11.3563617,51.737190500000004],[11.3564223,51.7372821],[11.3564311,51.737325500000004],[11.3564179,51.737620500000006],[11.356379800000001,51.737942600000004],[11.3564003,51.738049100000005],[11.3564413,51.7381164],[11.3564547,51.738235100000004],[11.356298,51.7385856],[11.356313,51.738699000000004],[11.3563766,51.7388319],[11.3565568,51.7389889],[11.3567187,51.7391997],[11.3568016,51.7393268],[11.3568672,51.739523500000004],[11.356937,51.7395823],[11.3570483,51.739623800000004],[11.357270900000001,51.739676200000005],[11.357557900000002,51.7397791],[11.3577958,51.739923700000006],[11.3578597,51.740011700000004],[11.357870400000001,51.7400632],[11.357816900000001,51.7401568],[11.357739,51.740270800000005],[11.357522600000001,51.74047710000001],[11.357190500000002,51.740874500000004],[11.357144900000002,51.7409808],[11.3571518,51.7410647],[11.357187900000001,51.741168200000004],[11.3571985,51.741198700000005],[11.3572843,51.741283200000005]]}},{"type":"Feature","properties":{"osmType":"way","osmId":41275975,"name":"Selke","waterway":"river"},"geometry":{"type":"LineString","coordinates":[[11.0147001,51.6369041],[11.0156282,51.636587000000006],[11.015663400000001,51.6365752],[11.015709900000001,51.6365643],[11.0157912,51.6365217],[11.016013200000002,51.636439300000006],[11.0161238,51.6364285],[11.0161998,51.636433800000006],[11.0163648,51.636519400000005],[11.0164457,51.6365362],[11.016903000000001,51.636497600000006],[11.016973700000001,51.636483600000005],[11.017028700000001,51.636461100000005],[11.0171293,51.63635540000001],[11.0172647,51.636268],[11.017443100000001,51.636248],[11.0176279,51.6361998],[11.017805200000002,51.636120700000006],[11.0179272,51.636090700000004],[11.017988200000001,51.6360414],[11.0180305,51.6359659],[11.0180822,51.635903500000005],[11.0181579,51.635854300000005],[11.0183976,51.6357775],[11.0185616,51.6356795],[11.0186139,51.6356046],[11.0186997,51.635549700000006],[11.0187668,51.635549700000006],[11.018835500000002,51.6355116],[11.0188848,51.635456500000004],[11.0189331,51.635358200000006],[11.0189331,51.6352692],[11.0190082,51.6350786],[11.019208,51.6348214],[11.0194118,51.6346732],[11.0195045,51.6345584]]}},{"type":"Feature","properties":{"osmType":"way","osmId":41275977,"name":"Selke","waterway":"river"},"geometry":{"type":"LineString","coordinates":[[11.0195045,51.6345584],[11.021204000000001,51.6332517],[11.0221313,51.6326442],[11.0231784,51.6322375],[11.023548,51.6320915],[11.024253700000001,51.6317159],[11.0243292,51.631682000000005],[11.024628600000002,51.631599400000006],[11.024660500000001,51.631571900000004],[11.024685,51.631519100000006],[11.0246563,51.631479600000006],[11.0245241,51.631378700000006],[11.024531300000001,51.6313253],[11.0245966,51.6312883],[11.024727200000001,51.6312761],[11.0248737,51.6312718],[11.024951600000001,51.6312586],[11.025018800000002,51.6312256],[11.0250748,51.631176],[11.0251269,51.631109900000006],[11.025165300000001,51.630995600000006],[11.0252107,51.6309187],[11.025260000000001,51.6308869],[11.025350900000001,51.630770000000005],[11.025465500000001,51.630704300000005],[11.025641,51.6305807],[11.025811800000001,51.630418000000006],[11.0259341,51.630271400000005],[11.0260165,51.6302187],[11.0261092,51.6301889],[11.0263696,51.6301405],[11.0264808,51.6301092],[11.0265778,51.630053100000005],[11.026965,51.6297136],[11.0271477,51.629595200000004],[11.0272149,51.629397600000004],[11.0272767,51.6293212],[11.0273412,51.629265000000004],[11.0273374,51.6292212],[11.0273149,51.629180600000005],[11.027181,51.6290897],[11.027085300000001,51.628955000000005],[11.027012200000001,51.628784700000004],[11.026894200000001,51.628633400000005],[11.026879800000001,51.6285615],[11.026926900000001,51.628447],[11.027002000000001,51.6283267],[11.0270889,51.6282082],[11.0271887,51.628126400000006],[11.0274405,51.627980400000006],[11.028019500000001,51.627535200000004],[11.0281743,51.6273732],[11.028528000000001,51.6269633],[11.0288929,51.6267663],[11.0295734,51.6263207],[11.029694500000002,51.626269300000004],[11.0298058,51.6262355],[11.0299277,51.6262355],[11.030111000000002,51.626273700000006],[11.0302824,51.6262333],[11.030606200000001,51.6261664],[11.0315025,51.626013900000004],[11.032117900000001,51.625947700000005],[11.0325912,51.6259266],[11.033027800000001,51.6258902],[11.033148500000001,51.6258635],[11.0332729,51.6258466],[11.033364500000001,51.625799400000005],[11.0334752,51.6257424],[11.0335348,51.625704000000006],[11.033644800000001,51.6256464],[11.033752100000001,51.6256356],[11.033893,51.6256496],[11.0340302,51.625648700000006],[11.0341725,51.625632800000005],[11.034499400000001,51.625580400000004],[11.0346276,51.625535600000006],[11.034785300000001,51.6254884],[11.0348767,51.6254708],[11.0352545,51.6254931],[11.035418100000001,51.6254847],[11.035510200000001,51.625474000000004],[11.0355728,51.62543530000001],[11.035632600000001,51.625324500000005],[11.035752800000001,51.625257100000006],[11.035790400000002,51.625222],[11.0358046,51.6251631],[11.035850100000001,51.625137800000005],[11.036014400000001,51.62512460000001],[11.0361151,51.6250955],[11.036145900000001,51.6250445],[11.0361291,51.6250085],[11.0360379,51.6250061],[11.035944500000001,51.6249863],[11.0359037,51.624935900000004],[11.0359163,51.624901],[11.0359665,51.6248675],[11.0360169,51.6248665],[11.036105300000001,51.6248791],[11.036161900000002,51.624868000000006],[11.0361992,51.6248456],[11.036279100000002,51.624805800000004],[11.0363602,51.6247449],[11.036482300000001,51.6246796],[11.036564100000001,51.624647800000005],[11.0366531,51.6246407],[11.0367837,51.6247139],[11.0368809,51.6247047],[11.0369869,51.6246846],[11.0370767,51.62463940000001],[11.0372134,51.624627700000005],[11.0372865,51.624595600000006],[11.037410300000001,51.6245282],[11.0375481,51.624503600000004],[11.0376829,51.624487200000004],[11.037774800000001,51.624429400000004],[11.0380689,51.624300000000005],[11.038255900000001,51.6241682],[11.038505200000001,51.6240578],[11.0387955,51.623818],[11.0388374,51.6237671],[11.038933700000001,51.6237554],[11.039009700000001,51.6237202],[11.039115200000001,51.623623],[11.0391025,51.623562400000004],[11.0390818,51.623519200000004],[11.0390788,51.6234642],[11.0390815,51.6234034],[11.039142100000001,51.623354400000004],[11.0391323,51.623287600000005],[11.0390577,51.623257],[11.0390007,51.62325250000001],[11.0389508,51.623286900000004],[11.0388529,51.623294900000005],[11.038806000000001,51.623271300000006],[11.038788700000001,51.6231973],[11.038926100000001,51.6231292],[11.0389689,51.623102700000004],[11.039044800000001,51.623091800000005],[11.0391864,51.6230878],[11.039254600000001,51.623102100000004],[11.039331500000001,51.623095000000006],[11.0395032,51.623024900000004],[11.0395255,51.622920900000004],[11.0395611,51.6228114],[11.039641900000001,51.622733800000006],[11.0398036,51.622611600000006],[11.039940000000001,51.6225303],[11.0400788,51.622488800000006],[11.040148700000001,51.6224555],[11.0401661,51.62241950000001],[11.040177900000002,51.62232040000001],[11.040238500000001,51.62202610000001],[11.0402714,51.621881200000004],[11.040311200000001,51.621814900000004],[11.040374400000001,51.621771100000004],[11.040506800000001,51.621648300000004],[11.040526100000001,51.621574800000005],[11.0406638,51.6214298],[11.040666600000002,51.621343],[11.0406853,51.621262800000004],[11.0407609,51.621191100000004],[11.0408331,51.621146800000005],[11.0410328,51.6210177],[11.041078,51.6209897],[11.041142,51.620934000000005],[11.041268200000001,51.620874300000004],[11.0413525,51.6208837],[11.0414242,51.6209372],[11.041539400000001,51.62097910000001],[11.041622400000001,51.621001400000004],[11.041768600000001,51.6209987],[11.0418374,51.620960100000005],[11.041883700000001,51.620909600000005],[11.0419026,51.620773500000006],[11.0418927,51.6206473],[11.041825600000001,51.620567],[11.041826400000001,51.6204971],[11.0418769,51.620467600000005],[11.041957100000001,51.6204588],[11.0420482,51.620463900000004],[11.042291200000001,51.620448200000006],[11.0424062,51.620436600000005],[11.0425213,51.620443800000004],[11.042634600000001,51.620417700000004],[11.0427695,51.6204097],[11.0428531,51.620393400000005],[11.0429344,51.6203501],[11.0431217,51.620234],[11.043253400000001,51.6202138],[11.0433915,51.620178800000005],[11.043626900000001,51.620093700000005],[11.0437469,51.6200338],[11.0437901,51.6200023],[11.043810800000001,51.619943400000004],[11.043904900000001,51.619877100000004],[11.0440068,51.6198288],[11.0441026,51.61979710000001],[11.0441635,51.6197937],[11.0442373,51.6198069],[11.044283100000001,51.6197998],[11.0443359,51.619786000000005],[11.044403500000001,51.619737900000004],[11.0445139,51.6196806],[11.044589400000001,51.6196597],[11.0446612,51.61967550000001],[11.0447503,51.619677800000005],[11.0448059,51.6196586],[11.0449719,51.619518500000005],[11.0450148,51.61945660000001],[11.0459376,51.6189243],[11.0467749,51.6185477],[11.04686,51.6185283],[11.0471371,51.6185064],[11.048025800000001,51.618527],[11.048161400000001,51.6185112],[11.048336800000001,51.618478200000006],[11.048576500000001,51.618402700000004],[11.048835,51.6182948],[11.049555000000002,51.6180378],[11.0498537,51.6179378],[11.050089400000001,51.617893800000004],[11.0504507,51.6178934],[11.0507682,51.617932100000004],[11.051150400000001,51.6180383],[11.051488,51.618101300000006],[11.051676800000001,51.6181434],[11.0518382,51.618157700000005],[11.052197300000001,51.6181934],[11.052640400000001,51.618307400000006],[11.052718200000001,51.6183313],[11.052817000000001,51.618333500000006],[11.0529519,51.6183233],[11.0531783,51.6182947],[11.053548900000001,51.6182953],[11.0540196,51.618316400000005],[11.054147100000002,51.618352900000005],[11.054221400000001,51.6184537],[11.0544828,51.6186955],[11.054640200000001,51.618763400000006],[11.054798100000001,51.61879630000001],[11.055110200000001,51.61878],[11.0553658,51.618776600000004],[11.055450700000002,51.6188073],[11.0555185,51.6188068],[11.0555854,51.6187819],[11.0556725,51.618762200000006],[11.0557403,51.618741400000005],[11.055804100000001,51.6187398],[11.056148700000001,51.6188195],[11.056523,51.61885040000001],[11.056551,51.6188677],[11.0565735,51.618910400000004],[11.0564768,51.6190452],[11.0564707,51.6191557],[11.0565216,51.619194400000005],[11.0566312,51.61921],[11.0567644,51.61922250000001],[11.0568594,51.6192136],[11.0570681,51.6190967],[11.057161,51.6190809],[11.0572245,51.619103700000004],[11.0572601,51.6191247],[11.0572607,51.619172000000006],[11.0572549,51.6192324],[11.057216700000001,51.619271700000006],[11.057053900000001,51.6193794],[11.057057700000001,51.619419900000004],[11.0571341,51.6194776],[11.0572213,51.6194878],[11.057303000000001,51.619491000000004],[11.0574206,51.619483900000006],[11.0574738,51.619448500000004],[11.057616900000001,51.619270500000006],[11.0577196,51.619218800000006],[11.0577836,51.6192177],[11.057883,51.619232600000004],[11.057984000000001,51.619224900000006],[11.0580618,51.6191796],[11.058130100000001,51.6191131],[11.0582236,51.6190755],[11.0583659,51.619052100000005],[11.0585439,51.619036300000005],[11.0586742,51.619049100000005],[11.0587935,51.619105700000006],[11.0588089,51.619160400000005],[11.0587701,51.6194039],[11.0587947,51.619480800000005],[11.0588624,51.6195267],[11.0589486,51.6195521],[11.059041,51.619552000000006],[11.0591519,51.6195237],[11.059481,51.6193419],[11.059663800000001,51.619254000000005],[11.059758800000001,51.619221800000005],[11.059838500000001,51.619208500000006],[11.0598887,51.619210700000004],[11.059923600000001,51.619232700000005],[11.0599285,51.6192733],[11.059943500000001,51.619312900000004],[11.060052500000001,51.619344600000005],[11.0602692,51.6194184],[11.060389500000001,51.619435800000005],[11.0605401,51.619520900000005],[11.060689,51.6195801],[11.060954500000001,51.6196282],[11.0612258,51.619672400000006],[11.0614529,51.619676500000004],[11.0616362,51.6196672],[11.061847100000001,51.6196666],[11.0622273,51.61972],[11.0627808,51.619816500000006],[11.063081,51.619860100000004],[11.063423100000001,51.619869800000004],[11.0638211,51.6198514],[11.0639766,51.619853000000006],[11.064213800000001,51.619843100000004],[11.0643317,51.619831000000005],[11.064595500000001,51.619771400000005],[11.0647819,51.6197412],[11.064929000000001,51.6197394],[11.065092400000001,51.619773],[11.0651797,51.6198179],[11.0652726,51.6198429],[11.065371,51.619837200000006],[11.0654673,51.6198167],[11.0655709,51.619802],[11.0656602,51.619815700000004],[11.0657656,51.619860800000005],[11.0658925,51.619940400000004],[11.066002200000002,51.6200941],[11.066096400000001,51.62018380000001],[11.0661614,51.620230500000005],[11.0662594,51.6202467],[11.066319100000001,51.6202703],[11.0663978,51.6203179],[11.066658700000001,51.6206551],[11.0669261,51.620943700000005],[11.067014700000001,51.621135],[11.0670929,51.621224700000006],[11.067154200000001,51.621267100000004],[11.0672622,51.621316300000004],[11.0673904,51.621344900000004],[11.0675111,51.6213855],[11.0678008,51.621574300000006],[11.067848600000001,51.6216352],[11.067860300000001,51.621680000000005],[11.0679152,51.6217115],[11.0679894,51.6217254],[11.068068400000001,51.621734700000005],[11.068104400000001,51.6217848],[11.068102900000001,51.621860500000004],[11.0680718,51.62190330000001],[11.0680741,51.621924400000005],[11.0681069,51.621966900000004],[11.0681651,51.621999300000006],[11.068326800000001,51.6220415],[11.068579100000001,51.6221438],[11.068828,51.622273],[11.068878100000001,51.622348300000006],[11.0690282,51.6226332],[11.069127400000001,51.6229942],[11.069150800000001,51.6231367],[11.069186,51.623204],[11.069256800000002,51.623243300000006],[11.069295400000001,51.623322200000004],[11.0692696,51.6233791],[11.069237900000001,51.623400100000005],[11.069104600000001,51.6234465],[11.069047000000001,51.6235312],[11.069016600000001,51.6236301],[11.0690322,51.6236995],[11.0691433,51.623772],[11.069205400000001,51.623867700000005],[11.0691951,51.6240066],[11.0692261,51.624075000000005],[11.069283500000001,51.6241251],[11.069347,51.6241482],[11.069426,51.6241616],[11.069548800000002,51.62416270000001],[11.0697323,51.6242279],[11.069823000000001,51.624286700000006],[11.0698415,51.624352],[11.0697728,51.6245166],[11.069759000000001,51.62458650000001],[11.0696787,51.624663600000005],[11.0696633,51.6247331],[11.0697525,51.624873900000004],[11.069749600000002,51.6249199],[11.069718100000001,51.625006500000005],[11.069579500000001,51.6251187],[11.0694707,51.625180300000004],[11.0694446,51.625243600000005],[11.069523100000001,51.6253407],[11.069675400000001,51.6254615],[11.0698459,51.625567600000004],[11.0699509,51.6256125],[11.070070000000001,51.6256445],[11.0701368,51.6256958],[11.070159100000001,51.625780000000006],[11.070145100000001,51.625931800000004],[11.0702221,51.625987800000004],[11.070283600000002,51.6259949],[11.070552500000002,51.6259948],[11.0706576,51.62603],[11.07083,51.6261821],[11.0709586,51.626254100000004],[11.071087,51.6263116],[11.071123100000001,51.626339],[11.0711489,51.6264039],[11.071191500000001,51.6264344],[11.0712583,51.6264521],[11.0713015,51.626442100000006],[11.071366900000001,51.6264199],[11.071430000000001,51.6264161],[11.0714635,51.626442000000004],[11.0714504,51.6264954],[11.071518300000001,51.6265299],[11.071719,51.626592],[11.0718329,51.62660880000001],[11.0721065,51.6266042],[11.072189400000001,51.6265834],[11.072303100000001,51.62653],[11.0723436,51.6264945],[11.072352700000001,51.626454800000005],[11.0723328,51.6263451],[11.0723584,51.62628350000001],[11.072411800000001,51.626256500000004],[11.0725146,51.6262218],[11.072621300000002,51.6261987],[11.0727384,51.626195700000004],[11.072914,51.6262052],[11.073001600000001,51.6261833],[11.0731645,51.626103900000004],[11.073268800000001,51.6261142],[11.0732829,51.626192],[11.073456700000001,51.6263347],[11.073348300000001,51.626426800000004],[11.0734001,51.6265481],[11.073464600000001,51.6266235],[11.073554600000001,51.6266492],[11.073606,51.6266447],[11.0736466,51.6266243],[11.0738111,51.626408500000004],[11.0738845,51.6263506],[11.0740981,51.626302800000005],[11.074315,51.6262867],[11.074445500000001,51.6262624],[11.074519,51.6262661],[11.0745401,51.6263054],[11.074526500000001,51.6264084],[11.0745555,51.6264382],[11.0746192,51.6264605],[11.0747161,51.626454],[11.0747949,51.6264143],[11.074818200000001,51.6263719],[11.074821400000001,51.6263304],[11.0748484,51.626257800000005],[11.0749393,51.62618440000001],[11.0749432,51.626118000000005],[11.075013100000001,51.62610290000001],[11.075066900000001,51.626103],[11.075119200000001,51.6260933],[11.0751427,51.626070600000006],[11.075121800000002,51.6260014],[11.0751497,51.625979300000004],[11.0752194,51.625952700000006],[11.075268600000001,51.625930200000006],[11.075342000000001,51.6257937],[11.075478,51.6255802],[11.075565200000002,51.6254707],[11.0756226,51.6254185],[11.075842900000001,51.6253277],[11.075959500000002,51.6253146],[11.0760921,51.625308100000005],[11.076206,51.625292900000005],[11.076287,51.625253400000005],[11.0763415,51.6251698],[11.0763862,51.62509360000001],[11.0764717,51.6249875],[11.0765648,51.624915800000004],[11.076689700000001,51.6248493],[11.076958300000001,51.624763400000006],[11.077190900000002,51.624720700000005],[11.077599300000001,51.6246583],[11.0777397,51.6246219],[11.078342000000001,51.6243891],[11.0785373,51.6242899],[11.078906900000002,51.6241422],[11.079014,51.624104700000004],[11.0791302,51.624085400000006],[11.0793687,51.6240584],[11.0799085,51.6240358],[11.0800631,51.6240384],[11.080407300000001,51.624079800000004],[11.0807566,51.6241427],[11.0810063,51.6242354],[11.0815842,51.6245247],[11.082283700000001,51.624870200000004],[11.082704300000001,51.625089100000004],[11.0827977,51.6251435],[11.082981,51.625236300000005],[11.0831038,51.625269800000005],[11.083107700000001,51.6252708],[11.0832645,51.6253326],[11.084011700000001,51.625562200000005],[11.0840969,51.625626200000006],[11.084152000000001,51.625690500000005],[11.0841913,51.625778600000004],[11.084199400000001,51.6258648],[11.0841752,51.6259765],[11.084147300000001,51.626161100000004],[11.084119600000001,51.6262764],[11.0841474,51.6263505],[11.0843179,51.626453000000005],[11.0847634,51.6267106],[11.0848954,51.6267167],[11.0851977,51.6266395],[11.085389000000001,51.6266502],[11.0855867,51.626636100000006],[11.085833200000001,51.626627600000006],[11.0861006,51.626592900000006],[11.0863546,51.6265775],[11.0867511,51.626595900000005],[11.087051,51.626634300000006],[11.0872797,51.626688200000004],[11.0878627,51.626846],[11.0879528,51.626871200000004],[11.088148100000002,51.6269604],[11.088327600000001,51.6270692],[11.0886773,51.6274127],[11.088958,51.6276098],[11.089216500000001,51.627720100000005],[11.0894165,51.627828],[11.0895737,51.6279339],[11.0897138,51.6280349],[11.0899177,51.6281575],[11.0903042,51.628308100000005],[11.0908727,51.6284859],[11.0911813,51.6285943],[11.0914716,51.628691800000006],[11.091691,51.6287571],[11.091901700000001,51.6287681],[11.0921334,51.628803600000005],[11.0927343,51.629078400000004],[11.0931501,51.6292465],[11.0933262,51.629300300000004],[11.0936567,51.629389],[11.0940235,51.629427500000006],[11.0944736,51.6294435],[11.0951883,51.6294447],[11.0954139,51.6294606],[11.0958345,51.6295341],[11.096395600000001,51.6296989],[11.0967506,51.6298278],[11.0969341,51.6299195],[11.0971556,51.6300868],[11.097455100000001,51.6303588],[11.097748500000002,51.630646500000005],[11.097880100000001,51.6309157],[11.0978595,51.6309717],[11.097756200000001,51.631047],[11.097645100000001,51.6310857],[11.0974719,51.631161500000005],[11.0973704,51.6312629],[11.0973252,51.6313814],[11.097334100000001,51.6314665],[11.0973658,51.6315509],[11.097392900000001,51.631610300000006],[11.0974179,51.631683300000006],[11.0974079,51.631885600000004],[11.0973182,51.6321522],[11.0972457,51.632344],[11.0971989,51.6324273],[11.097071600000001,51.632563000000005],[11.0970727,51.6326784],[11.097097600000001,51.6327203],[11.097206100000001,51.6328466],[11.0973068,51.632946700000005],[11.097334700000001,51.633025100000005],[11.0973088,51.6331131],[11.0970235,51.633956700000006],[11.0969668,51.6341533],[11.0969028,51.634267400000006],[11.096872900000001,51.634350000000005],[11.096865800000002,51.6344727],[11.0968774,51.6345582],[11.096949,51.634874200000006],[11.0969736,51.6351948],[11.0969776,51.635371400000004],[11.096935,51.635494400000006],[11.096893300000001,51.6356619],[11.096740500000001,51.63598390000001],[11.0966419,51.6361483],[11.096590500000001,51.63628670000001],[11.096579400000001,51.636460500000005],[11.096603,51.6365537],[11.0967225,51.6367075],[11.0968196,51.636795000000006],[11.0968867,51.6368445],[11.097021000000002,51.6369224],[11.0972091,51.6370111],[11.0973983,51.6370604],[11.097826000000001,51.637100100000005],[11.098235500000001,51.637122600000005],[11.098422600000001,51.637128000000004],[11.0986028,51.6371246],[11.0987095,51.637119600000005],[11.098804900000001,51.637143900000005],[11.098875300000001,51.6371782],[11.0989473,51.6372481],[11.099059800000001,51.637284400000006],[11.099242,51.6373198],[11.099430700000001,51.637323300000006],[11.0995846,51.6373028],[11.099711600000001,51.6372706],[11.099821400000002,51.637251400000004],[11.0999254,51.6372379],[11.100226500000002,51.637245300000004],[11.100325300000002,51.6372694],[11.100513000000001,51.6372781],[11.1006771,51.6372914],[11.1008188,51.6372907],[11.1009291,51.6372769],[11.101066000000001,51.6372317],[11.101168300000001,51.6371398],[11.101260100000001,51.6370919],[11.1014193,51.637074000000005],[11.1015984,51.6370949],[11.1017126,51.637121300000004],[11.1019339,51.6372955],[11.1021608,51.6373924],[11.1024241,51.637626000000004],[11.102540600000001,51.6376246],[11.102590800000002,51.6375711],[11.1026886,51.637537200000004],[11.1028718,51.637501],[11.1030747,51.637546500000006],[11.1032569,51.6376009],[11.103483,51.6377761],[11.1035375,51.637823000000004],[11.1036008,51.6379159],[11.103620000000001,51.6379594],[11.103657100000001,51.6380799],[11.1037102,51.6384027],[11.103818500000001,51.6387452],[11.103909900000001,51.6389438],[11.1039177,51.6391198],[11.1039256,51.639190500000005],[11.1039195,51.639263500000006],[11.103866,51.639361300000004],[11.1038586,51.639499400000005],[11.103763200000001,51.639726800000005],[11.103742200000001,51.639778400000004],[11.1036959,51.6398899],[11.1035552,51.6401356],[11.1035193,51.6402268],[11.103553400000001,51.6402987],[11.103652700000001,51.64039330000001],[11.103749800000001,51.6405551],[11.1037602,51.640716700000006],[11.103687,51.6407759],[11.103647500000001,51.640911900000006],[11.1037476,51.6411371],[11.1038967,51.641447400000004],[11.1042486,51.641942500000006],[11.104359,51.642025100000005],[11.1045178,51.642095700000006],[11.1045333,51.642199000000005],[11.104602600000002,51.6422876],[11.104673100000001,51.64234080000001],[11.1046992,51.6424448],[11.104735300000002,51.642485300000004],[11.104811100000001,51.642532800000005],[11.1048044,51.642580200000005],[11.1048936,51.64265880000001],[11.104944600000001,51.6427216],[11.1051166,51.642766200000004],[11.105392100000001,51.642739500000005],[11.1055878,51.64275670000001],[11.1057611,51.642785700000005],[11.1060081,51.642858600000004],[11.106141000000001,51.6429217],[11.1062024,51.642995500000005],[11.1062249,51.643061],[11.106221000000001,51.64316770000001],[11.106205000000001,51.6432249],[11.106116100000001,51.643304],[11.1060849,51.643437600000006],[11.1061432,51.6435825],[11.106311100000001,51.6437266],[11.106438,51.643801800000006],[11.1066073,51.6438792],[11.1067715,51.643917800000004],[11.106890100000001,51.6439394],[11.107007300000001,51.6439328],[11.1071877,51.6439037],[11.107308100000001,51.6439102],[11.107544,51.643959],[11.1078021,51.6439594],[11.1081053,51.6440167],[11.1084209,51.644068700000005],[11.1086671,51.6441621],[11.108853100000001,51.6442381],[11.109102100000001,51.6443212],[11.1093238,51.644412200000005],[11.1094339,51.6444855],[11.1096056,51.644585500000005],[11.109713000000001,51.64462880000001],[11.1098318,51.644660300000005],[11.1100239,51.644694400000006],[11.110212200000001,51.644716800000005],[11.1105379,51.6447469],[11.110677,51.6447663],[11.1111646,51.6448588],[11.111354500000001,51.6448813],[11.1115062,51.6449171],[11.1116805,51.644946600000004],[11.1117632,51.644949600000004],[11.111865,51.6449888],[11.111900200000001,51.645023300000005],[11.1119277,51.64508420000001],[11.111983100000002,51.645111400000005],[11.112094,51.6451184],[11.112179600000001,51.645141300000006],[11.112206800000001,51.645190500000005],[11.1122185,51.645293800000005],[11.1122569,51.645335200000005],[11.112320700000001,51.6453664],[11.1124256,51.645372],[11.1125857,51.6454007],[11.1127164,51.6454661],[11.1127696,51.645552],[11.112793700000001,51.645618600000006],[11.1129613,51.6457714],[11.113018400000001,51.645912],[11.1130964,51.6459629],[11.1132256,51.646091500000004],[11.113286400000002,51.6461672],[11.1133483,51.6462705],[11.113390500000001,51.6463685],[11.1134327,51.6465107],[11.1134532,51.6466604],[11.113495700000001,51.64678060000001],[11.113559100000002,51.646874700000005],[11.1136832,51.646970700000004],[11.11381,51.647096700000006],[11.1140266,51.6473079],[11.1142883,51.647453000000006],[11.1146247,51.6476272],[11.1149748,51.647741800000006],[11.1152642,51.6477827],[11.115500800000001,51.647850500000004],[11.115605100000002,51.6478965],[11.1158128,51.6480443],[11.1159791,51.6482156],[11.1163843,51.64840950000001],[11.1166602,51.6485123],[11.117185000000001,51.6487733],[11.117267,51.6488214],[11.117341900000001,51.6488827],[11.1177908,51.649240600000006],[11.1180211,51.649466800000006],[11.1182724,51.6497424],[11.1184706,51.6499426],[11.11856,51.6500904],[11.1185606,51.650215900000006],[11.1185161,51.650330800000006],[11.1183765,51.650535100000006],[11.118045,51.650904000000004],[11.1175297,51.651528400000004],[11.117416700000001,51.651688500000006],[11.1173438,51.651814],[11.1173069,51.6519369],[11.1173008,51.6520847],[11.1174744,51.652917800000004],[11.117554400000001,51.652997500000005],[11.117558,51.6530865],[11.1175777,51.653243700000004],[11.117550300000001,51.6533919],[11.1173135,51.6537191],[11.117227100000001,51.6539663],[11.117084,51.6541185],[11.116892700000001,51.654142900000004],[11.116771100000001,51.654214700000004],[11.116696600000001,51.6542541],[11.116622000000001,51.654339400000005],[11.1165078,51.6545075],[11.1163906,51.654700000000005],[11.1163252,51.654908000000006],[11.116313600000002,51.6550505],[11.1163185,51.6552361],[11.1163644,51.65537440000001],[11.1164573,51.655478900000006],[11.116717600000001,51.6556094],[11.117481600000001,51.6559621],[11.117765100000002,51.6560427],[11.1178992,51.6560928],[11.118131,51.6561977],[11.1182662,51.6561949],[11.118418700000001,51.6561723],[11.1185486,51.6561377],[11.1186757,51.6560878],[11.119032200000001,51.655976900000006],[11.119196500000001,51.655902600000005],[11.1194889,51.6556658],[11.119757100000001,51.6555017],[11.1201402,51.6553807],[11.1205472,51.655292200000005],[11.120808400000001,51.6552474],[11.1211967,51.6552274],[11.121744600000001,51.655228],[11.122567100000001,51.6553029],[11.1227985,51.655346300000005],[11.1231468,51.6554403],[11.1233942,51.655550700000006],[11.1237574,51.6556397],[11.123980900000001,51.6556724],[11.124149000000001,51.655686700000004],[11.124513400000001,51.6557247],[11.1246988,51.6557511],[11.124918000000001,51.6558135],[11.1253227,51.6558775],[11.1255015,51.655937],[11.1255526,51.6559717],[11.1256702,51.656037500000004],[11.1260569,51.6563839],[11.1264825,51.6566556],[11.126594,51.65679170000001],[11.1266297,51.656863300000005],[11.126621400000001,51.6569334],[11.126577800000002,51.656990900000004],[11.1265129,51.6570576],[11.126353700000001,51.6571196],[11.1262322,51.657150800000004],[11.125935,51.657219600000005],[11.125588500000001,51.6572965],[11.125264600000001,51.6573441],[11.1250896,51.65738210000001],[11.1249058,51.6574107],[11.1247205,51.657397],[11.1245688,51.657417800000005],[11.124416,51.6574983],[11.1241119,51.657673800000005],[11.123831800000001,51.657858000000004],[11.123650300000001,51.6580717],[11.1234818,51.6585468],[11.1235482,51.658922700000005],[11.123580500000001,51.659054600000005],[11.1235874,51.659143300000004],[11.1235551,51.6592197],[11.1235405,51.659245600000006],[11.1234795,51.659272900000005],[11.123193800000001,51.659330000000004],[11.1231158,51.659342800000005],[11.1228285,51.6593826],[11.1225302,51.6594862],[11.1224164,51.6594728],[11.1223212,51.6594325],[11.122148500000002,51.659318500000005],[11.1218236,51.6591602],[11.1216094,51.6590964],[11.1213932,51.659060600000004],[11.121182000000001,51.6590889],[11.121039600000001,51.659143500000006],[11.1209859,51.659214500000004],[11.120859600000001,51.6594478],[11.120830600000001,51.6596136],[11.1208311,51.659747200000005],[11.1208221,51.65995770000001],[11.120801100000001,51.6600935],[11.120755,51.660266500000006],[11.120755500000001,51.6604795],[11.120832700000001,51.660647600000004],[11.121024,51.660811700000004],[11.1212852,51.6610201],[11.121704000000001,51.6613118],[11.121841,51.6613837],[11.1222451,51.661503200000006],[11.1229239,51.661787700000005],[11.123162800000001,51.6618469],[11.123299600000001,51.6618903],[11.1235268,51.6619061],[11.123861100000001,51.6620252],[11.1241164,51.6621626],[11.1242689,51.6622606],[11.124537700000001,51.6624447],[11.124713900000001,51.6626259],[11.124994500000001,51.662924600000004],[11.1252957,51.6632741],[11.125709,51.6637326],[11.125935400000001,51.6639903],[11.126104400000001,51.664086100000006],[11.126157800000001,51.6641173],[11.1264877,51.6642342],[11.126775,51.664278],[11.1270302,51.6642644],[11.127220300000001,51.664210100000005],[11.127418500000001,51.6641332],[11.127732100000001,51.6639556],[11.1279062,51.6638735],[11.128426500000002,51.663791200000006],[11.1285938,51.663804600000006],[11.1288567,51.6639363],[11.1291665,51.664027000000004],[11.129323000000001,51.6640523],[11.12974,51.6640421],[11.129919300000001,51.6640068],[11.1301071,51.664023300000004],[11.1302582,51.664065900000004],[11.130523700000001,51.664226600000006],[11.1309331,51.6644656],[11.1316729,51.664884],[11.1319748,51.6650884],[11.132145000000001,51.665223000000005],[11.132236,51.665348400000006],[11.1323176,51.665491100000004],[11.1323257,51.665553700000004],[11.132299300000001,51.6658503],[11.1322373,51.66598990000001],[11.132189,51.66604],[11.132036300000001,51.6661304],[11.131896600000001,51.666157600000005],[11.1317432,51.6661626],[11.1314255,51.666184900000005],[11.1308947,51.6661945],[11.1307126,51.6662095],[11.1303734,51.6663286],[11.1298174,51.666473800000006],[11.1294918,51.666547800000004],[11.1292553,51.6666381],[11.128948600000001,51.6668778],[11.128763600000001,51.667084900000006],[11.128611300000001,51.6672954],[11.128466600000001,51.667560300000005],[11.128438300000001,51.667731800000006],[11.1284332,51.6679034],[11.128470100000001,51.668091000000004],[11.1285731,51.6682909],[11.128588800000001,51.66837700000001],[11.128574400000002,51.668573800000004],[11.128560100000001,51.66887740000001],[11.1285602,51.6690893],[11.128641400000001,51.6693627],[11.1288088,51.669560600000004],[11.128911800000001,51.669639000000004],[11.129364800000001,51.669800900000006],[11.129712900000001,51.6699278],[11.1299188,51.670001000000006],[11.1302474,51.6701332],[11.1305759,51.67021870000001],[11.130966500000001,51.6702517],[11.1311356,51.670245200000004],[11.131340100000001,51.6701774],[11.1314978,51.6700376],[11.1318082,51.6695374],[11.132083600000001,51.6690741],[11.132407200000001,51.668510100000006],[11.132537500000002,51.6683625],[11.132647700000001,51.668277],[11.132787700000002,51.6682216],[11.133600300000001,51.6681018],[11.1344154,51.6679559],[11.1346135,51.6679357],[11.1348257,51.6678793],[11.1349198,51.6678269],[11.135364500000001,51.667746],[11.135543700000001,51.667680000000004],[11.1356362,51.667604700000005],[11.1358125,51.667498900000005],[11.1359843,51.6674237],[11.1363439,51.6673418],[11.136712500000002,51.6673064],[11.136988,51.667307400000006],[11.137126700000001,51.6673088],[11.137272900000001,51.6673139],[11.137408800000001,51.667326],[11.1375338,51.667297600000005],[11.1376568,51.6672528],[11.1378552,51.667219700000004],[11.1380437,51.667207600000005],[11.138274200000001,51.667205800000005],[11.138524700000001,51.6672067],[11.1387873,51.6672008],[11.139249900000001,51.667142500000004],[11.139655300000001,51.667057500000006],[11.1399579,51.6669617],[11.140403300000001,51.6667077],[11.1405861,51.666582600000005],[11.140776,51.6664499],[11.1411504,51.666209],[11.1414589,51.6660825],[11.141823200000001,51.6660034],[11.1422893,51.6660084],[11.1425649,51.6660429],[11.1428373,51.6660915],[11.143360900000001,51.6662814],[11.143687400000001,51.66637780000001],[11.1440596,51.66643680000001],[11.144577100000001,51.6664023],[11.1450908,51.666351000000006],[11.1455449,51.6662893],[11.146847000000001,51.666178800000004],[11.1472517,51.6662149],[11.1475994,51.666274],[11.147779400000001,51.666297300000004],[11.1479458,51.666302400000006],[11.148057300000001,51.666249500000006],[11.1481405,51.666178900000006],[11.148151100000002,51.6661238],[11.148083000000002,51.6660617],[11.147796900000001,51.665734300000004],[11.147753900000001,51.6656216],[11.147736,51.6655743],[11.147772100000001,51.6654095],[11.1478693,51.665196200000004],[11.147981000000001,51.6650823],[11.1482288,51.6649412],[11.1485889,51.6648356],[11.149112200000001,51.6647121],[11.1495353,51.6646287],[11.1502529,51.664528600000004],[11.150992500000001,51.6645157],[11.151397800000002,51.664525700000006],[11.1517988,51.6645611],[11.1524763,51.6646997],[11.1535559,51.66495930000001],[11.1550395,51.6653498],[11.155391400000001,51.665406700000005],[11.1557557,51.6654094],[11.156122600000002,51.6653955],[11.1566661,51.665349600000006],[11.1570897,51.6653736],[11.157284800000001,51.6654044],[11.1576666,51.6654938],[11.1578789,51.6655596],[11.158071300000001,51.66557340000001],[11.158335500000002,51.6655518],[11.158521200000001,51.665530100000005],[11.158732500000001,51.665501000000006],[11.158927700000001,51.6654513],[11.159479500000002,51.6653238],[11.1597922,51.6653138],[11.160068200000001,51.6653754],[11.160278400000001,51.6653564],[11.1606476,51.6653546],[11.160941600000001,51.66538430000001],[11.161184,51.66541530000001],[11.161673500000001,51.665548400000006],[11.1619738,51.665658],[11.1626087,51.6658606],[11.162655,51.6659469],[11.1626016,51.666067500000004],[11.1626297,51.666144],[11.1629816,51.6664219],[11.1630347,51.666477],[11.163193300000001,51.6670451],[11.163220200000001,51.6672534],[11.1632333,51.667459300000004],[11.163301500000001,51.667824800000005],[11.1633875,51.668101500000006],[11.1636339,51.668401100000004],[11.163809800000001,51.6685189],[11.164073100000001,51.6685919],[11.1642468,51.668615700000004],[11.1648136,51.6686551],[11.165113900000001,51.6687243],[11.165400700000001,51.668750900000006],[11.165662000000001,51.668737500000006],[11.165773300000001,51.6687318],[11.166299700000001,51.6686551],[11.166522,51.6686599],[11.1666866,51.668666],[11.1668921,51.668702700000004],[11.1669505,51.668732000000006],[11.1670084,51.66879410000001],[11.1670669,51.6688375],[11.1671809,51.6688704],[11.1675274,51.669017800000006],[11.167800900000001,51.6690721],[11.167903,51.669150900000005],[11.168006100000001,51.669259200000006],[11.1680706,51.66939360000001],[11.1680954,51.669616600000005],[11.1682191,51.669748600000005],[11.168627,51.670115900000006],[11.1688846,51.6703935],[11.1689714,51.6705137],[11.169026200000001,51.6706013],[11.1690714,51.6707224],[11.16909,51.6707868],[11.1690512,51.6708689],[11.168938500000001,51.670939800000006],[11.1687443,51.67103710000001],[11.168689500000001,51.6710737],[11.168590700000001,51.67114290000001],[11.168495700000001,51.6712435],[11.1684084,51.6713451],[11.168355,51.6714423],[11.168306300000001,51.671538600000005],[11.1683029,51.671623100000005],[11.1683421,51.671738700000006],[11.1683936,51.672003000000004],[11.1684975,51.6721969],[11.168655300000001,51.672403800000005],[11.169082300000001,51.6726315],[11.1692496,51.6726631],[11.169518,51.6727605],[11.169640600000001,51.6727939],[11.1697523,51.6728364],[11.1703601,51.6731276],[11.1705597,51.6730966],[11.1708119,51.673112700000004],[11.171235600000001,51.673310300000004],[11.1714529,51.6734177],[11.1716916,51.673549],[11.1717259,51.6735868],[11.1718592,51.6736208],[11.1721748,51.6737587],[11.172391600000001,51.673806400000004],[11.173327500000001,51.674250900000004],[11.173727300000001,51.674420500000004],[11.174127100000002,51.6745803],[11.174587800000001,51.674731200000004],[11.1748803,51.67481],[11.175127100000001,51.6748321],[11.1757235,51.6749342],[11.1762127,51.6749699],[11.176504900000001,51.675017600000004],[11.1770118,51.67510720000001],[11.1774616,51.675132700000006],[11.1777969,51.6751294],[11.178090500000001,51.675066900000004],[11.1783066,51.6750587],[11.1789796,51.675065200000006],[11.1794104,51.6751068],[11.179726,51.6751039],[11.1806172,51.675038300000004],[11.1816154,51.6749675],[11.1822175,51.6749055],[11.182580600000001,51.6748011],[11.182855,51.6747062],[11.1831232,51.674520900000005],[11.1831984,51.6743917],[11.183491100000001,51.6742536],[11.183781600000001,51.6741644],[11.1839595,51.6741271],[11.184197300000001,51.674115300000004],[11.1843433,51.6740812],[11.184470600000001,51.67402190000001],[11.1845578,51.6739856],[11.184747600000001,51.6739418],[11.1849792,51.673898300000005],[11.185159500000001,51.673894000000004],[11.185311,51.6739587],[11.185404400000001,51.6739681],[11.1856218,51.6739599],[11.1857935,51.673892],[11.1863273,51.673782],[11.1865763,51.6737753],[11.187179700000002,51.6737528],[11.187432000000001,51.6737125],[11.187791800000001,51.6737474],[11.187962500000001,51.67374220000001],[11.1881842,51.673718300000004],[11.188692600000001,51.6736335],[11.1892261,51.673584600000005],[11.1894159,51.673596],[11.189750100000001,51.673593700000005],[11.190098200000001,51.6736],[11.1907814,51.6736726],[11.1910626,51.673681900000005],[11.1912234,51.6736711],[11.1913277,51.6736463],[11.1914245,51.673602],[11.191495300000001,51.673558500000006],[11.1917141,51.673478300000006],[11.191796400000001,51.673447800000005],[11.192182,51.673377200000004],[11.192248600000001,51.673372400000005],[11.192320800000001,51.673402800000005],[11.192431800000001,51.6734317],[11.1925887,51.6734142],[11.1927552,51.6733758],[11.1929266,51.6733491],[11.1931056,51.6732929],[11.1933149,51.6732273],[11.193499300000001,51.673153600000006],[11.1941526,51.6728649],[11.1942284,51.672853100000005],[11.194281700000001,51.67282470000001],[11.194351500000002,51.6727712],[11.1944502,51.672672000000006],[11.1945704,51.6725198],[11.194642,51.672453100000006],[11.1947978,51.6724321],[11.195047800000001,51.6724444],[11.195200100000001,51.6724295],[11.1953522,51.6723988],[11.195575600000002,51.672330900000006],[11.1958125,51.6722929],[11.1960422,51.672292500000005],[11.196369500000001,51.6722984],[11.1967253,51.6723567],[11.1969142,51.672395300000005],[11.1970822,51.672402500000004],[11.197294000000001,51.6723902],[11.1974569,51.6723325],[11.197310400000001,51.672186200000006],[11.1973687,51.672143000000005],[11.197464700000001,51.67215770000001],[11.197661100000001,51.672306000000006],[11.1979783,51.6723933],[11.1982078,51.672488300000005],[11.198430100000001,51.672560000000004],[11.198586200000001,51.672617],[11.1987112,51.672625000000004],[11.198793400000001,51.67259730000001],[11.198957,51.672535],[11.1991761,51.6724224],[11.1993474,51.6722703],[11.1994848,51.672236000000005],[11.1995441,51.672142900000004],[11.199539600000001,51.67205310000001],[11.1995178,51.6718254],[11.199528200000001,51.671722100000004],[11.1996003,51.671624900000005],[11.199707700000001,51.6715346],[11.199842100000001,51.6714877],[11.1999349,51.671482000000005],[11.2000572,51.6715187],[11.2001527,51.6714964],[11.200320600000001,51.671477700000004],[11.2004917,51.6714319],[11.2007066,51.671364200000006],[11.2008278,51.671366600000006],[11.200916000000001,51.671379400000006],[11.20092,51.671418],[11.200987300000001,51.6714652],[11.201023500000002,51.671543500000006],[11.201094000000001,51.6715869],[11.201272600000001,51.671621200000004],[11.2014539,51.671637100000005],[11.2015837,51.671617100000006],[11.2016345,51.6715534],[11.2016478,51.6714981],[11.2015822,51.671408400000004],[11.201583900000001,51.6713761],[11.201652800000002,51.671331300000006],[11.2016854,51.6712843],[11.2015446,51.671244400000006],[11.2014493,51.67119700000001],[11.2014466,51.67115750000001],[11.201524500000001,51.6711211],[11.2022022,51.670866100000005],[11.2023311,51.670810200000005],[11.2024972,51.670763],[11.2027482,51.67076410000001],[11.202897100000001,51.670791900000005],[11.2031399,51.670797400000005],[11.203213700000001,51.670781700000006],[11.203356000000001,51.670746],[11.2034581,51.67069540000001],[11.2036659,51.670635000000004],[11.203804100000001,51.6706055],[11.2042116,51.6705903],[11.2050756,51.6705903],[11.2054048,51.6706237],[11.205828700000001,51.6706263],[11.2062405,51.6706523],[11.2063761,51.6706614],[11.2070751,51.670698800000004],[11.207264700000001,51.6707806],[11.207487200000001,51.670894800000006],[11.207617,51.670916000000005],[11.2077484,51.670886],[11.2078857,51.6708493],[11.207948700000001,51.670842],[11.208131700000001,51.6708903],[11.2083369,51.670974900000004],[11.2086316,51.671031500000005],[11.208837,51.67105960000001],[11.2090186,51.671060000000004],[11.209306100000001,51.671046000000004],[11.209538,51.671008300000004],[11.2097627,51.6709917],[11.2100232,51.6709812],[11.2101828,51.67100610000001],[11.2103107,51.6710506],[11.2103371,51.671092],[11.2103227,51.6711576],[11.2103373,51.671251100000006],[11.210340400000002,51.671373],[11.210395400000001,51.6714555],[11.210488000000002,51.671543],[11.210525200000001,51.671593200000004],[11.2105847,51.671614600000005],[11.210727400000001,51.671596900000004],[11.2109322,51.6715874],[11.2110023,51.671629100000004],[11.211075300000001,51.671710100000006],[11.2111219,51.671789200000006],[11.2111397,51.6719846],[11.2111319,51.6721099],[11.211071700000002,51.6722399],[11.2110128,51.6723416],[11.210961000000001,51.6724867],[11.2109457,51.67262770000001],[11.210984100000001,51.672761400000006],[11.2110306,51.672847000000004],[11.2110719,51.6728473],[11.2111459,51.672811700000004],[11.2112048,51.6727981],[11.2112584,51.672819700000005],[11.2113273,51.6728693],[11.2113229,51.6729872],[11.211350000000001,51.6731187],[11.2115214,51.673411300000005],[11.211827900000001,51.673858900000006],[11.211958200000002,51.6739855],[11.212060600000001,51.6740464],[11.2121686,51.6740707],[11.2122717,51.674067300000004],[11.212365100000001,51.674017500000005],[11.212335000000001,51.6738043],[11.212399000000001,51.6736839],[11.2125733,51.673619300000006],[11.2127408,51.6735545],[11.2128434,51.6735515],[11.2129215,51.6735848],[11.212952600000001,51.6736571],[11.213064500000002,51.6737905],[11.2131413,51.67392400000001],[11.2132363,51.6739898],[11.2133731,51.674049700000005],[11.2136279,51.6741229],[11.213652900000001,51.6742101],[11.213612900000001,51.674285600000005],[11.2135367,51.674367800000006],[11.2135467,51.674436500000006],[11.2136068,51.674546400000004],[11.213685600000002,51.6745777],[11.2137662,51.674574400000004],[11.213868300000001,51.67455270000001],[11.2139325,51.6745652],[11.2140225,51.674589700000006],[11.214335,51.674725200000005],[11.2145235,51.674793400000006],[11.2148625,51.674939],[11.214972300000001,51.674998200000005],[11.215105300000001,51.675085100000004],[11.215291200000001,51.6751729],[11.2157096,51.675382600000006],[11.2159887,51.6755708],[11.2161316,51.6756286],[11.216269,51.6756522],[11.2163599,51.6756315],[11.2167399,51.67543310000001],[11.217141900000001,51.675251100000004],[11.217635000000001,51.6751324],[11.2178175,51.6750344],[11.217930200000001,51.6749354],[11.2179669,51.6749104],[11.218054400000002,51.6748917],[11.2181843,51.67490110000001],[11.2183591,51.6749486],[11.2186211,51.6749427],[11.218954700000001,51.674907000000005],[11.2191965,51.674879000000004],[11.219446000000001,51.674866200000004],[11.2196081,51.674913200000006],[11.219781800000002,51.6750355],[11.219831600000001,51.6751068],[11.219849400000001,51.675193],[11.219822200000001,51.675321000000004],[11.2198489,51.675365600000006],[11.2199273,51.675389900000006],[11.220069200000001,51.675403300000006],[11.220161500000001,51.6754228],[11.2203771,51.6754365],[11.2206433,51.6754654],[11.220924100000001,51.675467000000005],[11.221149500000001,51.67546230000001],[11.2216292,51.675408700000006],[11.2218461,51.675397600000004],[11.2223395,51.675373],[11.222449500000002,51.6753622],[11.222679900000001,51.675320500000005],[11.222783600000001,51.675334600000006],[11.222884200000001,51.6753961],[11.2230144,51.6755013],[11.2234542,51.675876800000005],[11.223616400000001,51.6762036],[11.2237197,51.676276],[11.2239745,51.676350000000006],[11.2244493,51.676419900000006],[11.224684,51.676445300000005],[11.2248623,51.6765296],[11.225058,51.676688600000006],[11.225274500000001,51.676835700000005],[11.225477600000001,51.6770525],[11.225582500000002,51.677407800000005],[11.225719300000002,51.677577500000005],[11.2259004,51.677695500000006],[11.226226200000001,51.6778606],[11.226441300000001,51.677990300000005],[11.226643300000001,51.6780382],[11.227230700000002,51.678088100000004],[11.227647800000002,51.678072300000004],[11.2280431,51.678040800000005],[11.2282197,51.6779822],[11.228536400000001,51.677830500000006],[11.2286979,51.6777621],[11.228860200000002,51.677760400000004],[11.229456800000001,51.6780301],[11.229668700000001,51.678090700000006],[11.2300052,51.678045600000004],[11.2304653,51.678069],[11.2306363,51.6780449],[11.2307723,51.678136300000006],[11.231065200000002,51.6781573],[11.2313337,51.6782131],[11.2314298,51.678348],[11.2315447,51.6784017],[11.231757,51.6785032],[11.231934800000001,51.678555200000005],[11.232114900000001,51.6785901],[11.2330685,51.678704100000004],[11.233236400000001,51.6786843],[11.2334638,51.6786023],[11.2336256,51.678563700000005],[11.2337746,51.6785465],[11.2339927,51.6785178],[11.2345071,51.6784685],[11.2349054,51.678451100000004],[11.235067,51.678473700000005],[11.235110200000001,51.678543600000005],[11.235292300000001,51.6786466],[11.2353115,51.678686500000005],[11.235316500000001,51.6787378],[11.2352643,51.678781300000004],[11.235139400000001,51.6787902],[11.234938300000001,51.678921900000006],[11.234924600000001,51.6789676],[11.2349666,51.679022100000005],[11.2355488,51.679175400000005],[11.2358139,51.679200900000005],[11.236400900000001,51.6792877],[11.236534800000001,51.679321300000005],[11.2366793,51.6795283],[11.2367618,51.679635100000006],[11.236931400000001,51.6797467],[11.236990800000001,51.679816200000005],[11.2370607,51.679996200000005],[11.2372674,51.6807576],[11.2374521,51.6810574],[11.2376442,51.6812261],[11.2378494,51.681349100000006],[11.238127,51.6814498],[11.2382912,51.6815811],[11.2384052,51.6817494],[11.238428800000001,51.6818499],[11.238362100000002,51.682073100000004],[11.2383941,51.682163800000005],[11.2384819,51.682265],[11.238564700000001,51.682417900000004],[11.238608800000002,51.6824841],[11.238660300000001,51.6825131],[11.2387656,51.6825136],[11.238853500000001,51.682542700000006],[11.2389164,51.68257680000001],[11.238952000000001,51.682636800000004],[11.239093,51.6827509],[11.239143700000001,51.6827782],[11.2396477,51.6830447],[11.2400512,51.683194500000006],[11.2402133,51.6832453],[11.240410200000001,51.6832767],[11.240607800000001,51.6832888],[11.2407689,51.683299000000005],[11.2409444,51.683286800000005],[11.241101500000001,51.6832295],[11.241275,51.6831205],[11.2413738,51.683114100000004],[11.2416415,51.6831565],[11.2418806,51.6832159],[11.2420308,51.683216900000005],[11.242469300000002,51.683177900000004],[11.2427329,51.683157],[11.243254400000001,51.6830951],[11.243431000000001,51.683050400000006],[11.243663300000001,51.6829606],[11.2438517,51.6829247],[11.244111700000001,51.6829127],[11.244385000000001,51.6828906],[11.2446803,51.6828452],[11.2453401,51.682847200000005],[11.2458655,51.6828331],[11.246116500000001,51.6828476],[11.246318,51.6829015],[11.246702200000001,51.683018600000004],[11.246792600000001,51.6830154],[11.2468851,51.682993800000006],[11.246935500000001,51.682945000000004],[11.2470122,51.682914800000006],[11.2471292,51.6828839],[11.2473107,51.682857000000006],[11.2479919,51.68262240000001],[11.248295200000001,51.682552300000005],[11.2484695,51.6825223],[11.2487259,51.6825332],[11.2490427,51.682597300000005],[11.2491406,51.682646000000005],[11.2491927,51.682689],[11.2492312,51.682768900000006],[11.249285500000001,51.6828129],[11.2494109,51.6828367],[11.249434200000001,51.6828713],[11.249305600000001,51.6829176],[11.2493543,51.682954800000005],[11.2494622,51.6829601],[11.249546700000002,51.6829909],[11.249687000000002,51.6829964],[11.2498286,51.682957800000004],[11.2499008,51.6829077],[11.249928200000001,51.682827800000005],[11.249997700000002,51.6827564],[11.2500497,51.6827175],[11.250121400000001,51.682674000000006],[11.2502891,51.6826439],[11.2504589,51.682628300000005],[11.2506755,51.6826128],[11.2509034,51.6826864],[11.251043800000001,51.6827735],[11.2513097,51.682878],[11.251426,51.682900800000006],[11.2515222,51.682900000000004],[11.2516458,51.6829131],[11.2517405,51.6829623],[11.252051100000001,51.683204700000005],[11.252442700000001,51.68338120000001],[11.252616300000001,51.683494200000005],[11.2526591,51.683537900000005],[11.252757500000001,51.683638300000005],[11.252827,51.683710100000006],[11.2529106,51.683762800000004],[11.253012700000001,51.683807300000005],[11.253134800000002,51.683836500000005],[11.2533019,51.68382080000001],[11.2534495,51.6837783],[11.2537806,51.6836436],[11.253869400000001,51.683618100000004],[11.2540718,51.6835827],[11.2541454,51.6835995],[11.254180900000001,51.683634000000005],[11.2541876,51.6836764],[11.2543544,51.683738700000006],[11.254653900000001,51.6836952],[11.2550617,51.683624800000004],[11.255439500000001,51.683596200000004],[11.2555569,51.6835875],[11.2557024,51.6835899],[11.2557945,51.6836354],[11.2559096,51.6836993],[11.2559356,51.6837269],[11.255993400000001,51.683792000000004],[11.2560754,51.68385180000001],[11.2561262,51.6839121],[11.256230100000002,51.6839662],[11.2565193,51.6840513],[11.256688,51.684133800000005],[11.2567619,51.684209900000006],[11.2568956,51.684321600000004],[11.2569639,51.6844624],[11.256993900000001,51.6845848],[11.2570431,51.684659700000005],[11.2571334,51.684684100000005],[11.2571439,51.68475350000001],[11.257125700000001,51.6848059],[11.257146500000001,51.684869600000006],[11.257036000000001,51.6849543],[11.2569332,51.6849471],[11.2569525,51.6851356],[11.257008200000001,51.68526120000001],[11.257077,51.68536640000001],[11.2571583,51.685458600000004],[11.257236,51.6855017],[11.2573416,51.68564730000001],[11.257472,51.685700000000004],[11.257625500000001,51.685716600000006],[11.2577318,51.6857891],[11.257925700000001,51.685905600000005],[11.258124800000001,51.686028300000004],[11.258351000000001,51.686177],[11.258485400000001,51.6864178],[11.258628600000002,51.686536700000005],[11.258767200000001,51.686574400000005],[11.2592105,51.6865712],[11.2596772,51.6864715],[11.2612567,51.6859844],[11.2614657,51.685967500000004],[11.2618071,51.6857497],[11.2620003,51.685650800000005],[11.2621695,51.6855187],[11.2623362,51.6853422],[11.262546500000001,51.6852011],[11.2626495,51.685123600000004],[11.2627843,51.685078100000005],[11.262982300000001,51.685020300000005],[11.263190300000002,51.6849453],[11.2634,51.684893200000005],[11.263798600000001,51.6848121],[11.2639151,51.6847592],[11.2639815,51.684617800000005],[11.2641606,51.684492600000006],[11.264283,51.6843675],[11.264461,51.68426830000001],[11.264842900000001,51.684100900000004],[11.265065,51.6840204],[11.2651982,51.6839414],[11.2653636,51.683587900000006],[11.2654186,51.683531300000006],[11.265645800000001,51.683469200000005],[11.265973500000001,51.683423000000005],[11.266340900000001,51.683426700000005],[11.2666866,51.683499700000006],[11.2667851,51.6834956],[11.266882,51.683472],[11.266897400000001,51.6834618],[11.267031300000001,51.6834019],[11.267123300000002,51.68334],[11.2671606,51.6833207],[11.2672048,51.6833077],[11.267278500000002,51.683309300000005],[11.267370900000001,51.6833194],[11.267574600000001,51.683400500000005],[11.269177,51.683718000000006],[11.2694203,51.6838047],[11.269579100000001,51.6838988],[11.2698476,51.684057900000006],[11.2700875,51.6842795],[11.2701513,51.684482800000005],[11.270617300000001,51.6851125],[11.2707773,51.6854214],[11.271007,51.685630800000006],[11.2711889,51.6857611],[11.2712921,51.6858932],[11.2713207,51.68600970000001],[11.2712955,51.686117],[11.2711603,51.6862288],[11.271139600000001,51.686295],[11.2712672,51.6863912],[11.2712863,51.6865457],[11.2713496,51.6868069],[11.271529200000002,51.6870873],[11.271705800000001,51.6872411],[11.2718553,51.687321000000004],[11.2719359,51.6873912],[11.272001000000001,51.6874479],[11.272052200000001,51.6875317],[11.272142,51.6876917],[11.272232,51.68777540000001],[11.2724395,51.6878936],[11.2728031,51.68804110000001],[11.273150900000001,51.688160200000006],[11.273320100000001,51.688209400000005],[11.2736639,51.688262800000004],[11.273988500000002,51.688332100000004],[11.2744894,51.688501200000005],[11.2749521,51.688624000000004],[11.275038700000001,51.688651400000005],[11.2751821,51.688714000000004],[11.2752926,51.6887952],[11.2756275,51.689000400000005],[11.275834900000001,51.6891673],[11.2760982,51.689331200000005],[11.276435300000001,51.6894726],[11.2767429,51.6895742]]}},{"type":"Feature","properties":{"osmType":"way","osmId":43920512,"name":"Selke","waterway":"river"},"geometry":{"type":"LineString","coordinates":[[11.3515847,51.761844700000005],[11.3518264,51.762227300000006],[11.3518898,51.7625486],[11.351795500000001,51.762689400000006],[11.3516931,51.762832],[11.3512018,51.76302990000001],[11.3505891,51.763133],[11.3494299,51.7634344],[11.348919200000001,51.763727900000006],[11.3486881,51.763930800000004],[11.3483216,51.7641781],[11.348054600000001,51.764321800000005],[11.3476513,51.764441000000005],[11.3475471,51.764449500000005],[11.3471635,51.764416600000004],[11.3468947,51.7644795],[11.3467981,51.7645811],[11.346646600000001,51.7647362],[11.346279500000001,51.765009500000005],[11.3461513,51.7650816],[11.345660500000001,51.765351200000005],[11.3451894,51.765727500000004],[11.344823100000001,51.7659236],[11.3446453,51.765986000000005],[11.3444491,51.7660156],[11.344165400000001,51.7659973],[11.343068500000001,51.765874600000004],[11.342762400000002,51.7658995]]}},{"type":"Feature","properties":{"osmType":"way","osmId":119092572,"name":"Selke","waterway":"river"},"geometry":{"type":"LineString","coordinates":[[11.2767429,51.6895742],[11.2774506,51.6897819],[11.2777211,51.6898361],[11.278076700000002,51.6898872],[11.278362900000001,51.6899547],[11.278507000000001,51.6900161],[11.2787746,51.69020020000001],[11.2789943,51.690303300000004],[11.2794428,51.690456700000006],[11.2796648,51.690518600000004],[11.280065,51.6905921],[11.2803131,51.6906528],[11.280571,51.690682100000004],[11.2809095,51.6906818],[11.2813303,51.6906545],[11.281531600000001,51.690685900000005],[11.2822083,51.6907116],[11.2825352,51.6907323],[11.2828791,51.690775200000004],[11.2831293,51.690872000000006],[11.283660600000001,51.6911962],[11.2838021,51.69133840000001],[11.283845600000001,51.691459],[11.283941700000002,51.6919503],[11.283902900000001,51.6920469],[11.283836200000001,51.6921327],[11.2836765,51.692264400000006],[11.2835336,51.69247480000001],[11.283443700000001,51.6928903],[11.2833967,51.6932484],[11.283529000000001,51.693711400000005],[11.2835342,51.693801500000006],[11.2835251,51.693886500000005],[11.283442500000001,51.6941404],[11.283280300000001,51.6945386],[11.2832579,51.6947023],[11.283289,51.6948341],[11.2834491,51.6954019],[11.2835637,51.6957424],[11.2836043,51.6960154],[11.2836511,51.6961358],[11.2835961,51.696332500000004],[11.283416200000001,51.6965104],[11.2833898,51.696660200000004],[11.283425900000001,51.6973252],[11.283367400000001,51.697430600000004],[11.2833717,51.697574900000006],[11.283462100000001,51.697722000000006],[11.2835879,51.6978894],[11.2836607,51.698031900000004],[11.2838185,51.6981186],[11.2840241,51.698196800000005],[11.284449500000001,51.698370800000006],[11.2845729,51.6984878],[11.2846962,51.6985892],[11.284842600000001,51.6987109],[11.284908900000001,51.6988057],[11.2849579,51.699193300000005],[11.284983400000002,51.699397000000005],[11.2849926,51.6995889],[11.284938100000002,51.6996705],[11.284830900000001,51.6997623],[11.284562300000001,51.6998703],[11.284371400000001,51.7000012],[11.284140500000001,51.700140100000006],[11.2840232,51.7002413],[11.283986,51.700311500000005],[11.283993,51.7003811],[11.2841375,51.7004638],[11.284331900000002,51.7005953],[11.2844034,51.700691000000006],[11.2843722,51.700833300000006],[11.284349500000001,51.70098350000001],[11.2843427,51.7011374],[11.2843709,51.701244800000005],[11.2844227,51.7013261],[11.284613700000001,51.701516700000006],[11.2847842,51.7016032],[11.2850988,51.7016909],[11.2852569,51.7017104],[11.2859412,51.701744600000005],[11.2866424,51.7017244],[11.2869367,51.7017079],[11.287200100000002,51.7016581],[11.2873719,51.701612600000004],[11.2877495,51.7014666],[11.2879416,51.701416800000004],[11.2881178,51.701408400000005],[11.2883428,51.701423000000005],[11.288739300000001,51.701411900000004],[11.2889272,51.7014371],[11.2890004,51.701483100000004],[11.289052700000001,51.701532],[11.2890333,51.701736700000005],[11.2890644,51.701796300000005],[11.2894245,51.70209010000001],[11.289733,51.702451800000006],[11.2897993,51.702591600000005],[11.2899946,51.70279540000001],[11.290560300000001,51.7031117],[11.290677500000001,51.703212400000005],[11.290782,51.703334000000005],[11.2907866,51.70355],[11.290863,51.70376460000001],[11.2908925,51.703979800000006],[11.2909705,51.7040829],[11.2913952,51.704407],[11.291456,51.704503200000005],[11.291497000000001,51.704599300000005],[11.291525100000001,51.704714],[11.291499700000001,51.704900800000004],[11.2913254,51.705593900000004],[11.291344200000001,51.7056569],[11.2914005,51.7056826],[11.2917149,51.7057038],[11.291960000000001,51.7057158],[11.292446100000001,51.7058085],[11.2926715,51.70588720000001],[11.2927906,51.70612190000001],[11.292902000000002,51.7063974],[11.2929992,51.70669650000001],[11.2931,51.706806900000004],[11.2931954,51.7068689],[11.2934386,51.7069612],[11.29395,51.7070723],[11.294560200000001,51.707132400000006],[11.2951362,51.7071471],[11.2953936,51.707140700000004],[11.29597,51.7071532],[11.2964908,51.707132800000004],[11.2966536,51.707145100000005],[11.2967943,51.707176000000004],[11.296936200000001,51.707266600000004],[11.2972558,51.707546400000005],[11.2975247,51.7077407],[11.2977466,51.707953100000005],[11.2978825,51.708165300000005],[11.2980265,51.708448800000006],[11.2980511,51.7086539],[11.2980291,51.708874900000005],[11.298000700000001,51.708970400000005],[11.297903300000002,51.7091756],[11.2978702,51.7092546],[11.2977842,51.7096566],[11.2977661,51.709739400000004],[11.2977006,51.7105381],[11.2977191,51.7111407],[11.297680300000001,51.71129740000001],[11.297639400000001,51.711442000000005],[11.2975548,51.7116186],[11.297546200000001,51.711760100000006],[11.297493900000001,51.7118302],[11.297315600000001,51.7120715],[11.297099800000002,51.7125465],[11.296980900000001,51.712755800000004],[11.296941400000001,51.7128789],[11.296961900000001,51.7129616],[11.297166200000001,51.713266600000004],[11.2973459,51.7134348],[11.2974782,51.7135863],[11.297653700000001,51.7137497],[11.2978663,51.7139084],[11.2980271,51.714002900000004],[11.2984168,51.714172700000006],[11.298571,51.714308200000005],[11.298621,51.7143961],[11.298639900000001,51.714530200000006],[11.298603,51.7146254],[11.298589100000001,51.714758100000005],[11.298634600000002,51.715008000000005],[11.2986635,51.7150703],[11.2987982,51.7152449],[11.2990118,51.7154189],[11.299242900000001,51.7155543],[11.299613800000001,51.7157727],[11.299928000000001,51.715896400000005],[11.3001109,51.7160012],[11.300188400000001,51.716100100000006],[11.300271,51.7163197],[11.300423700000001,51.716520700000004],[11.300604,51.716650300000005],[11.3007243,51.7167125],[11.300825300000001,51.71687],[11.3008012,51.71707850000001],[11.3007112,51.717223100000005],[11.300636,51.7173467],[11.300559100000001,51.7174112],[11.3005169,51.7174915],[11.300443300000001,51.717510000000004],[11.3003672,51.7174958],[11.3002269,51.7175171],[11.2999814,51.717567700000004],[11.2997069,51.7176539],[11.299568500000001,51.7177134],[11.2993438,51.71785800000001],[11.2992848,51.717923500000005],[11.2992384,51.718054800000004],[11.2992462,51.7182772],[11.2993094,51.718478600000005],[11.299361900000001,51.718716],[11.2994043,51.718804500000005],[11.299499500000001,51.7188917],[11.299760500000001,51.7190044],[11.299976800000001,51.71913],[11.300224700000001,51.719337900000006],[11.3002848,51.719432600000005],[11.3003689,51.7194845],[11.300677100000001,51.7195752],[11.3009482,51.719704],[11.301143300000001,51.7198372],[11.3011712,51.719869100000004],[11.301219000000001,51.719953700000005],[11.3011724,51.72001],[11.301060600000001,51.7200709],[11.3010335,51.7201085],[11.301138900000002,51.7205008],[11.3012101,51.720668100000005],[11.301318,51.7208094],[11.3015545,51.7209567],[11.3016964,51.721025100000006],[11.302446300000002,51.721303500000005],[11.30269,51.721428800000005],[11.3029037,51.7215871],[11.302979800000001,51.7217233],[11.303228200000001,51.722414500000006],[11.3034569,51.722565800000005],[11.3036077,51.72263280000001],[11.3038778,51.7226592],[11.3042072,51.7226415],[11.3045975,51.722590800000006],[11.3048705,51.7226222],[11.305255500000001,51.7226853],[11.3058297,51.7227778],[11.306135300000001,51.722909200000004],[11.3062269,51.7229663],[11.3064619,51.7231789],[11.3065765,51.723350100000005],[11.3069219,51.723736200000005],[11.3070131,51.7239176],[11.307197200000001,51.724122300000005],[11.307370800000001,51.7242399],[11.3080175,51.7244503],[11.308248200000001,51.7245525],[11.3083364,51.7246007],[11.3087601,51.7249436],[11.3090297,51.7250845],[11.309548300000001,51.7252674],[11.309711700000001,51.7253027],[11.3107334,51.7254664],[11.3111154,51.725555],[11.3112496,51.725622],[11.3113413,51.7257107],[11.3114488,51.725967600000004],[11.3115117,51.726080200000006],[11.3115983,51.7262174],[11.3118073,51.7264629],[11.311905600000001,51.726544700000005],[11.312152000000001,51.7266606],[11.312393100000001,51.726801300000005],[11.3126817,51.726952000000004],[11.312809900000001,51.726967300000005],[11.313024,51.726973400000006],[11.313235500000001,51.7269647],[11.313402100000001,51.7269413],[11.313671300000001,51.726910600000004],[11.313839100000001,51.726942],[11.314033,51.7270222],[11.3141729,51.727135600000004],[11.3142174,51.727242200000006],[11.314331200000002,51.727332600000004],[11.314505700000002,51.727502300000005],[11.314581200000001,51.7276195],[11.3146654,51.727689500000004],[11.3150226,51.727843500000006],[11.315444600000001,51.72805880000001],[11.315632800000001,51.7281704],[11.315796,51.728336600000006],[11.3159892,51.7286458],[11.316149600000001,51.7287285],[11.316273500000001,51.728757200000004],[11.3165587,51.728837000000006],[11.31685,51.729007700000004],[11.3169979,51.729120200000004],[11.317457300000001,51.729492500000006],[11.3177468,51.7297207],[11.3180299,51.72997],[11.318143500000001,51.730361200000004],[11.3181952,51.7304247],[11.318314200000001,51.730583],[11.318414,51.7307154],[11.3185438,51.730810500000004],[11.3187286,51.7308845],[11.318870400000002,51.730943700000005],[11.319094400000001,51.730962600000005],[11.319313600000001,51.7309397],[11.319488000000002,51.730911500000005],[11.3198787,51.730848200000004],[11.320129000000001,51.730816000000004],[11.3203393,51.7308011],[11.3204803,51.730812],[11.320612500000001,51.7308578],[11.320703,51.7309137],[11.320921100000001,51.7310699],[11.3210862,51.731208900000006],[11.3212832,51.731374200000005],[11.3214535,51.7315027],[11.3216029,51.731619200000004],[11.3217613,51.731714800000006],[11.3218829,51.7317741],[11.322025,51.7318725],[11.322113900000002,51.7319107],[11.322201300000001,51.7319486],[11.322465800000002,51.7320122],[11.3228126,51.7320835],[11.323242800000001,51.732148800000004],[11.323467,51.732182300000005],[11.323747000000001,51.7322457],[11.324190900000001,51.7323651],[11.324658900000001,51.732567700000004],[11.324932800000001,51.732725800000004],[11.3251542,51.732872500000006],[11.32548,51.733022000000005],[11.325660200000002,51.733072500000006],[11.325797300000001,51.73315],[11.326342100000002,51.7335283],[11.3270829,51.734000400000006],[11.3272502,51.734087200000005],[11.3274901,51.7341684],[11.3277424,51.734220900000004],[11.3279674,51.734253],[11.328217500000001,51.734264800000005],[11.329027100000001,51.734221000000005],[11.329418800000001,51.7341465],[11.329662800000001,51.73409770000001],[11.329844600000001,51.7341124],[11.330139,51.734156600000006],[11.330409900000001,51.734299500000006],[11.3309484,51.734401000000005],[11.3313819,51.7344627],[11.3316692,51.734444],[11.331927700000001,51.734412600000006],[11.3321989,51.734402],[11.3325879,51.7344012],[11.332865700000001,51.7343855],[11.333384500000001,51.7344456],[11.3337359,51.734510900000004],[11.3339317,51.7346018],[11.334249300000002,51.73468810000001],[11.334628200000001,51.7347539],[11.3354204,51.734790200000006],[11.3356802,51.734722700000006],[11.3363829,51.734602],[11.3365933,51.734495700000004],[11.3368406,51.734373500000004],[11.3375447,51.7339616],[11.3382568,51.7335775],[11.338500600000001,51.7335154],[11.338652900000001,51.733485400000006],[11.3394803,51.733412],[11.339846300000001,51.7333833],[11.3406578,51.733371600000005],[11.3408736,51.7333432],[11.341200200000001,51.7332094],[11.341704700000001,51.7329871],[11.342337800000001,51.732873000000005],[11.3426048,51.7328539]]}},{"type":"Feature","properties":{"osmType":"way","osmId":166043590,"name":"Selke","waterway":"river"},"geometry":{"type":"LineString","coordinates":[[11.3556875,51.756054400000004],[11.3554107,51.7563855],[11.3549593,51.7571711],[11.3548667,51.758034900000006],[11.3542456,51.758726900000006],[11.3540761,51.7590584],[11.353164300000001,51.7597104],[11.353107300000001,51.7597571],[11.3529617,51.7598792],[11.3528426,51.76007430000001],[11.352655100000002,51.7602513],[11.351825400000001,51.760766000000004],[11.351551500000001,51.7610083],[11.3513795,51.761132100000005],[11.3512711,51.761249500000005],[11.3512964,51.7615119],[11.3515847,51.761844700000005]]}},{"type":"Feature","properties":{"osmType":"way","osmId":166045342,"name":"Selke","waterway":"river"},"geometry":{"type":"LineString","coordinates":[[11.342762400000002,51.7658995],[11.342366100000001,51.7660624],[11.3421009,51.7662867],[11.3418215,51.7666814],[11.3412292,51.767202600000005],[11.3406848,51.767525400000004],[11.340278900000001,51.7677634],[11.340082200000001,51.7678628],[11.3395351,51.7681309],[11.338961900000001,51.7684689],[11.3381469,51.7688927],[11.3378446,51.7690278],[11.3375476,51.769232900000006],[11.3374653,51.769343500000005],[11.337443100000002,51.7694308],[11.337471800000001,51.7695863],[11.3376304,51.770079800000005],[11.3376864,51.7702528],[11.3376581,51.770545600000005],[11.3375482,51.7707125],[11.3373795,51.7709454],[11.3370037,51.771364500000004],[11.3363986,51.7720805],[11.3359895,51.7725316],[11.335647900000001,51.7728527],[11.335555600000001,51.77294740000001],[11.3353034,51.773159500000006],[11.3351942,51.773191100000005],[11.335036500000001,51.773222200000006],[11.3345775,51.773253600000004],[11.333933,51.773220900000005],[11.3333063,51.773202100000006],[11.3327256,51.7732345],[11.3324197,51.773275700000006],[11.332210700000001,51.773359500000005],[11.3320486,51.773518100000004],[11.331876000000001,51.7737434],[11.3316406,51.7742367],[11.3312659,51.7751262],[11.3309414,51.775736200000004],[11.3306482,51.7762583],[11.3305521,51.776375900000005],[11.330492000000001,51.7764668],[11.3303451,51.776558200000004],[11.3301054,51.7766402],[11.329825000000001,51.776714600000005],[11.328393100000001,51.7769234],[11.3282235,51.7769951],[11.3279767,51.7771545],[11.3275476,51.777526200000004],[11.327385300000001,51.777665600000006],[11.327224800000002,51.7777632],[11.327088700000001,51.7778276],[11.3267115,51.7778288],[11.326581200000001,51.777826100000006],[11.326197800000001,51.7778355],[11.325712300000001,51.7779931],[11.3253959,51.7781475],[11.3252436,51.7782679],[11.3250635,51.778519300000006],[11.324999,51.7786224],[11.324402300000001,51.7793154],[11.3243012,51.779476700000004],[11.324201200000001,51.7797337],[11.3241689,51.7798778],[11.324094,51.780034],[11.3238526,51.7803346],[11.3236982,51.780491500000004],[11.323592900000001,51.780559600000004],[11.323419000000001,51.7806289],[11.322165400000001,51.78094],[11.321860000000001,51.781105700000005],[11.321708200000002,51.78122200000001],[11.321595,51.7813463],[11.321484400000001,51.781642500000004],[11.321410400000001,51.7818375],[11.321333300000001,51.7820431],[11.3212933,51.782080300000004],[11.321194100000001,51.7821246],[11.320787300000001,51.7822456],[11.32055,51.7822924],[11.3202333,51.782307100000004],[11.318701,51.7823513],[11.318544000000001,51.782403800000004],[11.3183406,51.782591000000004],[11.3183152,51.7827178],[11.318331800000001,51.7828395],[11.3183644,51.782963200000005],[11.3187148,51.783442],[11.3187382,51.783512],[11.318805900000001,51.7837662],[11.318904900000001,51.7840051],[11.3189966,51.784155600000005],[11.319549400000001,51.784537300000004],[11.3196884,51.7846315],[11.3197904,51.784822500000004],[11.3198351,51.784998900000005],[11.3197384,51.785255600000006],[11.319348100000001,51.7856791],[11.3192623,51.7857877],[11.3191845,51.7860166],[11.3190687,51.7862707],[11.318936800000001,51.7863927],[11.318712300000001,51.7864748],[11.318287100000001,51.786556600000004],[11.3176263,51.7866183],[11.3167364,51.786758600000006],[11.3161114,51.786921400000004],[11.315926300000001,51.7869943],[11.3157888,51.7870708],[11.315609100000001,51.78723170000001],[11.3154999,51.7873582],[11.315299300000001,51.7874847],[11.315123600000002,51.787603600000004],[11.3148809,51.7877133],[11.3146336,51.7877809],[11.314456,51.78780810000001],[11.3142063,51.787820700000005],[11.313896900000001,51.787799],[11.313744300000002,51.7878101],[11.3135916,51.787851100000005],[11.313319900000002,51.787987400000006],[11.3132461,51.7880265],[11.312963900000002,51.7883173],[11.312833300000001,51.7885335],[11.3127226,51.788795400000005],[11.3125809,51.7893004],[11.312529600000001,51.7894067],[11.312478500000001,51.7894773],[11.3121544,51.78981580000001],[11.3121357,51.7898579],[11.3121247,51.789962900000006],[11.312190600000001,51.7903517],[11.312304000000001,51.7905899],[11.312296900000002,51.7907584],[11.3123166,51.7908436],[11.312406300000001,51.7909537],[11.312642700000001,51.7910819],[11.312718100000001,51.791198300000005],[11.312702100000001,51.791282700000004],[11.312560900000001,51.791479900000006],[11.312430200000001,51.79155900000001],[11.3122143,51.791622800000006],[11.311761200000001,51.79170190000001],[11.311649300000001,51.7917757],[11.3116441,51.791813000000005],[11.311659500000001,51.7918813],[11.311544600000001,51.792158900000004],[11.311391700000001,51.792298300000006],[11.3113314,51.792380400000006],[11.3112744,51.792439400000006],[11.3111861,51.7925258],[11.310989600000001,51.792708600000005],[11.310864700000002,51.7928815],[11.310660400000002,51.793103200000004],[11.3102978,51.793622600000006],[11.310088100000002,51.7938826],[11.3094949,51.7943827],[11.3092018,51.7945939],[11.308737800000001,51.7949294],[11.3086351,51.7950425],[11.3085786,51.7951514],[11.308571500000001,51.795334600000004],[11.3085451,51.7954744],[11.308454600000001,51.795703],[11.3083153,51.795864300000005],[11.3080478,51.7962064],[11.3078474,51.7964684],[11.3076713,51.796804900000005],[11.3076358,51.796935700000006],[11.307568400000001,51.797132500000004],[11.3073782,51.7974231],[11.307215300000001,51.797690700000004],[11.306985300000001,51.7982455],[11.3069301,51.7983503],[11.306858700000001,51.7984401],[11.3067206,51.798587000000005],[11.3062245,51.7990482],[11.306075600000002,51.799217500000005],[11.305999900000002,51.7993602],[11.3059455,51.7995286],[11.30584,51.799752500000004],[11.305811100000001,51.79986400000001],[11.305651600000001,51.8004143],[11.305609500000001,51.8005049],[11.3055347,51.800574600000004],[11.3054828,51.800686400000004],[11.3054056,51.800931000000006],[11.3052316,51.8013015],[11.305223100000001,51.801402100000004],[11.3051638,51.801560900000005],[11.3050876,51.801678300000006],[11.3048604,51.802310000000006],[11.3048219,51.802451600000005],[11.3047304,51.8026281],[11.3046311,51.802733100000005],[11.3044688,51.802822600000006],[11.304159100000001,51.8031129],[11.303996600000001,51.803173300000005],[11.3038313,51.803208600000005],[11.3036949,51.8032558],[11.3035633,51.8033171],[11.3034408,51.8033921],[11.303313600000001,51.8034607],[11.3031368,51.803639100000005],[11.303002000000001,51.803777100000005],[11.3028919,51.803848],[11.302694200000001,51.803925400000004],[11.302544500000002,51.8039464],[11.302361600000001,51.8039494],[11.302218700000001,51.803965000000005],[11.3019815,51.804011200000005],[11.301877000000001,51.804055000000005],[11.3017809,51.804126000000004],[11.301740500000001,51.804173600000006],[11.301714500000001,51.8042713],[11.3017184,51.804375500000006],[11.3017534,51.8044676],[11.301784300000001,51.8046378],[11.3017523,51.8047126],[11.3016571,51.8047892],[11.301438200000002,51.8048961],[11.3012668,51.8050098],[11.3009955,51.805226000000005],[11.300782600000002,51.805298500000006],[11.300483300000002,51.805388900000004],[11.3003023,51.8054405],[11.3000482,51.8054835],[11.299808,51.80549430000001],[11.299606200000001,51.8055438],[11.2993938,51.805640700000005],[11.2991954,51.805804200000004],[11.2990597,51.805942],[11.2989797,51.8060668],[11.298944800000001,51.806202400000004],[11.2989379,51.8063702],[11.2989066,51.8064994],[11.2988613,51.806634900000006],[11.2987395,51.806742500000006],[11.298582900000001,51.806850100000005],[11.2983636,51.8069233],[11.298113,51.8069233],[11.297865900000001,51.8069362],[11.2976013,51.8069879],[11.2973716,51.8070675],[11.297218500000001,51.8071794],[11.2970967,51.80728920000001],[11.2970305,51.807392500000006],[11.297013100000001,51.807476400000006],[11.297103600000002,51.807571100000004],[11.2972707,51.807635700000006],[11.2974099,51.8077303],[11.2975074,51.8078896],[11.2974238,51.808070400000005],[11.297242800000001,51.80825110000001],[11.2969922,51.808388900000004],[11.2966859,51.808444800000004],[11.296344900000001,51.8084276],[11.295996800000001,51.8084405],[11.2957601,51.8084879],[11.295579100000001,51.80857820000001],[11.2954399,51.8086988],[11.295391200000001,51.808832200000005],[11.2954051,51.8089613],[11.295544300000001,51.809051700000005],[11.2957949,51.809099],[11.2958715,51.809210900000004],[11.295955000000001,51.809335700000005],[11.295885400000001,51.809499300000006],[11.2957044,51.8096758],[11.295391200000001,51.809792],[11.294966500000001,51.8098565],[11.294709000000001,51.8099125],[11.2943748,51.810041600000005],[11.294221700000001,51.8101664],[11.2941103,51.8102396],[11.2941103,51.8103342],[11.2942008,51.8104074],[11.2944305,51.8104548],[11.2946115,51.8106054],[11.2946185,51.8107775],[11.2944584,51.810928200000006],[11.2942426,51.81104010000001],[11.2939015,51.8110616],[11.293539500000001,51.811018600000004],[11.2932541,51.811053],[11.293094,51.8111821],[11.2930244,51.8113284],[11.2930522,51.811470400000005],[11.293205400000002,51.811642600000006],[11.2933933,51.81186640000001],[11.293456,51.812120300000004],[11.2933585,51.81247320000001],[11.2932526,51.8129174],[11.292968700000001,51.8131962],[11.292338,51.813818700000006],[11.2917356,51.8143734],[11.2916238,51.81448],[11.2915369,51.8145327],[11.291393600000001,51.814567000000004],[11.2912548,51.8146039],[11.291071800000001,51.814656500000005],[11.2906765,51.814849900000006],[11.2905493,51.814955600000005],[11.290410600000001,51.8150958],[11.2902748,51.815278600000006],[11.2902226,51.8154436],[11.2902286,51.815621500000006],[11.2903,51.815983800000005],[11.2904908,51.816182600000005],[11.2907159,51.8163575],[11.291148900000001,51.81668560000001],[11.291347700000001,51.8168425],[11.291471300000001,51.816979700000005],[11.2914776,51.8170311],[11.291447300000002,51.8170895],[11.291378700000001,51.8171344],[11.291066500000001,51.8172647],[11.290698200000001,51.8175078],[11.2905654,51.817615200000006],[11.2903169,51.8178618],[11.290237300000001,51.8179607],[11.2901596,51.8180149],[11.289816100000001,51.818146500000005],[11.2894055,51.818266],[11.289125700000001,51.818386600000004],[11.2888572,51.8185944],[11.288812400000001,51.8186607],[11.288785800000001,51.8188213],[11.2888135,51.8194395],[11.2887743,51.819515700000004],[11.2885475,51.8196031],[11.2871363,51.820018600000004],[11.286629000000001,51.820155500000006],[11.286408400000001,51.8201977],[11.2861869,51.820250800000004],[11.286013,51.8203194],[11.2858493,51.8204366],[11.2857585,51.8205675],[11.285712700000001,51.820686900000005],[11.2856517,51.820983500000004],[11.2855749,51.8211164],[11.285413,51.821238400000006],[11.2853165,51.8212824],[11.2852005,51.821314300000004],[11.285040700000001,51.821338100000006],[11.284740800000002,51.8213511],[11.284573400000001,51.8213506],[11.2844385,51.821367200000005],[11.2842646,51.821413],[11.284118900000001,51.8215032],[11.283994400000001,51.8216035],[11.283962,51.8216897],[11.283960700000002,51.821908],[11.2839702,51.821972300000006],[11.2839088,51.822156500000006],[11.2833217,51.8229212],[11.2833176,51.8231052],[11.2834979,51.823354],[11.2836242,51.823438100000004],[11.2840129,51.8236417],[11.284266,51.823779800000004],[11.284405300000001,51.823900900000005],[11.284511700000001,51.8240611],[11.2846107,51.824276100000006],[11.2847747,51.8249438],[11.284951900000001,51.825521900000005],[11.2850943,51.8260598],[11.2851496,51.8262705],[11.285158200000001,51.826345700000005],[11.285126700000001,51.8264086],[11.2850512,51.82648330000001],[11.2845598,51.826740900000004],[11.284158000000001,51.8268806],[11.283597100000001,51.8270196],[11.2832512,51.827075300000004],[11.2827576,51.8270807],[11.281603,51.8271567],[11.281226,51.827181100000004],[11.2806247,51.82726400000001],[11.2805125,51.827292400000005],[11.280355,51.8273852],[11.2802,51.8274595],[11.280013400000001,51.827505],[11.2795415,51.8275876],[11.2792293,51.827632],[11.278521900000001,51.827825000000004],[11.278165000000001,51.8280034],[11.2780734,51.828103000000006],[11.2778779,51.8284846],[11.277759600000001,51.828630200000006],[11.2776244,51.828739600000006],[11.276998500000001,51.829139100000006],[11.276941200000001,51.829210700000004],[11.2766166,51.8294493],[11.2763896,51.829589600000006],[11.276074900000001,51.8297253],[11.2759081,51.82983350000001],[11.2757082,51.8300215],[11.2756162,51.830133100000005],[11.275512,51.8302453],[11.275452000000001,51.830364100000004],[11.2754609,51.830525900000005],[11.2754904,51.830615300000005],[11.275655700000002,51.8308642],[11.2757953,51.830994200000006],[11.275872300000001,51.831073200000006],[11.2762723,51.8313446],[11.276369800000001,51.831441600000005],[11.276361900000001,51.831507900000005],[11.276310700000002,51.831576600000005],[11.2761627,51.8316323],[11.2759491,51.831676200000004],[11.275466000000002,51.8319751],[11.2753063,51.832206600000006],[11.275285,51.832242900000004],[11.2752695,51.832334900000006],[11.2752209,51.8323673],[11.2751213,51.83237140000001],[11.2750216,51.8323339],[11.274859500000002,51.8323467],[11.2747367,51.832398100000006],[11.2742267,51.8326457],[11.2735888,51.8328385],[11.2733247,51.8328853],[11.273103500000001,51.8329736],[11.2726482,51.8333621],[11.2724173,51.8336588],[11.272132500000001,51.8338247],[11.271874200000001,51.833949200000006],[11.271726000000001,51.833979500000005],[11.2716078,51.8340213],[11.2714511,51.834125],[11.2710079,51.834598500000006],[11.2709215,51.834665300000005],[11.2707633,51.834732100000004],[11.2706242,51.8347637],[11.270482900000001,51.8347709],[11.2699022,51.8350452],[11.2697803,51.835192600000006],[11.2698011,51.8352568],[11.269926100000001,51.8354002],[11.2700858,51.8354434],[11.270245500000001,51.8354538],[11.2705015,51.835489800000005],[11.2706023,51.835545800000006],[11.2706712,51.835652100000004],[11.2706242,51.835740400000006],[11.2705318,51.835823500000004],[11.2700849,51.836075900000004],[11.2698643,51.836242500000004],[11.268610800000001,51.837080900000004],[11.268412300000001,51.837247700000006],[11.2684031,51.837385000000005],[11.268628900000001,51.837656],[11.269400200000002,51.838041100000005],[11.269532600000002,51.8381114],[11.2695682,51.8381593],[11.269662700000001,51.838269000000004],[11.269745200000001,51.8383764],[11.269826,51.8386416],[11.2697395,51.8387493],[11.269619,51.8388621],[11.2693703,51.838927500000004],[11.2686252,51.838966000000006],[11.2683424,51.8389127],[11.2679887,51.8388969],[11.267635100000001,51.8388453],[11.2673068,51.838688600000005],[11.267158400000001,51.8386797],[11.2669835,51.8386858],[11.2667686,51.8387198],[11.266581200000001,51.8387977],[11.266404300000001,51.8388901],[11.266178700000001,51.8391055],[11.2660932,51.839162400000006],[11.265898,51.8392909],[11.265639100000001,51.839431100000006],[11.265565500000001,51.8394854],[11.265504100000001,51.8395706],[11.265466,51.839652400000006],[11.2654473,51.839747100000004],[11.2654618,51.8401372],[11.265474600000001,51.8404711],[11.2655309,51.840562600000005],[11.2655005,51.840701700000004],[11.265209800000001,51.841105600000006],[11.265164400000002,51.8411759],[11.2651085,51.841289800000006],[11.2650441,51.841558600000006],[11.2650383,51.8416519],[11.264882700000001,51.84182070000001],[11.264725,51.8419431],[11.264246400000001,51.8422507],[11.263927800000001,51.842444500000006],[11.263503700000001,51.842691300000006],[11.2631317,51.842883300000004],[11.2626354,51.8435113],[11.2625154,51.843677400000004],[11.262322600000001,51.843832500000005],[11.2618671,51.8441381],[11.261361,51.844566900000004],[11.260905900000001,51.84498120000001],[11.260759100000001,51.8450598],[11.2604263,51.84513320000001],[11.2600967,51.845172000000005],[11.2596314,51.845202500000006],[11.259092,51.845236400000005],[11.258743800000001,51.845260100000004],[11.2584905,51.8452697],[11.2579759,51.845245000000006],[11.257575600000001,51.8452659],[11.257392000000001,51.845302600000004],[11.257192,51.845358000000004],[11.2570881,51.8454476],[11.2569557,51.8457194],[11.2566565,51.845970400000006],[11.25619,51.846229900000004],[11.256069400000001,51.8463203],[11.2558092,51.8468676],[11.2553826,51.8472364],[11.255221500000001,51.847399800000005],[11.2549896,51.847567100000006],[11.254805800000002,51.8476799],[11.254671100000001,51.8477352],[11.2544938,51.8477923],[11.2543365,51.847879600000006],[11.254148500000001,51.847995700000006],[11.2539294,51.8480835],[11.253703100000001,51.848172700000006],[11.2535623,51.848256400000004],[11.2534901,51.848435],[11.2534915,51.8485573],[11.253477400000001,51.8486527],[11.2533291,51.84888410000001],[11.2530145,51.8493032],[11.252922900000002,51.8495506],[11.252833,51.849969400000006],[11.252845800000001,51.8500328],[11.2528628,51.850084200000005],[11.252827700000001,51.8501619],[11.2527322,51.8502182],[11.252632,51.850267200000005]]}},{"type":"Feature","properties":{"osmType":"way","osmId":166052472,"name":"Selke","waterway":"river"},"geometry":{"type":"LineString","coordinates":[[11.3572843,51.741283200000005],[11.3574198,51.741429200000006],[11.3576612,51.7417406],[11.3578431,51.742047400000004],[11.3578556,51.7429166],[11.3578297,51.7432789],[11.357765,51.743419900000006],[11.3576349,51.7436263],[11.3575908,51.7437443],[11.3575903,51.7439003],[11.357637200000001,51.744022400000006],[11.3577768,51.7443211],[11.357912,51.7444767],[11.3580818,51.744555500000004],[11.3586734,51.74466880000001],[11.3591592,51.744784100000004],[11.3593545,51.74485060000001],[11.3595096,51.7449627],[11.3596325,51.745105200000005],[11.3597189,51.7452235],[11.359773200000001,51.745377100000006],[11.3598139,51.745685900000005],[11.359817300000001,51.746019100000005],[11.3597946,51.746154000000004],[11.3596965,51.7464236],[11.3595517,51.7466384],[11.3594211,51.746778400000004],[11.358847500000001,51.7471655],[11.3587395,51.747263100000005],[11.3586647,51.747373100000004],[11.3586188,51.747570700000004],[11.3586226,51.747882700000005],[11.358666900000001,51.748034700000005],[11.3587529,51.748162],[11.3589169,51.74832120000001],[11.359002700000001,51.748430600000006],[11.358994000000001,51.7485025],[11.3589491,51.748537000000006],[11.3588395,51.7485798],[11.3586706,51.748589800000005],[11.358569500000002,51.7486278],[11.358423400000001,51.7487167],[11.358272000000001,51.7488192],[11.358204200000001,51.7488989],[11.358046400000001,51.749234900000005],[11.3580462,51.7493563],[11.358099600000001,51.7495254],[11.358056600000001,51.7496367],[11.358023000000001,51.749853400000006],[11.358057,51.750064900000005],[11.3581348,51.7502476],[11.3582493,51.750370600000004],[11.358417300000001,51.7505341],[11.3585948,51.7507189],[11.3588521,51.7510003],[11.3589336,51.751319800000005],[11.358973,51.751485900000006],[11.3589409,51.751581900000005],[11.3586816,51.7517701],[11.357326700000002,51.752225200000005],[11.3572682,51.7522588],[11.357174200000001,51.7523076],[11.3561347,51.752973000000004],[11.356062600000001,51.7531474],[11.3559889,51.753315300000004],[11.356132500000001,51.753651100000006],[11.3564702,51.7542252],[11.356462500000001,51.7545663],[11.356216400000001,51.7549958],[11.356186300000001,51.7550539],[11.3561031,51.7555059],[11.355815600000001,51.7558981],[11.3556875,51.756054400000004]]}},{"type":"Feature","properties":{"osmType":"way","osmId":308114443,"name":"Selke","waterway":"river"},"geometry":{"type":"LineString","coordinates":[[10.983032000000001,51.64396240000001],[10.9833917,51.6440314]]}},{"type":"Feature","properties":{"osmType":"way","osmId":308114445,"name":"Selke","waterway":"river"},"geometry":{"type":"LineString","coordinates":[[10.9851416,51.644589],[10.985663500000001,51.644747],[10.986258000000001,51.6449158],[10.9868763,51.6450917],[10.9869882,51.6451426],[10.9871984,51.6452934],[10.9873636,51.6453878],[10.9875038,51.6454327],[10.987949700000001,51.6454309],[10.9884679,51.6454451],[10.9896335,51.645439],[10.989836700000001,51.6454321],[10.990059,51.645422800000006],[10.9911656,51.6453113],[10.991398700000001,51.645291300000004],[10.9916061,51.6452602],[10.9917504,51.6452036],[10.991857000000001,51.645186800000005],[10.9919393,51.6451828],[10.992039,51.645163600000004],[10.9922251,51.645143100000006],[10.9925092,51.6451031],[10.9926635,51.6451149],[10.9928016,51.6451137],[10.9930485,51.645092000000005],[10.9932148,51.6450723],[10.993417,51.6450304],[10.9934518,51.645017200000005],[10.9936463,51.6449463],[10.993782600000001,51.6448851],[10.9943305,51.644773],[10.994688,51.644664000000006],[10.9947706,51.6446279],[10.9949344,51.644534],[10.9950398,51.644483],[10.995182300000002,51.6444224],[10.995222100000001,51.6443585],[10.9952132,51.6442795],[10.995147900000001,51.6442026],[10.9950904,51.6441278],[10.9951439,51.6440349],[10.9951991,51.643990900000006],[10.9952539,51.64397700000001],[10.995351000000001,51.6440038],[10.9954423,51.643997500000005],[10.9954905,51.643972100000006],[10.995556800000001,51.643857800000006],[10.9956086,51.643844800000004],[10.995682,51.6438399],[10.995750800000001,51.6438308],[10.995814000000001,51.643812700000005],[10.9959349,51.643723300000005],[10.996106900000001,51.6435626],[10.9962052,51.6434531],[10.9962496,51.643426000000005],[10.9963577,51.6433995],[10.996424900000001,51.6433302],[10.9964834,51.643251400000004],[10.996463700000001,51.64319690000001],[10.996377,51.6431036],[10.9963911,51.6430511],[10.996450300000001,51.6430397],[10.9965062,51.6430512],[10.9965656,51.6430519],[10.996631,51.6430361],[10.996700500000001,51.6429872],[10.996668000000001,51.642891000000006],[10.996632100000001,51.642850100000004],[10.9966287,51.6427782],[10.9967307,51.642503500000004],[10.996875300000001,51.6422365],[10.996987200000001,51.642091],[10.997,51.6420462],[10.9970221,51.6419221],[10.9970788,51.6418504],[10.9971834,51.641783200000006],[10.9973054,51.641739],[10.997414800000001,51.641713200000005],[10.997546400000001,51.6417341],[10.997678800000001,51.641785600000006],[10.997748600000001,51.641797600000004],[10.997854100000001,51.641776500000006],[10.997881900000001,51.641738800000006],[10.997892400000001,51.6417002],[10.9981006,51.641671900000006],[10.9983058,51.6416515],[10.9987323,51.641607300000004],[10.9988881,51.6415683],[10.999008,51.6415567],[10.9993014,51.641598],[10.999365800000001,51.641599500000005],[10.999859500000001,51.6415352],[11.000109100000001,51.64152240000001],[11.0003241,51.641497],[11.0004506,51.6414893],[11.0005064,51.641469400000005],[11.0005749,51.641423700000004],[11.0006255,51.6413693],[11.000613600000001,51.6412631],[11.0006211,51.6412142],[11.000705100000001,51.641149600000006],[11.000774,51.641132400000004],[11.000853300000001,51.6411425],[11.0009198,51.6410977],[11.0009735,51.641040600000004],[11.0010276,51.6409705],[11.001101400000001,51.64090040000001],[11.0013527,51.6407278],[11.001519100000001,51.6405344],[11.001567600000001,51.640503800000005],[11.0017007,51.6404677],[11.001925400000001,51.640305100000006],[11.0023736,51.640060500000004],[11.002495300000001,51.640010200000006],[11.002663100000001,51.6399814],[11.0027743,51.639919000000006],[11.0028202,51.6398725],[11.0028663,51.6398359],[11.002915900000001,51.6398104],[11.0029906,51.6397922],[11.003061800000001,51.639793000000004],[11.003139200000001,51.639779000000004],[11.0031864,51.6397242],[11.003275400000001,51.6394668],[11.003326900000001,51.6393664],[11.0033671,51.6393374],[11.003441200000001,51.6393007],[11.003710400000001,51.639215],[11.0041113,51.6390948],[11.004505100000001,51.638966700000005],[11.004703300000001,51.6389216],[11.0048676,51.6389063],[11.005091700000001,51.6388808],[11.0051828,51.638811700000005],[11.0053959,51.6387471],[11.0056779,51.6386915],[11.006028500000001,51.6385955],[11.006181400000001,51.638572],[11.006311700000001,51.638559900000004],[11.006442,51.638530200000005],[11.0068727,51.638375100000005],[11.007044200000001,51.6383401],[11.0077785,51.6382392],[11.0079952,51.638190300000005],[11.0081898,51.6381407],[11.008430800000001,51.6381254],[11.008701700000001,51.638083800000004],[11.0093593,51.6378715],[11.0096095,51.6377996],[11.0098579,51.6377669],[11.010146200000001,51.6377036],[11.010385600000001,51.6376307],[11.010538700000001,51.63756],[11.0109434,51.637481],[11.011119500000001,51.6374374],[11.0115066,51.6374049],[11.011642100000001,51.6374633],[11.011723900000002,51.637546900000004],[11.011785600000001,51.6375794],[11.0118373,51.6375948],[11.011995800000001,51.637579900000006],[11.012236900000001,51.637623100000006],[11.0125276,51.6376976],[11.0126299,51.6376688],[11.012838400000001,51.6375831],[11.0129678,51.6374379],[11.0132157,51.6373655],[11.013298500000001,51.637348900000006],[11.0133557,51.637346],[11.0135137,51.637383400000004],[11.0135807,51.63739],[11.013793000000001,51.6373418],[11.013832800000001,51.637310400000004],[11.013821,51.6372085],[11.0138575,51.6371771],[11.013954100000001,51.637161600000006],[11.0140759,51.6371637],[11.0141577,51.6371589],[11.0142457,51.637125700000006],[11.014279400000001,51.637087900000004],[11.014342500000001,51.6370529],[11.0144041,51.6369872],[11.014518800000001,51.6369522],[11.0147001,51.6369041]]}},{"type":"Feature","properties":{"osmType":"way","osmId":444863001,"name":"Selke","waterway":"river"},"geometry":{"type":"LineString","coordinates":[[10.9183955,51.649947600000004],[10.9187344,51.649612100000006],[10.918748500000001,51.64934280000001],[10.9187569,51.64926620000001],[10.9188253,51.6488219],[10.9194121,51.6485971],[10.9198369,51.6485172],[10.9199923,51.6484679],[10.9202546,51.648462900000006],[10.9204203,51.648438500000005],[10.9204839,51.6483348],[10.920596600000001,51.6482873],[10.9206663,51.6482308],[10.9207079,51.648175],[10.9206848,51.64805380000001],[10.9207785,51.648014200000006],[10.920795700000001,51.647951600000006],[10.9207718,51.647905300000005],[10.9207696,51.647867500000004],[10.920811800000001,51.647776],[10.920842,51.6477498],[10.921002900000001,51.647632800000004],[10.921088800000001,51.647620800000006],[10.921179700000001,51.647629],[10.9211893,51.6475626],[10.921229400000001,51.6475273],[10.921188,51.6474461],[10.921144700000001,51.647427],[10.9211732,51.6473737],[10.921175900000001,51.6473287],[10.9211755,51.647257],[10.921162500000001,51.647252200000004],[10.921171900000001,51.6471827],[10.921194,51.647176800000004],[10.9212235,51.647144000000004],[10.921176200000001,51.6470545],[10.9211538,51.6470387],[10.9211297,51.6470275],[10.921103500000001,51.646983000000006],[10.9210539,51.6468282],[10.9211129,51.646741600000006],[10.9212691,51.646641800000005],[10.9212846,51.6465407],[10.9212325,51.646354],[10.921390500000001,51.646250200000004],[10.9214924,51.64613790000001],[10.922171,51.645845],[10.9224843,51.6457324],[10.9229669,51.645594300000006],[10.9233297,51.645542000000006],[10.9239131,51.645534600000005],[10.9240834,51.645509200000006],[10.9242363,51.6455208],[10.9244131,51.645481800000006],[10.9245944,51.645473800000005],[10.924704400000001,51.6454297],[10.9251302,51.6451154],[10.9253038,51.6449712],[10.9254075,51.6449228],[10.9254903,51.6447598],[10.9254675,51.644600800000006],[10.9254852,51.6445147],[10.9258483,51.644339200000005],[10.926222600000001,51.64421170000001],[10.9266783,51.644043700000005],[10.927243200000001,51.6438647],[10.9273965,51.6437019],[10.928022700000001,51.6432933]]}},{"type":"Feature","properties":{"osmType":"way","osmId":444863002,"name":"Selke","waterway":"river"},"geometry":{"type":"LineString","coordinates":[[10.9182587,51.6500962],[10.9183955,51.649947600000004]]}},{"type":"Feature","properties":{"osmType":"way","osmId":444863017,"name":"Selke","waterway":"river"},"geometry":{"type":"LineString","coordinates":[[10.928171500000001,51.643283200000006],[10.928225600000001,51.6432834],[10.9282737,51.643301400000006],[10.928329000000002,51.6432767],[10.9283003,51.643255700000005],[10.928328800000001,51.6432355],[10.928362,51.643237000000006],[10.928393300000002,51.643252100000005],[10.928544,51.643224800000006],[10.9287576,51.6431516],[10.928910100000001,51.64310510000001],[10.928994600000001,51.6430549],[10.929134600000001,51.6430128],[10.9292423,51.6429095],[10.929256500000001,51.6428656],[10.929340100000001,51.64284060000001],[10.9293537,51.6428153],[10.929481200000001,51.6427959],[10.9295123,51.642764],[10.92956,51.642617900000005],[10.9295361,51.6425641],[10.929543800000001,51.6425519],[10.929574200000001,51.642556000000006],[10.929662200000001,51.642515],[10.929668900000001,51.642464200000006],[10.929588500000001,51.6423897],[10.929605,51.6423731],[10.9296507,51.6423658],[10.9297172,51.642325400000004],[10.92981,51.6422448],[10.9298582,51.642127],[10.930007100000001,51.6420201],[10.9300768,51.6417646],[10.9301162,51.6415092],[10.9299897,51.64141],[10.9299803,51.641289400000005],[10.930013800000001,51.6412369],[10.9300788,51.641209],[10.9300514,51.64118070000001],[10.930044,51.641137500000006],[10.9301385,51.6410963],[10.9302398,51.6410792],[10.9303571,51.641100400000006],[10.9304602,51.641048500000004],[10.930522400000001,51.6409402],[10.9305882,51.640913000000005],[10.9308186,51.640862500000004],[10.9309329,51.6408889],[10.931006,51.6408751],[10.9310857,51.640828600000006],[10.931162,51.640804900000006],[10.9312533,51.6408246],[10.9313547,51.6408417],[10.931457,51.6408889],[10.9315589,51.6408744],[10.931688600000001,51.640847],[10.9317913,51.6408527],[10.9319369,51.6408131],[10.9319856,51.640779200000004],[10.932126,51.640744600000005],[10.932182800000001,51.640703800000004],[10.9322385,51.6406865],[10.9322786,51.6406926],[10.9323253,51.6407035],[10.9324958,51.6406933],[10.9325531,51.640667300000004],[10.932704800000002,51.640652700000004],[10.9328225,51.640654000000005],[10.9329177,51.6406484],[10.9330116,51.6406222],[10.933143600000001,51.6406123],[10.933201200000001,51.6405778],[10.9332664,51.640569600000006],[10.9333215,51.640558600000006],[10.933384100000001,51.6405235],[10.933378600000001,51.640486200000005],[10.933327400000001,51.640449200000006],[10.933459200000001,51.6404435],[10.933562400000001,51.640395500000004],[10.933573500000001,51.640373700000005],[10.9335707,51.640328100000005],[10.933637000000001,51.6403083],[10.9337421,51.6402482],[10.933769900000001,51.6402623],[10.933793000000001,51.640303100000004],[10.933820800000001,51.640321300000004],[10.9338735,51.640309800000004],[10.9339191,51.640312300000005],[10.933959600000001,51.6402974],[10.9339352,51.640269],[10.933958,51.6402465],[10.9340185,51.640246700000006],[10.9340928,51.6402834],[10.9341416,51.640292900000006],[10.93417,51.640278300000006],[10.934140000000001,51.640244200000005],[10.934151700000001,51.6402081],[10.934194300000001,51.640180300000004],[10.934318800000002,51.6401637],[10.9344476,51.640189500000005],[10.934563800000001,51.6401478],[10.9346624,51.640129200000004],[10.9347405,51.6401534],[10.9347705,51.640176200000006],[10.9347878,51.640216200000005],[10.9348352,51.6402386],[10.9348718,51.6402255],[10.9349501,51.64015130000001],[10.935003400000001,51.6401571],[10.9350324,51.6401873],[10.935102500000001,51.6402063],[10.9351552,51.6402304],[10.9352105,51.640250900000005],[10.9352985,51.6402263],[10.9354423,51.6402312],[10.935512000000001,51.6402191],[10.9355382,51.640160300000005],[10.9355875,51.640099600000006],[10.935619500000001,51.640077700000006],[10.9356652,51.6400768],[10.9358015,51.640055700000005],[10.935841400000001,51.6400501],[10.9359026,51.6400488],[10.9359368,51.640033900000006],[10.9359514,51.639993100000005],[10.936160000000001,51.639948000000004],[10.9361943,51.639963900000005],[10.936240100000001,51.639988800000005],[10.9362671,51.6400209],[10.9363072,51.6400195],[10.9363851,51.63999080000001],[10.936436200000001,51.639982700000004],[10.936732000000001,51.6399867],[10.9368095,51.6399817],[10.9369221,51.6399009],[10.936977200000001,51.639915],[10.9370455,51.6399051],[10.9371104,51.639924300000004],[10.937183500000002,51.6399551],[10.937287000000001,51.639940200000005],[10.9373315,51.639906700000004],[10.937385,51.639892100000004],[10.9374578,51.639895800000005],[10.9374798,51.639937100000004],[10.937524100000001,51.6399558],[10.9375833,51.6399467],[10.9376235,51.6399295],[10.937611700000001,51.6398985],[10.937611,51.639864700000004],[10.9376694,51.639859900000005],[10.937693300000001,51.6398765],[10.9377203,51.639895700000004],[10.9377812,51.639896900000004],[10.937856,51.639882400000005],[10.937871300000001,51.639829500000005],[10.9379273,51.639767000000006],[10.9379679,51.639759600000005],[10.9380457,51.639784600000006],[10.938141,51.6397849],[10.938241300000001,51.6397315],[10.9385218,51.639718200000004],[10.938635000000001,51.6396901],[10.9387561,51.639694000000006],[10.9389608,51.639715800000005],[10.939026400000001,51.6397616],[10.939071700000001,51.639785700000004],[10.9391318,51.6397782],[10.939205300000001,51.639749800000004],[10.9393253,51.639771800000005],[10.939342400000001,51.6397461],[10.9394527,51.6397333],[10.9394869,51.639743700000004],[10.9394743,51.6398172],[10.939510700000001,51.6398291],[10.9395916,51.639824000000004],[10.9396074,51.6398],[10.939655700000001,51.6397896],[10.939771,51.639788800000005],[10.939820600000001,51.639810000000004],[10.9399405,51.6398066],[10.939982200000001,51.6397971],[10.9400648,51.6397964],[10.9401796,51.6398391],[10.940225400000001,51.6398251],[10.9402573,51.6398072],[10.9403238,51.63983270000001],[10.940360700000001,51.639838100000006],[10.940457100000001,51.6398299],[10.940513000000001,51.639806],[10.9405397,51.639830700000005],[10.940576,51.639819],[10.9405408,51.639790000000005],[10.9405436,51.639771100000004],[10.940588700000001,51.6397442],[10.9406149,51.6397461],[10.9406324,51.639752300000005],[10.940708200000001,51.6398239],[10.940771300000002,51.639836800000005],[10.940905,51.639805800000005],[10.94096,51.639777],[10.9409462,51.639765800000006],[10.940882100000001,51.639753400000004],[10.9408984,51.639725500000004],[10.9409852,51.6397193],[10.9410457,51.6397172],[10.9410623,51.6397454],[10.9410682,51.6397842],[10.9411085,51.639781500000005],[10.9411872,51.639765000000004],[10.9412833,51.639730400000005],[10.941321700000001,51.6397363],[10.9413292,51.6397861],[10.9413747,51.639811200000004],[10.941417300000001,51.6398074],[10.941447700000001,51.63977250000001],[10.941482800000001,51.6397576],[10.9415428,51.639761400000005],[10.941626300000001,51.639788900000006],[10.941674800000001,51.6397874],[10.941712500000001,51.639765100000005],[10.941791700000001,51.639758500000006],[10.9418968,51.6397701],[10.9419383,51.6398176],[10.9420187,51.6398571],[10.9421266,51.6398688],[10.9422399,51.639851400000005],[10.9423004,51.6398166],[10.9423838,51.639791900000006],[10.9425992,51.639805300000006],[10.9427465,51.639774100000004],[10.942811500000001,51.639753000000006],[10.942803600000001,51.639715],[10.9428142,51.639664800000006],[10.942851600000001,51.639631900000005],[10.942902400000001,51.639629500000005],[10.9429184,51.639575400000005],[10.943001200000001,51.6395745],[10.943111100000001,51.639546200000005],[10.943308400000001,51.6395556],[10.9434571,51.6395155],[10.943574700000001,51.6395034],[10.9436692,51.639509200000006],[10.943742100000001,51.6395338],[10.943818100000001,51.6395458],[10.9439027,51.639543700000004],[10.943959000000001,51.639502300000004],[10.944044100000001,51.6394966],[10.9441153,51.639538200000004],[10.944137600000001,51.639588700000004],[10.944155700000001,51.6396467],[10.944220600000001,51.6396645],[10.9442581,51.6396911],[10.9443287,51.639723200000006],[10.944376400000001,51.6397179],[10.9444373,51.639692700000005],[10.9444698,51.6397089],[10.9444598,51.639735],[10.9444788,51.6397531],[10.9445232,51.6397734],[10.9446054,51.639790500000004],[10.9446908,51.6398038],[10.944924400000001,51.6397957],[10.9451145,51.63976520000001],[10.9453513,51.639771100000004],[10.9454627,51.639742500000004],[10.9455723,51.6397326],[10.945662700000002,51.6397333],[10.9457193,51.639714500000004],[10.945765100000001,51.6396917],[10.945698,51.6396091],[10.945737300000001,51.639589900000004],[10.9458412,51.6396342],[10.945876400000001,51.63963450000001],[10.9459006,51.6395648],[10.9459893,51.639538900000005],[10.9461071,51.639495100000005],[10.9464579,51.6394144],[10.946705900000001,51.639396000000005],[10.946803500000001,51.6394443],[10.9468755,51.6394378],[10.946960500000001,51.6393732],[10.9470927,51.639358],[10.9472047,51.6393587],[10.9475625,51.639388000000004],[10.947934700000001,51.6393891],[10.9480731,51.6393683],[10.9482833,51.639360800000006],[10.948514000000001,51.639357200000006],[10.9486284,51.639373600000006],[10.9487047,51.639417],[10.9487074,51.6394595],[10.9486907,51.6394813],[10.948846900000001,51.6396309],[10.9488687,51.639697000000005],[10.9489388,51.6397453],[10.9490087,51.6397622],[10.949094,51.6397593],[10.949161100000001,51.639764400000004],[10.949216300000002,51.6397835],[10.9492735,51.6397793],[10.949345300000001,51.6397178],[10.9493817,51.6397155],[10.9494471,51.639739500000005],[10.949484700000001,51.6397264],[10.949491400000001,51.6396888],[10.9495204,51.6396534],[10.949585,51.639634300000004],[10.949758000000001,51.639683000000005],[10.9498554,51.639704300000005],[10.9499692,51.6397071],[10.9500042,51.639735400000006],[10.950029,51.6397695],[10.9500691,51.6397746],[10.9501633,51.639753000000006],[10.950222400000001,51.639763],[10.9502891,51.6398031],[10.9503214,51.639855100000005],[10.950362400000001,51.639849000000005],[10.950409500000001,51.639823400000004],[10.950555600000001,51.6398024],[10.950615800000001,51.6397677],[10.950727800000001,51.6398306],[10.9507887,51.639842200000004],[10.9508176,51.639814300000005],[10.950872100000002,51.6398157],[10.950941100000001,51.6398408],[10.950994900000001,51.63983270000001],[10.9510704,51.6397859],[10.951148900000002,51.6397721],[10.951258000000001,51.639764400000004],[10.9513387,51.639738900000005],[10.951365800000001,51.6397162],[10.9513485,51.639692000000004],[10.951357000000002,51.6396634],[10.9514373,51.6396467],[10.951520700000001,51.639635500000004],[10.951624500000001,51.63965150000001],[10.9516728,51.639685400000005],[10.9517568,51.639690400000006],[10.951804600000001,51.639719400000004],[10.951823300000001,51.639752],[10.9518567,51.6397683],[10.9520852,51.6397702],[10.9522442,51.639790000000005],[10.9523787,51.6398139],[10.952489,51.6398202],[10.952575300000001,51.639787500000004],[10.952656300000001,51.639764500000005],[10.952785500000001,51.63974],[10.9528209,51.639721900000005],[10.9528329,51.639693900000005],[10.9527488,51.639637],[10.9528402,51.6396402],[10.952895400000001,51.6396236],[10.952937400000001,51.6395835],[10.9529443,51.6395307],[10.9530489,51.639486700000006],[10.9530712,51.6394955],[10.9530881,51.6395484],[10.9531317,51.639556400000004],[10.9532307,51.639509600000004],[10.9532614,51.6394681],[10.953318300000001,51.6394814],[10.9534376,51.6394585],[10.953446300000001,51.63941620000001],[10.9534614,51.6394042],[10.953520300000001,51.639405800000006],[10.9535263,51.639436100000005],[10.9535526,51.6394455],[10.953585100000002,51.6394369],[10.9535947,51.6394199],[10.9536294,51.639408100000004],[10.953660800000002,51.639424500000004],[10.9536995,51.6394219],[10.953772,51.639440900000004],[10.9537984,51.639419600000004],[10.953838900000001,51.639421600000006],[10.9538364,51.639437],[10.953850000000001,51.639454],[10.9538746,51.639453800000005],[10.9539013,51.6394236],[10.9539176,51.639423400000005],[10.953937600000001,51.6394523],[10.9539615,51.639463600000006],[10.9539883,51.639462900000005],[10.9540556,51.6394499],[10.954115400000001,51.639445],[10.9541594,51.639462300000005],[10.9541477,51.639518200000005],[10.9541821,51.6395391],[10.954242,51.639499],[10.9542743,51.639525600000006],[10.954276700000001,51.6395532],[10.9542891,51.639565000000005],[10.954312900000001,51.639562100000006],[10.9543233,51.6395259],[10.9543405,51.6395221],[10.954358800000001,51.6395306],[10.9543964,51.639614],[10.954414600000002,51.6396249],[10.954443000000001,51.639623],[10.9545264,51.639592300000004],[10.954564600000001,51.63956640000001],[10.9545467,51.639507],[10.9545682,51.6394968],[10.954618,51.6395053],[10.954674800000001,51.6395202],[10.954680100000001,51.6395628],[10.9547044,51.639571800000006],[10.954733800000001,51.639566],[10.9547361,51.6395208],[10.954715400000001,51.6395004],[10.9547197,51.6394862],[10.9547478,51.6394767],[10.9547843,51.6395052],[10.9548094,51.639515],[10.9548295,51.6395123],[10.9548473,51.639492000000004],[10.954852500000001,51.6394449],[10.9548745,51.639431800000004],[10.954896600000001,51.639429400000004],[10.954986900000002,51.639392400000006],[10.9550844,51.639354100000006],[10.9551551,51.6393859],[10.9552078,51.639365000000005],[10.955277800000001,51.639323100000006],[10.9553296,51.6392855],[10.955553400000001,51.6393192],[10.9556258,51.6393032],[10.9557044,51.6393422],[10.9558695,51.6393404]]}},{"type":"Feature","properties":{"osmType":"way","osmId":444863018,"name":"Selke","waterway":"river"},"geometry":{"type":"LineString","coordinates":[[10.928022700000001,51.6432933],[10.928171500000001,51.643283200000006]]}},{"type":"Feature","properties":{"osmType":"way","osmId":701597046,"name":"Selke","waterway":"river"},"geometry":{"type":"LineString","coordinates":[[10.9840461,51.6442374],[10.9843884,51.6443458],[10.984566200000002,51.6444033]]}},{"type":"Feature","properties":{"osmType":"way","osmId":701597047,"name":"Selke","waterway":"river"},"geometry":{"type":"LineString","coordinates":[[10.9833917,51.6440314],[10.9840461,51.6442374]]}},{"type":"Feature","properties":{"osmType":"way","osmId":1448253617,"name":"Selke","waterway":"river"},"geometry":{"type":"LineString","coordinates":[[11.3009955,51.805226000000005],[11.300901600000001,51.8053286],[11.3006469,51.8055413],[11.300406200000001,51.805809],[11.2960089,51.8101484],[11.2932526,51.8129174]]}},{"type":"Feature","properties":{"osmType":"way","osmId":1466724967,"name":"Selke","waterway":"river"},"geometry":{"type":"LineString","coordinates":[[10.984847100000001,51.644493600000004],[10.9851416,51.644589]]}},{"type":"Feature","properties":{"osmType":"way","osmId":1466724968,"name":"Selke","waterway":"river"},"geometry":{"type":"LineString","coordinates":[[10.984566200000002,51.6444033],[10.984847100000001,51.644493600000004]]}},{"type":"Feature","properties":{"osmType":"way","osmId":1478534752,"name":"Selke","waterway":"river"},"geometry":{"type":"LineString","coordinates":[[10.9559829,51.6392955],[10.956084500000001,51.6392552],[10.956089700000001,51.639208800000006],[10.9561325,51.639162500000005],[10.9562094,51.6391463],[10.956376500000001,51.639134600000006],[10.956668,51.6391665],[10.956906,51.6392862],[10.9571014,51.639307900000006],[10.9576822,51.6392856],[10.9586249,51.6393642],[10.9600319,51.639417400000006],[10.960098700000001,51.6393915],[10.960160700000001,51.639374000000004],[10.9602755,51.639364500000006],[10.9603829,51.6393744],[10.9604092,51.639396500000004],[10.9604052,51.6394408],[10.9604178,51.639473800000005],[10.9604663,51.6394875],[10.9605238,51.6394649],[10.9605475,51.6394359],[10.960560800000001,51.6394218],[10.9606127,51.639398],[10.960642400000001,51.6393762],[10.960900200000001,51.6393654],[10.960977100000001,51.639405800000006],[10.960984600000002,51.639485300000004],[10.961127300000001,51.639517700000006],[10.961236000000001,51.639516500000006],[10.961313500000001,51.6394911],[10.9614203,51.6395338],[10.9614831,51.6395229],[10.9615601,51.639541200000004],[10.961650200000001,51.639569400000006],[10.961702500000001,51.6395482],[10.961874400000001,51.6396],[10.9622352,51.6396388],[10.9623635,51.6396692],[10.9624123,51.6396475],[10.9623785,51.6396135],[10.9623317,51.639588200000006],[10.962397000000001,51.6395478],[10.962524100000001,51.6395173],[10.9626073,51.639520600000004],[10.9626979,51.639560200000005],[10.962757,51.6396091],[10.9628125,51.6396158],[10.9628741,51.639541300000005],[10.9629264,51.6395453],[10.962955500000001,51.63961990000001],[10.962999700000001,51.6396291],[10.9630478,51.6396208],[10.963083300000001,51.6396426],[10.9630931,51.63968130000001],[10.963146700000001,51.6396814],[10.963181,51.6396755],[10.9632,51.6396646],[10.963201300000001,51.639639100000004],[10.963148100000002,51.6396176],[10.9631606,51.639595],[10.9631825,51.6395817],[10.963253700000001,51.639591],[10.9633023,51.6395763],[10.963307100000002,51.639506100000006],[10.963480500000001,51.639518100000004],[10.963535400000001,51.639484100000004],[10.9636109,51.639516400000005],[10.9636486,51.6395549],[10.9636524,51.6396056],[10.963692400000001,51.6396152],[10.963777700000001,51.639608700000004],[10.9638705,51.6396445],[10.9639672,51.639634900000004],[10.9640134,51.6396474],[10.9640698,51.639677000000006],[10.964117100000001,51.6397167],[10.9641377,51.639754100000005],[10.9642467,51.639798000000006],[10.964444700000001,51.639800400000006],[10.9644998,51.6397714],[10.9645629,51.639731700000006],[10.964488900000001,51.639673],[10.9646474,51.6396251],[10.9646989,51.639659900000005],[10.9647653,51.6396682],[10.9648268,51.639628800000004],[10.9648929,51.639638700000006],[10.964914100000001,51.6396798],[10.9649692,51.639653900000006],[10.965097,51.6396827],[10.9650961,51.6397221],[10.9651609,51.6397404],[10.965221900000001,51.6397343],[10.965250500000002,51.6397045],[10.9653421,51.6397163],[10.965455,51.6397209],[10.9654827,51.639702],[10.9655553,51.639735],[10.965587000000001,51.639735900000005],[10.9656205,51.6397144],[10.9656556,51.6397203],[10.965686400000001,51.6397374],[10.9657523,51.6397381],[10.965854700000001,51.6396555],[10.965934,51.639636700000004],[10.9660232,51.6396445],[10.9660896,51.6395757],[10.9661588,51.63956640000001],[10.9662524,51.639547900000004],[10.966321,51.639524],[10.966385200000001,51.6395034],[10.9664979,51.6394439],[10.966845000000001,51.63943140000001],[10.966979100000001,51.6394147],[10.967147,51.639386300000005],[10.967343900000001,51.6393834],[10.9675667,51.639355900000005],[10.968077800000001,51.639322400000005],[10.968492000000001,51.6392985],[10.968608600000001,51.639311000000006],[10.969151400000001,51.639455000000005],[10.9714497,51.6399691],[10.9726113,51.6402196],[10.976296000000001,51.640656400000005]]}},{"type":"Feature","properties":{"osmType":"way","osmId":1478534753,"name":"Selke","waterway":"river"},"geometry":{"type":"LineString","coordinates":[[10.9558695,51.6393404],[10.9559829,51.6392955]]}}]}