{"type":"FeatureCollection","features":[{"type":"Feature","properties":{"osmType":"way","osmId":29374644,"name":"Wipper","waterway":"river"},"geometry":{"type":"LineString","coordinates":[[11.5217639,51.6527686],[11.5220202,51.653149500000005],[11.522371000000001,51.6535244],[11.5224843,51.6536629],[11.5225589,51.653782400000004],[11.522626800000001,51.653924700000005],[11.5226521,51.6540243],[11.522631800000001,51.654099800000004],[11.5225494,51.6542102],[11.522353800000001,51.6543034],[11.522141600000001,51.6544055],[11.5215989,51.654664600000004],[11.5212821,51.6548335],[11.521051100000001,51.6549654],[11.520823,51.6551388],[11.520677500000001,51.655317800000006],[11.520613200000001,51.6554712],[11.5206096,51.6555982],[11.520624000000002,51.6558324],[11.5207434,51.656326],[11.520752900000002,51.6564786],[11.520777200000001,51.6565743],[11.5208388,51.6569882],[11.520963,51.657370500000006],[11.521082900000001,51.6575063],[11.5214906,51.6578509],[11.5216195,51.657972900000004],[11.521971200000001,51.658211],[11.522279000000001,51.658401000000005],[11.5232735,51.6587073],[11.524146,51.658886],[11.5244163,51.658956],[11.524647100000001,51.658991500000006],[11.5248299,51.6590318],[11.526022000000001,51.659293100000006],[11.5262799,51.659366500000004],[11.526664,51.6595438],[11.526799400000002,51.659634100000005],[11.5269264,51.6597845],[11.527000800000001,51.659894200000004],[11.5271155,51.6601252],[11.5271615,51.660432300000004],[11.527242800000002,51.6608359],[11.527375800000002,51.6613788],[11.527425000000001,51.6617338],[11.5274962,51.6618542],[11.528003,51.662384200000005],[11.528187200000001,51.6625213],[11.5285387,51.6627322],[11.529064400000001,51.6629675],[11.529257600000001,51.6630278],[11.5294352,51.6630948],[11.529955800000002,51.663196400000004],[11.530228900000001,51.663260400000006],[11.5309526,51.6634333],[11.5316072,51.6636412],[11.5322279,51.663808700000004],[11.5329341,51.66389830000001],[11.5341229,51.6640846],[11.534336000000001,51.664120100000005],[11.534863900000001,51.66421750000001],[11.5351692,51.6642851],[11.5353297,51.6643747],[11.5354202,51.6644851],[11.535469800000001,51.664566400000005],[11.535545500000001,51.6647716],[11.535816500000001,51.664983500000005],[11.536025400000002,51.665150800000006],[11.536211900000001,51.665239],[11.5367166,51.6654223],[11.537187000000001,51.6656217],[11.5373509,51.665696600000004],[11.537508800000001,51.6657682],[11.5378564,51.665886900000004],[11.538376000000001,51.6660417],[11.5391601,51.666240800000004],[11.5397727,51.6664077],[11.540355900000002,51.666537000000005],[11.540619300000001,51.666600300000006],[11.5410891,51.666850100000005]]}},{"type":"Feature","properties":{"osmType":"way","osmId":33889877,"name":"Wipper","waterway":"river"},"geometry":{"type":"LineString","coordinates":[[11.614760500000001,51.7911316],[11.614855700000001,51.791355900000006],[11.614935000000001,51.79146],[11.6150056,51.791507800000005],[11.615134000000001,51.7915337],[11.617093200000001,51.7914887],[11.6176189,51.791481100000006],[11.618134600000001,51.7914845],[11.6186316,51.7915143],[11.619148500000001,51.791558900000005],[11.6195135,51.7915871],[11.6198832,51.791627600000005],[11.620198100000001,51.791666400000004],[11.620356800000001,51.791688400000005],[11.620576900000001,51.7917088],[11.621883,51.791718900000006],[11.6220897,51.791696400000006],[11.622245000000001,51.7916706],[11.622846500000001,51.791491400000005],[11.623568500000001,51.791362400000004],[11.624247100000002,51.791337600000006]]}},{"type":"Feature","properties":{"osmType":"way","osmId":41863964,"name":"Wipper","waterway":"river"},"geometry":{"type":"LineString","coordinates":[[11.3902499,51.602629300000004],[11.3903946,51.602668800000004],[11.390448300000001,51.6026833],[11.390551100000001,51.6027531],[11.390773900000001,51.6029369],[11.391009100000002,51.603128600000005],[11.391329800000001,51.6033844],[11.3914305,51.6035103],[11.391536700000001,51.6037088],[11.3916258,51.6037874],[11.3919119,51.603842900000004],[11.392420900000001,51.6038949],[11.3929682,51.6039376],[11.3931552,51.603917200000005],[11.3932553,51.6038695],[11.3932903,51.603809700000006],[11.393364,51.6035966],[11.39344,51.6035321],[11.393532500000001,51.603521300000004],[11.393644400000001,51.603532200000004],[11.3939415,51.603689800000005],[11.394083400000001,51.603709900000005],[11.3943724,51.6036681],[11.3948347,51.60356650000001],[11.3952421,51.6034999],[11.3956648,51.6034396],[11.3958907,51.603410100000005],[11.396101000000002,51.603379800000006],[11.396618100000001,51.603250200000005],[11.3973952,51.603120000000004]]}},{"type":"Feature","properties":{"osmType":"way","osmId":52338779,"name":"Wipper","waterway":"river"},"geometry":{"type":"LineString","coordinates":[[11.2712433,51.5736598],[11.271306800000001,51.57373380000001],[11.2713789,51.573801100000004],[11.271509700000001,51.573845000000006],[11.2720637,51.573854700000005],[11.2722092,51.5738363],[11.272399400000001,51.5737674],[11.272816,51.5735809],[11.273193500000001,51.573412700000006],[11.2734067,51.5733103],[11.2737853,51.5730322],[11.2739563,51.5728978],[11.2740135,51.5728579],[11.2742006,51.572723700000004],[11.2743417,51.572645400000006],[11.274362100000001,51.5726327],[11.2743838,51.572621100000006],[11.274403000000001,51.5726122],[11.2744221,51.5726043],[11.274442,51.5725971],[11.274463500000001,51.5725904],[11.2744896,51.572583400000006],[11.2745162,51.572576600000005],[11.2745434,51.5725707],[11.2745706,51.5725661],[11.274600900000001,51.5725624],[11.2746317,51.5725599],[11.2746464,51.572558900000004],[11.2746616,51.5725582],[11.274677700000002,51.572558],[11.274694,51.5725581],[11.2747115,51.5725587],[11.2747361,51.572560300000006],[11.2747565,51.5725617],[11.2747837,51.572563800000005],[11.274838200000001,51.5725685],[11.274865400000001,51.5725708],[11.2748921,51.5725732],[11.2749188,51.572576000000005],[11.274944900000001,51.5725792],[11.274973200000002,51.5725829],[11.2750008,51.5725867],[11.2750561,51.572595500000006],[11.2751652,51.5726134],[11.275200400000001,51.572620300000004],[11.275235200000001,51.572628],[11.2752715,51.572637500000006],[11.2753039,51.572647100000005],[11.2753335,51.5726566],[11.2753612,51.5726663],[11.275389,51.5726768],[11.2754153,51.57268800000001],[11.275446200000001,51.572701300000006],[11.2754756,51.572714700000006],[11.2755045,51.5727289],[11.2755331,51.572743700000004],[11.2755869,51.572772300000004],[11.2758359,51.572907400000005],[11.275898600000001,51.5729356],[11.275971400000001,51.572959700000006],[11.2760484,51.5729794],[11.2760928,51.572987600000005],[11.276134200000001,51.5729946],[11.2761752,51.5729995],[11.2762133,51.5730032],[11.276290900000001,51.573007800000006],[11.276451400000001,51.5730171],[11.2765365,51.573023600000006],[11.276579700000001,51.5730288],[11.2766205,51.5730348],[11.2766588,51.5730419],[11.2766949,51.5730498],[11.2767347,51.573061100000004],[11.2768055,51.5730779],[11.2768446,51.5730914],[11.2769147,51.5731405],[11.2769796,51.573194],[11.277016000000001,51.5732195],[11.277096700000001,51.573281400000006],[11.277127400000001,51.573315400000006],[11.2771474,51.5733382],[11.2771763,51.57337690000001],[11.2772035,51.573417000000006],[11.277221800000001,51.573446600000004],[11.2772439,51.573474100000006],[11.277282600000001,51.5735406],[11.2773026,51.5735753],[11.277328500000001,51.573681900000004],[11.277332900000001,51.573714100000004],[11.2773353,51.573747000000004],[11.2773359,51.573779800000004],[11.2773344,51.573813200000004],[11.2773348,51.5739377],[11.2773369,51.573993900000005],[11.277368300000001,51.574128800000004],[11.277426400000001,51.5741832],[11.277553000000001,51.574293700000005],[11.277694100000001,51.5744027],[11.2779556,51.574581900000005],[11.278113600000001,51.574672500000005],[11.278184000000001,51.574738700000005],[11.278253900000001,51.5748733],[11.278372800000001,51.575265300000005],[11.278447900000002,51.575438000000005],[11.2785127,51.5755173],[11.278641200000001,51.5756753],[11.278770600000001,51.57582],[11.2789297,51.575939000000005],[11.278974300000002,51.5760176],[11.278998000000001,51.57621]]}},{"type":"Feature","properties":{"osmType":"way","osmId":52455546,"name":"Wipper","waterway":"river"},"geometry":{"type":"LineString","coordinates":[[11.2821814,51.5799741],[11.2821663,51.580038],[11.282141600000001,51.580074100000004],[11.282138100000001,51.580173900000005],[11.2821695,51.580198100000004],[11.282227200000001,51.580268000000004],[11.2823039,51.580342400000006],[11.282374200000001,51.580401300000005],[11.282547500000002,51.580523400000004],[11.2826676,51.580590400000006],[11.2827091,51.580614800000006],[11.282867300000001,51.5806934],[11.2829844,51.580728900000004],[11.283013500000001,51.5807404],[11.2830369,51.5807519],[11.283068,51.580775],[11.283102600000001,51.5807939],[11.283133000000001,51.5808052],[11.2831615,51.580814200000006],[11.283198500000001,51.580819600000005],[11.283220400000001,51.580822700000006],[11.2832495,51.5808242],[11.2832855,51.580822100000006],[11.2834286,51.5807908],[11.283499800000001,51.580778300000006],[11.2836157,51.5807768],[11.2837271,51.580853100000006],[11.2838542,51.580948400000004],[11.284076,51.5810225],[11.284183200000001,51.581048200000005],[11.2842154,51.581179000000006],[11.2843266,51.5812425],[11.284504,51.5812826],[11.2846562,51.5812681],[11.2848634,51.5811963],[11.285061800000001,51.5812516],[11.285114100000001,51.581277400000005],[11.2851491,51.581361400000006],[11.285067300000001,51.5815241],[11.2850145,51.581806300000004],[11.284961500000001,51.5819112],[11.2849281,51.5820178],[11.2849804,51.5821212],[11.285058000000001,51.582167000000005],[11.285230100000001,51.582199300000006],[11.285265,51.5822597],[11.285205600000001,51.5823473],[11.2850689,51.582393800000006],[11.284885000000001,51.582441200000005],[11.2847804,51.5824907],[11.284743800000001,51.582543400000006],[11.2847623,51.582595600000005],[11.2849374,51.582654100000006],[11.284998900000001,51.5827284],[11.284975800000002,51.582795700000005],[11.284937600000001,51.58284990000001],[11.284923200000001,51.583010900000005],[11.2850181,51.5831298],[11.284966500000001,51.583358800000006],[11.2850078,51.5834082],[11.2850246,51.5835464],[11.285138900000002,51.5836539],[11.285253200000001,51.583689400000004],[11.2853171,51.5837518],[11.285373,51.583793400000005],[11.2855054,51.583827600000006],[11.285608100000001,51.5838824],[11.285645500000001,51.583922400000006],[11.285691100000001,51.5840005],[11.2857371,51.5840521],[11.285802400000001,51.584062200000005],[11.2859197,51.5840661],[11.286116900000001,51.58404],[11.2861852,51.5839683],[11.2862168,51.58391700000001],[11.286309500000002,51.583844600000006],[11.286379700000001,51.5838399],[11.286544000000001,51.5838577],[11.2867897,51.583877400000006],[11.286903800000001,51.5839051],[11.28721,51.5840344],[11.2873499,51.5841037],[11.2874706,51.584114500000005],[11.2875616,51.5841055],[11.2877352,51.584040300000005],[11.2879869,51.584037300000006],[11.288158300000001,51.584014200000006],[11.288244800000001,51.5840644],[11.2883209,51.5842863],[11.288378900000001,51.584328500000005],[11.2885693,51.5843526],[11.2888725,51.5845135],[11.288961800000001,51.5845283],[11.289318600000001,51.5844041],[11.289449000000001,51.5844041],[11.289590200000001,51.5844311],[11.2898887,51.5843847],[11.290132,51.5844043],[11.290238,51.5844376],[11.290340700000002,51.5844783],[11.2904961,51.5845405],[11.2909053,51.5847594],[11.2912143,51.584984600000006],[11.291435400000001,51.585164600000006],[11.291535900000001,51.5852141],[11.2915614,51.585269000000004],[11.291530100000001,51.585385200000005],[11.2915258,51.5854712],[11.291587600000002,51.5855466],[11.2916953,51.5856245],[11.2918242,51.5856694],[11.291933700000001,51.5857156],[11.292091800000001,51.5857493],[11.2923182,51.585821200000005],[11.292648000000002,51.5860071],[11.2927447,51.5860356],[11.2927628,51.586068600000004],[11.292751200000001,51.5861437],[11.292719100000001,51.586201],[11.2927637,51.5862617],[11.292861100000001,51.586266900000005],[11.292936800000001,51.586237100000005],[11.2929814,51.5861589],[11.2931311,51.586159800000004],[11.293266800000001,51.5861816],[11.293423500000001,51.586280800000004],[11.2935054,51.5863577],[11.293574900000001,51.58643420000001],[11.293599400000002,51.586473000000005],[11.2935642,51.5865522],[11.293471700000001,51.586655400000005],[11.2934975,51.586718600000005],[11.2936969,51.586863],[11.2939168,51.586944900000006],[11.2941392,51.587096300000006],[11.2941131,51.5871502],[11.2941075,51.587196500000005],[11.294145100000001,51.5872608],[11.294234600000001,51.5873092],[11.294434200000001,51.5873976],[11.2946199,51.58745690000001],[11.2949468,51.587535100000004],[11.2950268,51.587526200000006],[11.295296200000001,51.587340600000005],[11.295424,51.5872662],[11.2955752,51.5872613],[11.295675300000001,51.5873186],[11.2958279,51.5873738],[11.296073900000001,51.58741800000001],[11.2962126,51.5873861],[11.296342600000001,51.587438600000006],[11.296456300000001,51.5875001],[11.296546300000001,51.5875336],[11.2965829,51.5875853],[11.296645100000001,51.587647000000004],[11.2968463,51.5876746],[11.297040800000001,51.587730400000005],[11.2972043,51.587906100000005],[11.2973403,51.587990100000006],[11.2975743,51.588056800000004],[11.297708100000001,51.5881127],[11.298542000000001,51.588768200000004],[11.2990372,51.589200600000005],[11.299163,51.589305100000004],[11.299448900000002,51.589412300000006],[11.299590100000001,51.5894497],[11.2998946,51.589487600000005],[11.300085000000001,51.589534300000004],[11.300311800000001,51.589597000000005],[11.3005311,51.5896905],[11.3007044,51.5898095],[11.300905700000001,51.5898911],[11.3011941,51.5899748],[11.301399700000001,51.5900114],[11.301601600000001,51.5900442],[11.301868800000001,51.5900989],[11.302027,51.590091],[11.302064900000001,51.590089600000006],[11.302100300000001,51.5900867],[11.302133600000001,51.5900842],[11.302166000000001,51.5900826],[11.3021969,51.590080300000004],[11.3022284,51.5900783],[11.3022545,51.590071],[11.3023216,51.59004830000001],[11.3023684,51.5900314],[11.3024082,51.5900139],[11.302584300000001,51.589951600000006],[11.3026183,51.589941700000004],[11.3027286,51.589905400000006],[11.3028253,51.5899002],[11.3029495,51.5898989],[11.3030717,51.589910800000006],[11.3031834,51.5899323],[11.3032874,51.589971500000004],[11.3034241,51.5900206],[11.3036556,51.590129100000006],[11.303856900000001,51.590235],[11.3039807,51.5903463],[11.304377800000001,51.5906067],[11.3044867,51.590702900000004],[11.304799800000001,51.590955300000005],[11.3049692,51.591076],[11.3051525,51.5911303],[11.3053106,51.591143200000005],[11.305626400000001,51.5911375],[11.305745900000002,51.5911386],[11.305984700000002,51.591154800000005],[11.3063116,51.591213100000004],[11.3064177,51.5913118],[11.306676000000001,51.5913765],[11.3069342,51.5914298],[11.307107400000001,51.5914957],[11.3072794,51.591663800000006],[11.307635000000001,51.591869100000004],[11.3079364,51.5920356],[11.3082963,51.5922801],[11.308445500000001,51.5923303],[11.308631100000001,51.592488900000006],[11.308960800000001,51.592587400000006],[11.309318000000001,51.5926789],[11.309656500000001,51.5927476],[11.309863,51.592800200000006],[11.3100561,51.5929384],[11.3102022,51.592998200000004],[11.3103762,51.5930301],[11.310650200000001,51.59306410000001],[11.310872100000001,51.5931063],[11.3110253,51.593147800000004],[11.311223700000001,51.593140600000005],[11.3114179,51.59312490000001],[11.3115307,51.5931106],[11.312199900000001,51.593018400000005],[11.3126552,51.592966600000004],[11.313276,51.592925900000004],[11.3137001,51.5929383],[11.313881100000001,51.592974600000005],[11.3140643,51.592999000000006],[11.3141618,51.593085],[11.314213800000001,51.593195900000005],[11.314341800000001,51.5934352],[11.314394100000001,51.593497000000006],[11.3145605,51.593643],[11.3146935,51.593704100000004],[11.3147184,51.593841600000005],[11.3146871,51.5938862],[11.3146015,51.593885500000006],[11.314524,51.5939198],[11.314451700000001,51.5940536],[11.314486200000001,51.5941264],[11.3145734,51.5941546],[11.3146357,51.594200900000004],[11.3146597,51.594420500000005],[11.3147994,51.5945551],[11.315069900000001,51.5946312],[11.315205800000001,51.594625],[11.315475600000001,51.5947017],[11.3156242,51.594810100000004],[11.316131700000001,51.595347600000004],[11.316235800000001,51.595432900000006],[11.3163546,51.595561000000004],[11.316382200000001,51.5957024],[11.316347,51.5957913],[11.3161932,51.5959408],[11.316234600000001,51.596028200000006],[11.3163257,51.5961246],[11.316593600000001,51.596253100000006],[11.3167763,51.596330200000004],[11.3169401,51.5963727],[11.3170754,51.596375300000005],[11.3173074,51.5963283],[11.3173933,51.5963256],[11.317416000000001,51.5963575],[11.317418,51.5964363],[11.317479,51.596470100000005],[11.3176196,51.596500400000004],[11.317735500000001,51.5965642],[11.3177766,51.596627000000005],[11.3177372,51.5966772],[11.3177269,51.59670920000001],[11.3177483,51.59676090000001],[11.317922300000001,51.5968388],[11.3180137,51.596853100000004],[11.318089,51.596850100000005],[11.3181455,51.5968207],[11.3182083,51.596786900000005],[11.318305500000001,51.596776500000004],[11.3183624,51.596800900000005],[11.318522600000001,51.596816700000005],[11.318894100000001,51.596858700000006],[11.319042000000001,51.5969227],[11.3190839,51.596977100000004],[11.319137600000001,51.597019],[11.3191673,51.5970438],[11.319326,51.5970675],[11.3194336,51.5970475],[11.31953,51.5969898],[11.3196379,51.596900100000006],[11.3198755,51.5967969],[11.319986700000001,51.596809500000006],[11.320091300000001,51.596871300000004],[11.3202493,51.5968329],[11.3203019,51.5968006],[11.3204068,51.5967804],[11.320509600000001,51.596801500000005],[11.320655100000002,51.5968272],[11.3207128,51.596929100000004],[11.3207758,51.597041000000004],[11.321036000000001,51.597138300000005],[11.3210975,51.597146],[11.321307200000001,51.5971179],[11.3215015,51.5971192],[11.3216728,51.597121800000004],[11.3218154,51.597092200000006],[11.321916100000001,51.5970406],[11.322035900000001,51.596991],[11.322168300000001,51.596997300000005],[11.322282900000001,51.5970274],[11.3223642,51.59707280000001],[11.322424400000001,51.5972006],[11.3224847,51.597256800000004],[11.3226273,51.597362700000005],[11.3227987,51.5974367],[11.323121200000001,51.5975027],[11.3233922,51.597512800000004],[11.3235749,51.5975649],[11.3237593,51.5976525],[11.323905100000001,51.597684900000004],[11.3240376,51.5976902],[11.324166700000001,51.5976895],[11.3244246,51.5977005],[11.3247496,51.5977831],[11.3250688,51.5979053],[11.3256672,51.598012600000004],[11.3259775,51.5981402],[11.3262476,51.598227300000005],[11.3265209,51.5982964],[11.326902500000001,51.598371900000004],[11.327133100000001,51.59838310000001],[11.327249700000001,51.598384],[11.327362200000001,51.5983552],[11.327603400000001,51.598287600000006],[11.3282045,51.5981669],[11.3289863,51.59804260000001],[11.329475500000001,51.597952500000005],[11.329659600000001,51.5979187],[11.329805,51.5978621],[11.329965600000001,51.5977906]]}},{"type":"Feature","properties":{"osmType":"way","osmId":54937398,"name":"Wipper","waterway":"river"},"geometry":{"type":"LineString","coordinates":[[11.278998000000001,51.57621],[11.2790359,51.576374900000005],[11.2791077,51.5764979],[11.279163,51.5765971],[11.2791525,51.576705600000004],[11.279136000000001,51.576819300000004],[11.279078,51.576886300000005],[11.2790426,51.576976900000005],[11.2790719,51.57700680000001],[11.2790823,51.5770197],[11.2790938,51.577031000000005],[11.2791083,51.577040200000006],[11.279123700000001,51.577046900000006],[11.279143000000001,51.57705240000001],[11.279163800000001,51.577056000000006],[11.2791858,51.5770573],[11.2792078,51.5770579],[11.2792475,51.5770563],[11.2794199,51.5770442],[11.279459200000002,51.577045000000005],[11.279497800000001,51.577051000000004],[11.2795359,51.5770592],[11.2795707,51.577068600000004],[11.279605,51.577079700000006],[11.2796383,51.5770933],[11.2796704,51.5771096],[11.279699200000001,51.57712840000001],[11.2797269,51.577148300000005],[11.279833400000001,51.577233400000004],[11.279869000000001,51.577277200000005],[11.279875500000001,51.5773005],[11.2798814,51.5773189],[11.2798777,51.5773403],[11.279868200000001,51.577353800000004],[11.279847400000001,51.5773725],[11.2798111,51.5773993],[11.279691900000001,51.577459600000005],[11.2794194,51.5776145],[11.279418100000001,51.577657800000004],[11.2794428,51.577699700000004],[11.279517700000001,51.5777817],[11.279573800000001,51.5778826],[11.279617700000001,51.577995400000006],[11.2796859,51.578136300000004],[11.279731700000001,51.578190000000006],[11.280032700000001,51.5783238],[11.280104000000001,51.5784311],[11.2802354,51.5785348],[11.2803863,51.5786],[11.280598300000001,51.578720700000005],[11.2808001,51.5788104],[11.2808921,51.578855700000005],[11.2809454,51.5788832],[11.280980600000001,51.5789035],[11.281005400000002,51.5789229],[11.2810296,51.5789441],[11.281051600000001,51.578964500000005],[11.2810729,51.5789862],[11.281153300000001,51.5790712],[11.2812619,51.5792544],[11.281307700000001,51.5793188],[11.281356,51.579381700000006],[11.2813707,51.57940060000001],[11.2813862,51.5794184],[11.2814051,51.5794366],[11.2814248,51.57945410000001],[11.281441800000001,51.5794669],[11.2814619,51.579480200000006],[11.281482500000001,51.5794914],[11.2815075,51.579502600000005],[11.281530700000001,51.5795114],[11.2815562,51.5795194],[11.2815797,51.579526900000005],[11.2816056,51.579534100000004],[11.281709900000001,51.579563],[11.2818222,51.579593900000006],[11.2818438,51.579600400000004],[11.2818657,51.5796074],[11.2818755,51.5796112],[11.281884000000002,51.5796165],[11.2818903,51.5796222],[11.2818945,51.579629100000005],[11.281896900000001,51.5796362],[11.2818991,51.5796441],[11.2819272,51.5797474],[11.281944300000001,51.579796400000006],[11.281948,51.5798034],[11.281953000000001,51.5798105],[11.281958000000001,51.579816400000006],[11.281964100000001,51.5798222],[11.2819701,51.5798269],[11.281977000000001,51.579831600000006],[11.2819903,51.5798399],[11.281998300000001,51.5798446],[11.2820067,51.579849100000004],[11.282020900000001,51.57986330000001],[11.2821669,51.579949000000006],[11.282179600000001,51.5799673],[11.2821814,51.5799741]]}},{"type":"Feature","properties":{"osmType":"way","osmId":94239608,"name":"Wipper","waterway":"river"},"geometry":{"type":"LineString","coordinates":[[11.624247100000002,51.791337600000006],[11.625129600000001,51.7913828],[11.6258499,51.791462100000004],[11.6274458,51.7917605],[11.6284655,51.7920662],[11.6292609,51.7923908],[11.6300638,51.7928501],[11.630113000000001,51.7931844],[11.6300638,51.7934883],[11.6303306,51.793631500000004],[11.6314255,51.793978800000005],[11.6317413,51.794287000000004],[11.6319519,51.794660400000005],[11.6321905,51.794972900000005],[11.6326959,51.795163900000006],[11.6334399,51.7953028],[11.6345769,51.795372300000004],[11.635587600000001,51.7953983],[11.636591300000001,51.7954851],[11.6377003,51.795763],[11.6382337,51.795849800000006],[11.6399518,51.7959204],[11.640468100000001,51.7959308],[11.6420703,51.7960404],[11.642791500000001,51.796063600000004],[11.643359100000001,51.7961487],[11.6446418,51.7966442],[11.6451893,51.79681780000001],[11.6455687,51.796890100000006],[11.6466572,51.797122],[11.6471348,51.7972455],[11.6476144,51.7974011],[11.6480368,51.797549800000006],[11.648356600000001,51.7977124],[11.6485918,51.7978486],[11.648861100000001,51.797983],[11.6493072,51.7982571],[11.6495099,51.7983489],[11.650305900000001,51.798843500000004],[11.6504081,51.7989321],[11.650450000000001,51.7989691],[11.6504884,51.7990228],[11.6505095,51.799084900000004],[11.6505127,51.7991382],[11.6504404,51.799244900000005],[11.650474800000001,51.7993487],[11.650500300000001,51.7994281],[11.6505006,51.7994971],[11.6505629,51.7995956],[11.650715,51.7996685],[11.6512249,51.7998369],[11.651387600000001,51.7999067],[11.6516135,51.7999847],[11.651769400000001,51.800059100000006],[11.6524608,51.8003164],[11.6527451,51.8004272],[11.6537635,51.800759000000006],[11.653964100000001,51.800826],[11.6543834,51.800936500000006],[11.654738400000001,51.800994700000004],[11.6549651,51.801081],[11.655172400000001,51.8011411],[11.6553568,51.8011776],[11.6556002,51.8011793],[11.6559942,51.801242800000004],[11.657215500000001,51.8016148],[11.657327200000001,51.8016391],[11.6573971,51.8016452],[11.6578295,51.8016859],[11.658922,51.801720100000004],[11.659706700000001,51.8016884],[11.659979,51.8016365],[11.660233900000001,51.8015746],[11.660498800000001,51.8014875],[11.6608706,51.801371100000004],[11.6616573,51.801138200000004],[11.6620752,51.801003200000004],[11.662153,51.800995300000004],[11.6622313,51.8009816],[11.6623759,51.800925400000004],[11.6626393,51.800869500000005],[11.662886700000001,51.8008413],[11.663094500000001,51.800809],[11.6633332,51.8007562],[11.663503400000002,51.8006977],[11.6637292,51.800561200000004],[11.664341,51.800160500000004],[11.664712000000002,51.7998716],[11.665223500000002,51.799540300000004],[11.665352400000002,51.799465000000005],[11.6656673,51.799327600000005],[11.6667625,51.7988851],[11.667216300000002,51.798687400000006],[11.667494000000001,51.798531000000004],[11.667778700000001,51.798348700000005],[11.667978600000001,51.798202700000004],[11.668356000000001,51.7979265],[11.6685519,51.7977895],[11.6686799,51.7977208],[11.668820400000001,51.7976614],[11.6689603,51.7976107],[11.669043400000001,51.797579500000005],[11.6692178,51.797541300000006],[11.669375500000001,51.7975408],[11.6695506,51.7975609],[11.669728200000002,51.797591800000006],[11.6698573,51.7976346],[11.6700239,51.797714600000006],[11.670522,51.7979257],[11.670992100000001,51.798125000000006],[11.671565000000001,51.7983483],[11.671729800000001,51.798404000000005],[11.671841200000001,51.7984263],[11.6720143,51.7984014],[11.6723,51.798221100000006],[11.6724577,51.798047700000005],[11.6725525,51.797814800000005],[11.672624500000001,51.7976753],[11.672757500000001,51.7975726],[11.6728728,51.797518100000005],[11.673218400000001,51.797387300000004],[11.6736334,51.79724100000001],[11.6739762,51.797108800000004],[11.6743757,51.796881500000005],[11.6752874,51.796327600000005],[11.6756539,51.796082000000006],[11.6759318,51.795828400000005],[11.6761698,51.7957465],[11.6765802,51.7956507],[11.6767205,51.795619200000004],[11.6769738,51.795616],[11.6771089,51.795617400000005],[11.677207300000001,51.79560420000001],[11.677341,51.7955752],[11.6775295,51.795558500000006],[11.677685,51.795607000000004],[11.6777639,51.79569600000001],[11.677805900000001,51.7957424],[11.677875100000001,51.7957775],[11.6779735,51.795773600000004],[11.6780471,51.7957009],[11.678271800000001,51.795541400000005],[11.678514900000001,51.7954342],[11.6788301,51.795266000000005],[11.6789749,51.7952084],[11.679126100000001,51.795184600000006],[11.6794094,51.795121800000004],[11.679486500000001,51.795084],[11.6796764,51.7950414],[11.6798585,51.7950451],[11.6800153,51.7951106],[11.680156700000001,51.795146],[11.680387600000001,51.7952013],[11.680687500000001,51.7952312],[11.680837,51.7952512],[11.68092,51.7952736],[11.6810358,51.7952529],[11.681152200000001,51.795192500000006],[11.6813436,51.7950469],[11.6815428,51.794910800000004],[11.6815855,51.794834200000004],[11.681581000000001,51.7947623],[11.681547,51.794617800000005],[11.681546,51.7945721],[11.681619000000001,51.7944466],[11.681704300000002,51.794398],[11.6819836,51.79437720000001],[11.682294800000001,51.7943068],[11.6824942,51.7942472],[11.682631200000001,51.794136900000005],[11.682740500000001,51.79412000000001],[11.6829675,51.79421850000001],[11.6830756,51.794214000000004],[11.6832613,51.7941148],[11.6833773,51.794043],[11.683572400000001,51.793970300000005],[11.6837856,51.7938442],[11.683836600000001,51.793769000000005],[11.683866100000001,51.79368040000001],[11.6838633,51.7935955],[11.683913400000002,51.7935311],[11.6840256,51.793499700000005],[11.684140900000001,51.793527000000005],[11.684287600000001,51.7935785],[11.6844678,51.793593800000004],[11.6846165,51.79356670000001],[11.6847328,51.793562800000004],[11.684876500000001,51.7935772],[11.684995800000001,51.79355820000001],[11.6851032,51.793522200000005],[11.6851891,51.793507700000006],[11.6853785,51.793425500000005],[11.6855835,51.793304500000005],[11.685654000000001,51.7932507],[11.6856904,51.7932057],[11.685686700000002,51.79313440000001],[11.6855908,51.792896400000004],[11.685587,51.7927576],[11.6856302,51.792607000000004],[11.685752800000001,51.792338900000004],[11.685916800000001,51.791970000000006],[11.6859468,51.7919312],[11.686014,51.7919148],[11.6861143,51.7919148],[11.686204400000001,51.7919039],[11.686289,51.7918736],[11.686403700000001,51.791856],[11.6870279,51.791810600000005],[11.687190600000001,51.791806900000005],[11.6873052,51.7918238],[11.687392000000001,51.7918717],[11.687458300000001,51.7920055],[11.6875263,51.792025800000005],[11.687616,51.792041600000005],[11.687720500000001,51.7920396],[11.6878022,51.7920218],[11.6879779,51.79192260000001],[11.688303900000001,51.791892100000005],[11.688365200000002,51.7918777],[11.688559000000001,51.791807600000006],[11.688639,51.791790500000005],[11.688699000000002,51.7917921],[11.688760400000001,51.791803400000006],[11.6888074,51.791820200000004],[11.6888495,51.7918497],[11.688969100000001,51.7919824],[11.6890634,51.7920493],[11.689186000000001,51.7920973],[11.689281600000001,51.79211230000001],[11.6893548,51.792107900000005],[11.689400200000001,51.792090800000004],[11.6894674,51.7920771],[11.6897493,51.7920358],[11.6905687,51.791828],[11.690982700000001,51.7916955],[11.691180600000001,51.791625200000006],[11.6913833,51.7915653],[11.69156,51.7914946],[11.691714900000001,51.7914127],[11.6919395,51.791254800000004],[11.6920579,51.791161200000005],[11.6921777,51.7911111],[11.6923046,51.7910453],[11.6925833,51.790930900000006],[11.6929881,51.7908173],[11.6935696,51.790679600000004],[11.6938569,51.790624300000005],[11.6945095,51.790421800000004],[11.694822100000001,51.790341700000006],[11.695249,51.790266200000005],[11.6956617,51.790233900000004],[11.6958578,51.7901779],[11.6961411,51.7900361],[11.6966079,51.789797300000004],[11.6969075,51.789724400000004],[11.697001700000001,51.789751800000005],[11.697169200000001,51.789751800000005],[11.697331400000001,51.789739100000006],[11.6974037,51.7896993],[11.6976151,51.7896859],[11.697819200000001,51.7896507],[11.6981766,51.7894639],[11.6983575,51.789401500000004],[11.698550000000001,51.789357800000005],[11.6987605,51.789318200000004],[11.6989785,51.7892899],[11.699144200000001,51.789239800000004],[11.699292600000001,51.789169300000005],[11.6993355,51.7891144],[11.6992756,51.7890706],[11.699047,51.789057400000004],[11.6987927,51.789008100000004],[11.698734400000001,51.7889701],[11.6987362,51.788915300000006],[11.698796000000002,51.78886060000001],[11.6989218,51.7887216],[11.699146200000001,51.7884431],[11.699293500000001,51.788351600000006],[11.6996017,51.7882152],[11.7002269,51.7880121],[11.7007297,51.7879033],[11.700932600000002,51.787936800000004],[11.7010208,51.787948300000004],[11.7012085,51.7879598],[11.701400000000001,51.7879853],[11.7015092,51.7879802],[11.701649600000001,51.7879482],[11.7020745,51.7878343],[11.702260800000001,51.787815800000004],[11.7024126,51.7878162],[11.702501000000002,51.787840200000005],[11.7027484,51.787990400000005],[11.702991500000001,51.788059100000005],[11.7032368,51.788111400000005],[11.7035566,51.7881616],[11.703750000000001,51.788190900000004],[11.7038927,51.788214],[11.704136100000001,51.7882423],[11.704382,51.7882873],[11.704563,51.788300400000004],[11.704793700000002,51.7882546],[11.705499900000001,51.788157600000005]]}},{"type":"Feature","properties":{"osmType":"way","osmId":94239653,"name":"Wipper","waterway":"river"},"geometry":{"type":"LineString","coordinates":[[11.6115603,51.7890172],[11.611676600000001,51.789068300000004],[11.611798400000001,51.789106000000004],[11.612009700000002,51.7891405],[11.612154100000001,51.7891898],[11.6124162,51.7894208],[11.6125118,51.7894876],[11.6126264,51.789520100000004],[11.6128058,51.7896397],[11.613012900000001,51.789872],[11.613175100000001,51.7900391],[11.613269500000001,51.790081300000004],[11.6133503,51.790089800000004],[11.613456800000002,51.7900934],[11.6138863,51.7900174],[11.6139945,51.790003000000006],[11.6141354,51.7900287],[11.6144484,51.7901523],[11.614785000000001,51.790328300000006],[11.614943400000001,51.79039830000001],[11.6150207,51.7904399],[11.615169300000002,51.7906003],[11.6151803,51.7907439],[11.6151345,51.7907991],[11.614983700000002,51.790928300000004],[11.614826200000001,51.7910139],[11.6147711,51.7910844],[11.614760500000001,51.7911316]]}},{"type":"Feature","properties":{"osmType":"way","osmId":94240819,"name":"Wipper","waterway":"river"},"geometry":{"type":"LineString","coordinates":[[11.5926758,51.7800669],[11.592982600000001,51.7801593],[11.5938893,51.78044190000001],[11.5940711,51.780472800000005],[11.5942067,51.7804863],[11.594319700000002,51.780480100000005],[11.594626900000002,51.780404100000005],[11.594857600000001,51.780318900000005],[11.595007800000001,51.7802492],[11.5951468,51.780163200000004],[11.595244600000001,51.780112900000006],[11.595336900000001,51.7801112],[11.5954175,51.7801424],[11.595495300000001,51.780194],[11.5956316,51.780328700000005],[11.5957445,51.780407000000004],[11.596142700000001,51.7805638],[11.5962767,51.7806366],[11.596621200000001,51.7809195],[11.5973828,51.781555000000004],[11.597769000000001,51.7818764],[11.597962800000001,51.782014600000004],[11.5981199,51.7821049],[11.598367000000001,51.7822802],[11.598650200000002,51.7824333],[11.5995991,51.7828111],[11.5997134,51.7828844],[11.599847500000001,51.783009],[11.600052300000002,51.7831235],[11.600275100000001,51.7832675],[11.6003965,51.783358500000006],[11.6004907,51.7834663],[11.600551300000001,51.7836027],[11.600627000000001,51.7837125],[11.600621700000001,51.783779700000004],[11.600503900000001,51.7838733],[11.6003942,51.783923900000005],[11.6002854,51.783986000000006],[11.600182400000001,51.784066100000004],[11.600167,51.7841236],[11.600195600000001,51.7841734],[11.600262,51.78423960000001],[11.600566200000001,51.7843759],[11.6006187,51.784417700000006],[11.600634900000001,51.7844764],[11.600659700000001,51.7846248],[11.6007276,51.784704600000005],[11.6009127,51.7847829],[11.601222400000001,51.7848905],[11.601683300000001,51.785109600000006],[11.6017533,51.7851434],[11.602912,51.7857229],[11.6036117,51.7860711],[11.6041346,51.7862893],[11.6043173,51.786362000000004],[11.6044947,51.7864019],[11.6046291,51.786419300000006],[11.6047437,51.7864328],[11.604967100000001,51.786438000000004],[11.605182800000001,51.786414],[11.6058123,51.7863715],[11.6059163,51.7863513],[11.6059886,51.786321900000004],[11.6062671,51.786128100000006],[11.6063766,51.7860907],[11.6065141,51.786068],[11.606763500000001,51.78604300000001],[11.6069475,51.7860397],[11.607042300000002,51.786053800000005],[11.607137300000002,51.7860845],[11.607212700000002,51.7861303],[11.607315300000002,51.7861856],[11.607438,51.786253800000004],[11.607508900000001,51.78627710000001],[11.607788800000002,51.786359600000004],[11.608034900000002,51.786443000000006],[11.608204,51.786537300000006],[11.608348900000001,51.7866402],[11.608671600000001,51.786911700000005]]}},{"type":"Feature","properties":{"osmType":"way","osmId":94247627,"name":"Wipper","waterway":"river"},"geometry":{"type":"LineString","coordinates":[[11.5410891,51.666850100000005],[11.5412268,51.6668821],[11.5414315,51.6668803],[11.5415682,51.6668036],[11.5416565,51.66679430000001],[11.5417199,51.666817200000004],[11.541786700000001,51.666895600000004],[11.541830800000001,51.667023900000004],[11.541981700000001,51.667099],[11.542403100000001,51.667123800000006],[11.542548100000001,51.66716],[11.5428672,51.667405800000004],[11.5433532,51.6676135],[11.5438132,51.667818100000005],[11.544180200000001,51.667990700000004],[11.544978100000002,51.6683673],[11.5450958,51.6685062],[11.5452198,51.6686051],[11.5453197,51.6686411],[11.5454551,51.6686501],[11.545556600000001,51.6686831],[11.545613000000001,51.668768],[11.545629100000001,51.668882],[11.5458064,51.669108800000004],[11.5459466,51.6691268],[11.546152800000002,51.6691188],[11.546322,51.669071900000006],[11.546476700000001,51.6690619],[11.546728100000001,51.669181800000004],[11.5468474,51.6692687],[11.546918300000002,51.66935470000001],[11.546937600000001,51.669430600000005],[11.546857000000001,51.669503600000006],[11.5464816,51.6696115],[11.5464526,51.669652500000005],[11.546492800000001,51.6697045],[11.5466998,51.6698141],[11.546853800000001,51.669907300000006],[11.5469401,51.6699148],[11.547168000000001,51.6698274],[11.5473356,51.669789400000006],[11.547628900000001,51.6697914],[11.547851300000001,51.6699423],[11.5480195,51.670000200000004],[11.548259000000002,51.6699678],[11.5483653,51.6699983],[11.5485091,51.6700868],[11.548605400000001,51.6700992],[11.5488125,51.670073200000004],[11.5493141,51.670081100000004],[11.549449800000001,51.6700413],[11.5495658,51.669978300000004],[11.549680200000001,51.6699423],[11.549815800000001,51.669932],[11.550017,51.6700273],[11.5501029,51.670104900000005],[11.5501024,51.670250100000004],[11.549971900000001,51.670348100000005],[11.5498729,51.6704537],[11.5498945,51.670501],[11.549955800000001,51.670513],[11.5500653,51.670491000000005],[11.5503555,51.670378500000005],[11.550544400000001,51.670415000000006],[11.5507545,51.67052150000001],[11.550872700000001,51.6704985],[11.550971,51.670448500000006],[11.5511385,51.67045],[11.5513589,51.6704896],[11.551790400000002,51.670665400000004],[11.5518747,51.670723100000004],[11.5518677,51.6708403],[11.551937800000001,51.6709662],[11.5520562,51.6710191],[11.5522069,51.671062600000006],[11.552359200000001,51.6711201],[11.552454800000001,51.6712774],[11.5524865,51.6714064],[11.5525614,51.6714604],[11.552680700000002,51.6714898],[11.5528169,51.6714792],[11.5532801,51.671612800000005],[11.5534589,51.671642500000004],[11.553625700000001,51.671623700000005],[11.5536983,51.6715968],[11.5537297,51.671522800000005],[11.5536499,51.671432900000006],[11.5536475,51.671174500000006],[11.553692600000002,51.671113600000005],[11.553793,51.6710682],[11.554176,51.6710621],[11.554562200000001,51.671044],[11.5553741,51.670917200000005],[11.5554924,51.67091610000001],[11.555684300000001,51.6710216],[11.555840600000002,51.671276500000005],[11.5559518,51.671363400000004],[11.556091200000001,51.671421900000006],[11.556343400000001,51.671456400000004],[11.5563933,51.671516800000006],[11.556415900000001,51.671634700000006],[11.5564771,51.6716947],[11.556565800000001,51.6717407],[11.5566493,51.6717625],[11.556690600000001,51.67181660000001],[11.5566872,51.671912500000005],[11.5564862,51.672236600000005],[11.5564213,51.672310700000004],[11.556470800000001,51.6724766],[11.556571400000001,51.672532800000006],[11.556703,51.6725666],[11.5570888,51.672524700000004],[11.5571765,51.6725616],[11.5572168,51.672622600000004],[11.5573054,51.6726341],[11.5573964,51.6725846],[11.557505200000001,51.6724722],[11.557655700000002,51.672355100000004],[11.5577985,51.672333800000004],[11.5580789,51.6722199],[11.558312200000001,51.6721872],[11.558711500000001,51.672165400000004],[11.5587009,51.672318800000006],[11.5585558,51.6725586],[11.558368900000001,51.672756500000006],[11.558327,51.6729524],[11.5584302,51.673102300000004],[11.558423000000001,51.673304200000004],[11.558804,51.6737678],[11.5590682,51.6739759],[11.559134700000001,51.6740361],[11.5592383,51.6741219],[11.5592863,51.674177900000004],[11.5593395,51.674282500000004],[11.5593909,51.6743783],[11.5594924,51.674465000000005],[11.559597100000001,51.6745645],[11.5596364,51.6745858],[11.5597179,51.6746296],[11.5597893,51.674661500000006],[11.559949600000001,51.674685000000004],[11.5601065,51.674660800000005],[11.560232500000001,51.674634000000005],[11.5604531,51.6745777],[11.5606492,51.6745298],[11.5610272,51.6744551],[11.5612901,51.674458400000006],[11.5614854,51.674506300000004],[11.561791600000001,51.674665100000006],[11.5619718,51.6746927],[11.562069900000001,51.674780600000005],[11.562281400000002,51.674861],[11.562426400000001,51.6749379],[11.5625133,51.675004200000004],[11.562518500000001,51.675124700000005],[11.5625157,51.675209900000006],[11.5625406,51.675304000000004],[11.562539200000002,51.675398],[11.5624436,51.6754478],[11.562362,51.675472600000006],[11.562271800000001,51.6754845],[11.5621509,51.6755195],[11.562115400000001,51.6756085],[11.5621799,51.6757543],[11.5621606,51.6758942],[11.562084800000001,51.675963100000004],[11.5617353,51.676011900000006],[11.5615418,51.676058100000006],[11.5613969,51.676169200000004],[11.5613694,51.6763089],[11.561379,51.676542600000005],[11.561351,51.6765988],[11.5612533,51.6767866],[11.5612034,51.677050400000006],[11.5612376,51.6771511],[11.5613726,51.677370100000005],[11.561781900000001,51.6775226],[11.5620405,51.6777213],[11.5623152,51.6784411],[11.5624388,51.678535200000006],[11.563396000000001,51.6792845],[11.5636147,51.679518],[11.5637723,51.679770100000006],[11.563797500000002,51.679860700000006],[11.5638786,51.679940800000004],[11.5640318,51.680013100000004],[11.5641034,51.680064200000004],[11.564134200000002,51.680143400000006],[11.564057100000001,51.6802532],[11.563846100000001,51.6804135],[11.5637725,51.6805219],[11.563728300000001,51.680630300000004],[11.563724500000001,51.6807534],[11.563678600000001,51.680846300000006],[11.5636671,51.68095580000001],[11.5636978,51.6811493],[11.5636519,51.6812607],[11.563374300000001,51.68175230000001],[11.562910800000001,51.6823551],[11.562852600000001,51.6825155],[11.5628937,51.6826822],[11.56301,51.6827825],[11.5634156,51.683172500000005],[11.5636086,51.683409700000006],[11.563717400000002,51.6835862],[11.563745,51.6837311],[11.563594100000001,51.684028500000004],[11.563596700000002,51.684070000000006],[11.5635949,51.68417],[11.5637735,51.6843568],[11.5637866,51.684491900000005],[11.5637088,51.6846163],[11.5635355,51.684769200000005],[11.563431900000001,51.684840200000004],[11.563327800000001,51.6850007],[11.563362000000001,51.6851032],[11.5633315,51.6852358],[11.563298900000001,51.685317100000006],[11.56301,51.6855513],[11.5629741,51.6856493],[11.562985300000001,51.6857672],[11.562968300000001,51.6859807],[11.5630406,51.6862111],[11.5631011,51.6862779],[11.5631798,51.686493600000006],[11.5631319,51.6866123],[11.5629263,51.686904600000005],[11.5629985,51.687367900000005],[11.5629557,51.687749200000006],[11.5630191,51.6878345],[11.5630383,51.6879221],[11.563139900000001,51.688123000000004],[11.563146600000001,51.6882795],[11.5630073,51.68839070000001],[11.5629839,51.688475700000005],[11.5630807,51.688669700000005],[11.563064,51.688794300000005],[11.5629851,51.6888682],[11.5628886,51.688893],[11.5627083,51.6889709],[11.5626064,51.688999900000006],[11.5622108,51.689276400000004],[11.5620992,51.6894799],[11.561974800000002,51.689676000000006],[11.5618119,51.689898400000004],[11.561648600000002,51.6900216],[11.5614766,51.690104700000006],[11.5612925,51.6901476],[11.5611347,51.69016190000001],[11.5606632,51.690164100000004],[11.560318200000001,51.690174400000004],[11.5601134,51.6902066],[11.560055700000001,51.690284600000005],[11.5599878,51.690427400000004],[11.5599035,51.690838600000006],[11.5595377,51.691144300000005],[11.559504800000001,51.6911987],[11.5593751,51.6912522],[11.5589095,51.6912384],[11.558701600000001,51.69120950000001],[11.558356900000001,51.6910852],[11.558146200000001,51.6910388],[11.5580323,51.6910661],[11.557795700000002,51.691175],[11.557563700000001,51.691326700000005],[11.557512000000001,51.6914121],[11.5574875,51.6918378],[11.557447600000001,51.691933600000006],[11.5573744,51.6920123],[11.5572093,51.692142700000005],[11.556956300000001,51.692339200000006],[11.5567545,51.6924379],[11.556565800000001,51.692508000000004],[11.5562257,51.6925523],[11.556096100000001,51.6926074],[11.5558109,51.6928464],[11.555687800000001,51.693046],[11.555530200000002,51.6933189],[11.5553626,51.6933505],[11.555210800000001,51.6933846],[11.555107300000001,51.6934486],[11.554820900000001,51.693796600000006],[11.5546623,51.694031],[11.554621000000001,51.694292000000004],[11.554545800000001,51.694535800000004],[11.554400600000001,51.6947503],[11.554048600000002,51.695055800000006],[11.554029,51.6950761],[11.553836500000001,51.695276],[11.5536294,51.695544100000006],[11.5535452,51.695739],[11.553434800000002,51.6960586],[11.5534174,51.696203100000005],[11.5533494,51.696287700000006],[11.5530364,51.6964805],[11.553021900000001,51.6965365],[11.553083800000001,51.6966176],[11.5530974,51.6970037],[11.553153700000001,51.697074],[11.5533108,51.6971751],[11.553348300000001,51.6972317],[11.5534393,51.697452000000006],[11.553495600000002,51.6976333],[11.5536787,51.6978165],[11.553735900000001,51.69789170000001],[11.5537629,51.697997],[11.5537544,51.698131200000006],[11.553704300000001,51.6982298],[11.5536528,51.6982804],[11.5536531,51.698361000000006],[11.5536312,51.698407],[11.553583600000001,51.6984426],[11.5535581,51.6984629],[11.553389500000002,51.6985395],[11.5533616,51.6985791],[11.5533336,51.6987114],[11.5533245,51.698840000000004],[11.5532547,51.6989202],[11.5532342,51.6989723],[11.5532707,51.6990399],[11.553422900000001,51.699107600000005],[11.553475500000001,51.699172100000006],[11.553461400000002,51.6992552],[11.5534089,51.6993196],[11.5533234,51.6993689],[11.5530915,51.6994332],[11.552741600000001,51.6995085],[11.552452800000001,51.6996127],[11.5522822,51.699704100000005],[11.551968400000002,51.6997987],[11.551841300000001,51.6998624],[11.5518259,51.6999099],[11.5517634,51.700020200000004],[11.5516854,51.700071300000005],[11.5514039,51.7000742],[11.5511231,51.7001367],[11.550919700000001,51.70016630000001],[11.550789100000001,51.7002084],[11.5507576,51.700284700000005],[11.550760700000001,51.7003673],[11.550781200000001,51.7004692],[11.550707200000002,51.700611300000006],[11.5505832,51.7006461],[11.550460900000001,51.700633100000005],[11.5502946,51.700577200000005],[11.550187800000002,51.7005649],[11.550123300000001,51.7005806],[11.550099600000001,51.7006577],[11.550123600000001,51.7007205],[11.5501185,51.70084060000001],[11.5500599,51.7009136],[11.5499671,51.700939000000005],[11.549738300000001,51.700955900000004],[11.549642,51.700979100000005],[11.549635400000001,51.700985300000006],[11.5495263,51.7010883],[11.549396300000002,51.701267900000005],[11.5492083,51.7014902],[11.548868800000001,51.7016975],[11.5481394,51.7020034],[11.547773900000001,51.7022258],[11.5476918,51.702293000000004],[11.5475908,51.7023881],[11.5473256,51.702683400000005],[11.5468129,51.702940700000006],[11.546808200000001,51.7029435],[11.546538700000001,51.7031069],[11.5464441,51.7031818],[11.546237900000001,51.7032687],[11.5459613,51.7033233],[11.545759,51.7033318],[11.545362800000001,51.7033013],[11.5452218,51.7033038],[11.545038700000001,51.703358400000006],[11.5449795,51.703384500000006],[11.5448383,51.7034334],[11.544590300000001,51.7034797],[11.544403500000001,51.7035763],[11.5442204,51.703630700000005],[11.544017400000001,51.70365760000001],[11.5428528,51.7039564],[11.5426205,51.704010800000006],[11.542340600000001,51.7041575],[11.542234800000001,51.704194400000006],[11.5421283,51.704266600000004],[11.5420096,51.704419],[11.5419101,51.7044913],[11.5414472,51.7046964],[11.541160000000001,51.7049688],[11.540996100000001,51.705078900000004],[11.5408077,51.70518860000001],[11.5405485,51.705296100000005],[11.540353900000001,51.705398300000006],[11.5402707,51.7054344],[11.5401898,51.705460900000006],[11.540117400000002,51.705469900000004],[11.5400112,51.705509000000006],[11.5399309,51.70554550000001],[11.539869900000001,51.705586200000006],[11.539791800000001,51.7056483],[11.539766,51.705729600000005],[11.5397128,51.7058085],[11.539675200000001,51.7059185],[11.5395751,51.7060005],[11.539420900000001,51.7060746],[11.5392749,51.7061202],[11.5389304,51.70632680000001],[11.538601100000001,51.7064826],[11.538411100000001,51.706683600000005],[11.5383147,51.7067454],[11.5381649,51.706919600000006],[11.538020900000001,51.7070554],[11.5378214,51.7072993],[11.537720100000001,51.7074961],[11.537533900000001,51.7077922],[11.537367300000001,51.707934],[11.537346000000001,51.7080258],[11.5373275,51.7081923],[11.5374058,51.708455400000005],[11.5374104,51.708547900000006],[11.537373500000001,51.7086198],[11.5370436,51.708874400000006],[11.5368527,51.7090551],[11.5365563,51.7092784],[11.5365496,51.709282800000004],[11.536453400000001,51.7093472],[11.536267800000001,51.70941010000001],[11.535942200000001,51.7096351],[11.5355115,51.7099835],[11.5353762,51.7101187],[11.5352121,51.710199300000006],[11.535078,51.710277600000005],[11.5350198,51.710343900000005],[11.5348514,51.7104677],[11.534279600000001,51.7108119],[11.5341102,51.7110355],[11.5341298,51.7111152],[11.534241600000001,51.7112513],[11.5342321,51.711299000000004],[11.534125000000001,51.711340500000006],[11.5339872,51.7114197],[11.533907300000001,51.711474900000006],[11.533879,51.7115237],[11.533912,51.7115772],[11.5339352,51.7116673],[11.5338957,51.7117288],[11.533733400000001,51.71185740000001],[11.533577600000001,51.712018900000004],[11.5335101,51.7120351],[11.5334369,51.712008000000004],[11.5333707,51.711943500000004],[11.5332472,51.711747],[11.533181500000001,51.711688300000006],[11.5330609,51.711649],[11.533000900000001,51.711643900000006],[11.532938000000001,51.711671800000005],[11.532871400000001,51.711719900000006],[11.532797,51.7117495],[11.5326877,51.711767300000005],[11.5325419,51.711832400000006],[11.5325108,51.712065],[11.5324231,51.7121056],[11.532275100000001,51.7121335],[11.5321248,51.712181400000006],[11.5319771,51.7122485],[11.531815700000001,51.7123556],[11.531757,51.712413500000004],[11.531685900000001,51.712505900000004],[11.531718600000001,51.7126213],[11.531776200000001,51.712653],[11.5318357,51.712672700000006],[11.5321923,51.712735800000004],[11.5323533,51.7128066],[11.5324232,51.7128707],[11.532477700000001,51.712942700000006],[11.5324822,51.7130367],[11.5324231,51.713131700000005],[11.5321742,51.713430200000005],[11.5318511,51.7136483],[11.531498000000001,51.713821100000004],[11.5313765,51.713878],[11.531089900000001,51.7139801],[11.5308037,51.714110700000006],[11.5298043,51.7148246],[11.529218700000001,51.7151441],[11.529181600000001,51.715186700000004],[11.5288687,51.7152328],[11.5286152,51.7152491],[11.528230800000001,51.7152078],[11.527923000000001,51.715174700000006],[11.5278316,51.7151616],[11.5275969,51.7151568],[11.527486600000001,51.7151824],[11.527412,51.7152274],[11.5273572,51.7152778],[11.527338700000001,51.7153313],[11.5273211,51.7154104],[11.527279100000001,51.7155403],[11.527211000000001,51.7156223],[11.5270399,51.7157045],[11.5268393,51.715782600000004],[11.5265698,51.715909200000006],[11.5264076,51.716058200000006],[11.5261926,51.716148600000004],[11.5260326,51.716208400000006],[11.525645500000001,51.716284300000005],[11.5252833,51.716447],[11.525132300000001,51.7164852],[11.524981400000001,51.716504900000004],[11.524644100000002,51.7165272],[11.5244511,51.71657080000001],[11.5243228,51.7166269],[11.524186400000001,51.7167739],[11.5241126,51.7169212],[11.5240576,51.716969000000006],[11.523848300000001,51.717112400000005],[11.5238013,51.7172393],[11.5238075,51.717313000000004],[11.5239829,51.717507600000005],[11.523975700000001,51.7176113],[11.523935900000001,51.7176971],[11.523867800000001,51.717771500000005],[11.523817800000002,51.717845600000004],[11.5237455,51.71791210000001],[11.5236035,51.717973400000005],[11.523496600000001,51.718043200000004],[11.5234123,51.7181134],[11.5232931,51.7182669],[11.523232100000001,51.7184948],[11.523166900000001,51.7185987],[11.523085400000001,51.7186863],[11.523037,51.718738800000004],[11.522936000000001,51.718804500000005],[11.522763000000001,51.718852000000005],[11.522677700000001,51.718872700000006],[11.5225212,51.7189252],[11.5223793,51.7189836],[11.522264600000002,51.7190378],[11.522152400000001,51.719132300000005],[11.522084600000001,51.719211200000004],[11.5220528,51.7192936],[11.522012,51.7193479],[11.5219115,51.7194013],[11.521823900000001,51.7194209],[11.521760200000001,51.7194372],[11.5216565,51.719437600000006],[11.5215741,51.719434400000004],[11.521458,51.719384600000005],[11.521339900000001,51.7192841],[11.5212737,51.7192537],[11.5210954,51.719248900000004],[11.5208884,51.719267300000006],[11.5207324,51.719296],[11.520550400000001,51.7193613],[11.5204287,51.719433300000006],[11.5202211,51.7195874],[11.5200691,51.7196991],[11.5198552,51.719896000000006],[11.519814400000001,51.720097],[11.5198012,51.720184700000004],[11.5198303,51.7202878],[11.5198797,51.720378200000006],[11.5199078,51.72052600000001],[11.519868200000001,51.720592],[11.519800400000001,51.7206623],[11.519576800000001,51.7208406],[11.519547600000001,51.720898700000006],[11.5195121,51.7210321]]}},{"type":"Feature","properties":{"osmType":"way","osmId":94247662,"name":"Wipper","waterway":"river"},"geometry":{"type":"LineString","coordinates":[[11.5195121,51.7210321],[11.519516000000001,51.7211657],[11.519554600000001,51.721324700000004],[11.519498500000001,51.72151890000001],[11.519415700000001,51.721739400000004],[11.5193531,51.7218807],[11.5193388,51.7220402],[11.519291,51.722168200000006],[11.5191792,51.7223022],[11.5190148,51.7223763],[11.5189017,51.722416],[11.5187782,51.722449600000004],[11.518457300000001,51.722487400000006],[11.5181968,51.72251120000001],[11.518086100000001,51.722531700000005],[11.5179884,51.7225606],[11.517749400000001,51.722681],[11.517530800000001,51.722771400000006],[11.516988900000001,51.7229193],[11.5164892,51.7230683],[11.5163288,51.723139200000006],[11.5162435,51.7232217],[11.5161917,51.723379900000005],[11.5161499,51.723537400000005],[11.516109700000001,51.7236163],[11.5160364,51.7237042],[11.5157199,51.7238224],[11.515535900000001,51.723926600000006],[11.515439200000001,51.723999500000005],[11.515287800000001,51.724180600000004],[11.515230500000001,51.7243384],[11.5152272,51.724575300000005],[11.5151921,51.7248097],[11.515053,51.725123100000005],[11.514933800000001,51.7251509],[11.5145687,51.72519500000001],[11.514353700000001,51.7252644],[11.514090000000001,51.725384600000005],[11.513765600000001,51.7254724],[11.5135869,51.7254949],[11.513412200000001,51.7255015],[11.5130569,51.7255655]]}},{"type":"Feature","properties":{"osmType":"way","osmId":94247670,"name":"Wipper","waterway":"river"},"geometry":{"type":"LineString","coordinates":[[11.539190000000001,51.755797900000005],[11.5398022,51.755709200000005],[11.5400749,51.755677000000006],[11.541066500000001,51.755664200000005],[11.5416679,51.755670200000004],[11.542037500000001,51.7556883],[11.5431776,51.755719600000006],[11.543761,51.7557162],[11.544287,51.7557489],[11.5449648,51.7558243],[11.5452101,51.7558268],[11.5454488,51.7558133],[11.545853300000001,51.7557246],[11.5465467,51.7556153],[11.5471616,51.755606500000006],[11.547434800000001,51.7556315],[11.5476364,51.7556341],[11.548035800000001,51.7555989],[11.548229500000001,51.755576600000005],[11.5486217,51.755574700000004],[11.549066400000001,51.7556202],[11.549500700000001,51.755704900000005],[11.549817000000001,51.75580780000001],[11.5501933,51.7560164],[11.550352100000001,51.756146],[11.550577200000001,51.756403600000006],[11.550673000000002,51.756518400000004],[11.5507565,51.7566762],[11.5507896,51.75714],[11.5508129,51.7576289],[11.5508255,51.757822700000006],[11.550822700000001,51.7581709],[11.550804900000001,51.7583848],[11.5508234,51.7586093],[11.5508915,51.7586729],[11.551103900000001,51.758722500000005],[11.551335400000001,51.758765000000004],[11.551382700000001,51.758788300000006],[11.5514174,51.758827000000004],[11.551506900000001,51.7589656],[11.5515711,51.759019300000006],[11.551645800000001,51.7590519],[11.5518248,51.7590957],[11.5520095,51.759152500000006],[11.5521262,51.7592227],[11.5522895,51.759424],[11.5523377,51.759464200000004],[11.5525026,51.759525800000006],[11.5527867,51.75959580000001],[11.5530726,51.7596768],[11.5532213,51.7597084],[11.5534321,51.759719000000004],[11.553837600000001,51.759663700000004],[11.554177000000001,51.7596276],[11.554424000000001,51.759561500000004],[11.554564800000001,51.759486800000005],[11.554726,51.7593745],[11.554907100000001,51.759294700000005],[11.5550137,51.7592554],[11.555110800000001,51.7592299],[11.555214300000001,51.7592511],[11.555317700000002,51.7593206],[11.555561200000001,51.759455],[11.5556368,51.759461800000004],[11.5558186,51.759429600000004],[11.5559355,51.7594221],[11.5560085,51.759442500000006],[11.556194300000001,51.7596119],[11.556465600000001,51.759874700000005],[11.5566607,51.7600356],[11.5566627,51.7600391],[11.556681500000002,51.7600719],[11.5566945,51.7600945],[11.5567364,51.760194500000004],[11.556799400000001,51.76038380000001],[11.556883500000001,51.7605815],[11.556950800000001,51.760645000000004],[11.557072600000001,51.7607062],[11.5571985,51.760743000000005],[11.557284300000001,51.760758300000006],[11.5574838,51.76074740000001],[11.5576679,51.760789900000006],[11.557918200000001,51.7608739],[11.5580797,51.7609477],[11.5583272,51.7610918],[11.558458600000002,51.761194],[11.558633100000002,51.7612649],[11.5587976,51.7613144],[11.5590179,51.7613514],[11.559204600000001,51.761371100000005],[11.5594461,51.7613551],[11.5596207,51.761316400000005],[11.559959300000001,51.761141],[11.5601946,51.7610255],[11.560457000000001,51.7608802],[11.5605372,51.760833500000004],[11.5607567,51.7607129],[11.560952100000002,51.760615],[11.561154700000001,51.760531900000004],[11.561288000000001,51.7605121],[11.5614279,51.760505200000004],[11.5617069,51.7605177],[11.562036500000001,51.760572],[11.5622656,51.7606558],[11.5623947,51.7608407],[11.562595400000001,51.7612808],[11.5627692,51.7619369],[11.5627531,51.7624277],[11.5627838,51.7625259],[11.562912800000001,51.762677000000004],[11.562947300000001,51.7627175],[11.563130600000001,51.7628604],[11.563280800000001,51.7629668],[11.5635788,51.763096000000004],[11.5638079,51.7631676],[11.564001500000002,51.763216500000006],[11.564519200000001,51.7632965],[11.5647996,51.7633383],[11.5649637,51.763358600000004],[11.565251900000002,51.7634063],[11.5654795,51.763456100000006],[11.565699500000001,51.7635232],[11.5661004,51.7637258],[11.566620400000001,51.7640602],[11.567117600000001,51.764319400000005],[11.567222500000002,51.7643719],[11.567536,51.764446400000004],[11.5676556,51.764480600000006],[11.5678218,51.7645367],[11.568289400000001,51.764803900000004],[11.5683562,51.7648583],[11.5684184,51.764928600000005],[11.5684404,51.765019],[11.5684245,51.765123],[11.568391100000001,51.7652025],[11.568303400000001,51.765355400000004],[11.5683018,51.7654295],[11.568385000000001,51.76567360000001],[11.5684009,51.7657505],[11.5683693,51.7657967],[11.568252900000001,51.765911900000006],[11.568126600000001,51.7661244],[11.568080400000001,51.766214700000006],[11.567904400000002,51.7664611],[11.567891300000001,51.766522900000005],[11.5679148,51.766585000000006],[11.568002600000002,51.766681600000005],[11.5682203,51.766845700000005],[11.5684465,51.767045800000005],[11.5684751,51.7670965],[11.568428800000001,51.7672327],[11.568177100000002,51.767358800000004],[11.5680726,51.7674266],[11.567999400000001,51.7674931],[11.5678788,51.7676785],[11.5675086,51.7681503],[11.567485900000001,51.76825],[11.567500800000001,51.76835620000001],[11.567570100000001,51.7684536],[11.567659500000001,51.7685344],[11.5678128,51.768614500000005],[11.568111400000001,51.768753700000005],[11.568374200000001,51.768828000000006],[11.5684635,51.768857000000004],[11.568742100000001,51.76893200000001],[11.5689401,51.76897760000001],[11.569095200000001,51.7690423],[11.5692275,51.769123500000006],[11.5695036,51.769347800000006],[11.5698082,51.7695858],[11.570100700000001,51.7697462],[11.570333100000001,51.7698679]]}},{"type":"Feature","properties":{"osmType":"way","osmId":94249024,"name":"Wipper","waterway":"river"},"geometry":{"type":"LineString","coordinates":[[11.4758312,51.605860400000005],[11.4765797,51.6059393],[11.4767971,51.605956400000004],[11.477713900000001,51.606131700000006],[11.4787364,51.606365600000004],[11.479041700000002,51.606445400000005],[11.4794531,51.606576200000006],[11.4806799,51.606992600000005],[11.4833648,51.6078691],[11.4843025,51.608187400000006],[11.485488100000001,51.6085713],[11.4855763,51.608591200000006],[11.4857577,51.6086491],[11.4859785,51.608738],[11.486504100000001,51.608919],[11.487168,51.609157],[11.487434400000001,51.609263500000004],[11.487797800000001,51.609429500000005],[11.488034800000001,51.609568200000005],[11.488254300000001,51.609792600000006],[11.488428200000001,51.610086200000005],[11.4884599,51.610253400000005],[11.4884529,51.6106422],[11.4885756,51.6109914],[11.488671400000001,51.611127200000006],[11.488785100000001,51.611251200000005],[11.488931500000001,51.6113925],[11.489237300000001,51.6116625],[11.4893447,51.6117026],[11.4894537,51.611721700000004],[11.489532800000001,51.6117393],[11.4896179,51.6117548],[11.4897636,51.6117621],[11.4898032,51.611770500000006],[11.490055900000002,51.611819000000004],[11.490277200000001,51.611887900000006],[11.490385,51.6119374],[11.490516000000001,51.6120103],[11.4906105,51.612095100000005],[11.490658600000001,51.612196700000005],[11.4906345,51.61226550000001],[11.4905705,51.6123969],[11.490484200000001,51.6124962],[11.4904021,51.6125362],[11.490330700000001,51.6126063],[11.4902283,51.61277200000001],[11.490181000000002,51.6128933],[11.490268,51.6131049],[11.490312300000001,51.6131867],[11.490540500000002,51.6134052],[11.4908698,51.6136035],[11.490992,51.61379],[11.491069300000001,51.6139511],[11.491101800000001,51.613994500000004],[11.491219000000001,51.6140805],[11.491545200000001,51.6142553],[11.491719600000001,51.614333300000006],[11.4922061,51.614501000000004],[11.4925229,51.6145791],[11.492921800000001,51.614643300000004],[11.4930839,51.6147344],[11.4932791,51.614902400000005],[11.493412300000001,51.6149794],[11.4938208,51.6151058],[11.4948177,51.6154189],[11.495242900000001,51.6155125],[11.4955581,51.615684900000005],[11.495913100000001,51.6158559],[11.496292500000001,51.6160076],[11.496628900000001,51.616114200000005],[11.4968663,51.6161881],[11.497415700000001,51.6164829],[11.4976643,51.6166302],[11.4980381,51.6170002],[11.498481900000002,51.6174418],[11.498725100000001,51.617662800000005],[11.498974700000002,51.6179537],[11.499449700000001,51.618419200000005],[11.499787900000001,51.618738900000004],[11.5010612,51.6200467],[11.5015654,51.620580600000004],[11.5017665,51.620738300000006],[11.5020158,51.6209731],[11.5022078,51.6211993],[11.502858600000001,51.6218197],[11.503166700000001,51.6221097],[11.5038412,51.622813300000004],[11.5045626,51.6235657],[11.505267600000002,51.6242923],[11.505806000000002,51.6248519],[11.5063619,51.625348900000006],[11.5068313,51.6258015],[11.507039200000001,51.625973300000005],[11.5070919,51.6260393],[11.507182700000001,51.6261352],[11.5073416,51.626305300000006],[11.5074418,51.626499300000006],[11.5077651,51.626991600000004],[11.507842100000001,51.6271508],[11.507829200000002,51.627300700000006],[11.5077868,51.6274905],[11.5078011,51.6276853],[11.5078291,51.627757700000004],[11.507806,51.627977],[11.5077805,51.6281012],[11.507715000000001,51.628301900000004],[11.5076248,51.628532500000006],[11.5072503,51.629448100000005],[11.5068535,51.630507900000005],[11.5067301,51.630727400000005],[11.506635000000001,51.630852100000006],[11.506553,51.6309315],[11.506458,51.6312337],[11.5063711,51.631317300000006],[11.506296800000001,51.631339200000006],[11.505870600000002,51.631354300000005],[11.5058102,51.631392500000004],[11.505781,51.6314439],[11.5057367,51.6316992],[11.5054356,51.63203540000001],[11.5052973,51.63224700000001],[11.505200100000001,51.6324659],[11.505145800000001,51.6333745],[11.505149300000001,51.633758300000004],[11.505180500000002,51.6339448],[11.5052365,51.634084800000004],[11.505340100000002,51.634243600000005],[11.5053924,51.6343642],[11.505373200000001,51.634632700000004],[11.505468500000001,51.635100900000005],[11.5054709,51.6353055],[11.5054402,51.6355239],[11.5054244,51.6355875],[11.5051313,51.63602040000001],[11.504928300000001,51.6364503],[11.5049147,51.636523800000006],[11.504906400000001,51.636721800000004],[11.504913100000001,51.6368536],[11.504937400000001,51.636884800000004],[11.505093700000002,51.6370798],[11.5052956,51.6373529],[11.505497700000001,51.6374846],[11.505645600000001,51.6375347],[11.505714300000001,51.637600000000006],[11.5057477,51.637659400000004],[11.505834700000001,51.638074200000005],[11.5058875,51.638256500000004],[11.5058963,51.6383931],[11.5059731,51.6386185],[11.5061938,51.6389548],[11.506355000000001,51.639215400000005],[11.506658600000002,51.6395034],[11.506753000000002,51.639670900000006],[11.5069645,51.6399509],[11.507124800000001,51.640149],[11.507368300000001,51.6402906],[11.507503000000002,51.640429600000004],[11.507630800000001,51.640504],[11.5078159,51.6405442],[11.5080332,51.6405838],[11.508692100000001,51.6407414],[11.5090774,51.6407571],[11.509231600000001,51.6408068],[11.509345600000001,51.6408714],[11.5095791,51.6411026],[11.509741400000001,51.641279000000004],[11.509830500000001,51.6413706],[11.509941900000001,51.6414923],[11.5100642,51.6416459],[11.5101571,51.6417365],[11.510213700000001,51.6417852],[11.510260200000001,51.6418005],[11.5104276,51.6418174],[11.5105719,51.641855400000004],[11.5106467,51.6418842],[11.510777800000001,51.641933300000005],[11.5108394,51.6420223],[11.510906400000001,51.6423806],[11.5109349,51.6424572],[11.5115751,51.6431612],[11.5117609,51.6433692],[11.512025900000001,51.6436592],[11.5122426,51.64389430000001],[11.512361400000001,51.6439935],[11.512456,51.64405420000001],[11.5126006,51.6441254],[11.51272,51.644229200000005],[11.5127422,51.6442525],[11.512803700000001,51.6443312],[11.5128392,51.6443754],[11.512845700000002,51.6444368],[11.512851300000001,51.644496700000005],[11.512873500000001,51.6449171],[11.5128962,51.6449798],[11.5129365,51.645018500000006],[11.5131551,51.6451909],[11.5132873,51.6452973],[11.514128300000001,51.645970500000004],[11.5143351,51.646123300000006],[11.5145324,51.6462191],[11.5147519,51.646321500000006],[11.515062700000001,51.6464744],[11.515546700000002,51.646714800000005],[11.5158369,51.646892],[11.5164304,51.647373200000004],[11.5169286,51.647799400000004],[11.517075,51.6478869],[11.517210100000002,51.6479081],[11.5173363,51.647933900000005],[11.517565000000001,51.647992200000004],[11.517667300000001,51.6480472],[11.517717900000001,51.6481311],[11.517774900000001,51.64828],[11.517804900000002,51.6484182],[11.5178791,51.6488117],[11.518002300000001,51.649171200000005],[11.5181904,51.6494433],[11.5183123,51.6495648],[11.5185507,51.6497321],[11.518773300000001,51.6498633],[11.5190497,51.650052200000005],[11.5191613,51.6502184],[11.519290000000002,51.6504386],[11.519484400000001,51.650742],[11.5196445,51.6509008],[11.519871,51.6512157],[11.5199949,51.6513294],[11.520380300000001,51.6516158],[11.5205388,51.6517034],[11.520736000000001,51.651763900000006],[11.5211699,51.6518548],[11.5212772,51.6518956],[11.521544200000001,51.6520553],[11.5216481,51.6521867],[11.5217346,51.652348200000006],[11.521792600000001,51.6526148],[11.5217639,51.6527686]]}},{"type":"Feature","properties":{"osmType":"way","osmId":94249032,"name":"Wipper","waterway":"river"},"geometry":{"type":"LineString","coordinates":[[11.4445355,51.6033873],[11.444942000000001,51.603515800000004],[11.445721800000001,51.603708700000006],[11.446142400000001,51.603788800000004],[11.446582300000001,51.6038073],[11.447033900000001,51.6038094],[11.447357100000001,51.6038],[11.4476399,51.6038026],[11.447962200000001,51.6037832],[11.4481269,51.603765300000006],[11.4482598,51.603777300000004],[11.448345000000002,51.6037788],[11.44846,51.6037687],[11.4486225,51.603767500000004],[11.448787600000001,51.6037899],[11.448913300000001,51.603835700000005],[11.449113800000001,51.603969000000006],[11.449311300000002,51.604035],[11.4495602,51.604103],[11.4498294,51.6041527],[11.4500749,51.604188900000004],[11.450227400000001,51.6042525],[11.450340200000001,51.604327000000005],[11.450469400000001,51.6043796],[11.450641500000001,51.6044076],[11.450839400000001,51.6044209],[11.451053900000002,51.604432900000006],[11.451370200000001,51.6045749],[11.4515487,51.6045634],[11.4516921,51.6046331],[11.4517445,51.604690700000006],[11.4517568,51.604755600000004],[11.4517155,51.6048416],[11.451645300000001,51.6049291],[11.4517187,51.604984900000005],[11.451914200000001,51.605076000000004],[11.4522224,51.6051146],[11.4524164,51.605166100000005],[11.4526322,51.6051823],[11.4550452,51.6052843],[11.455247100000001,51.6052703],[11.455475700000001,51.605213000000006],[11.4559279,51.605078600000006],[11.4561066,51.604999600000006],[11.4562641,51.604837800000006],[11.456335800000002,51.604617700000006],[11.4564585,51.604551400000005],[11.456548300000001,51.604543500000005],[11.4566595,51.604562900000005],[11.4572684,51.604891300000006],[11.4574382,51.6049646],[11.457579200000001,51.605007400000005],[11.4579675,51.6050527],[11.4587524,51.6050581],[11.4589887,51.605081600000005],[11.459162800000001,51.6051815],[11.4594345,51.6054186],[11.4595277,51.605463],[11.4596303,51.605577000000004],[11.4597414,51.605671],[11.459882700000001,51.60575],[11.4600261,51.605780900000006],[11.4601284,51.605778900000004],[11.4602815,51.6057349],[11.460444,51.6057215],[11.4606066,51.60571100000001],[11.460765700000001,51.605752300000006],[11.460829700000001,51.6058181],[11.460950400000002,51.6058846],[11.461068800000001,51.606010100000006],[11.4611449,51.606127400000005],[11.461317800000002,51.6062098],[11.461425100000001,51.6062225],[11.461559600000001,51.6062038],[11.461789900000001,51.606193600000005],[11.4618889,51.606191100000004],[11.462191800000001,51.6062967],[11.4624219,51.6064091],[11.4626833,51.606512200000004],[11.4628873,51.606585200000005],[11.463117500000001,51.6066827],[11.4632678,51.6067188],[11.463400700000001,51.606753000000005],[11.4635564,51.606778500000004],[11.4637823,51.606797300000004],[11.4640099,51.6067946],[11.4642988,51.6068383],[11.4643981,51.6068695],[11.4643878,51.6070032],[11.4643423,51.607093400000004],[11.4642421,51.6072247],[11.464254700000001,51.6072938],[11.4643346,51.60734660000001],[11.464478100000001,51.6074014],[11.4655576,51.6076099],[11.465764,51.6076229],[11.4658639,51.6075961],[11.4660256,51.60751320000001],[11.4661407,51.607444400000006],[11.466492200000001,51.6070494],[11.466608800000001,51.6069886],[11.4666914,51.6069581],[11.4667808,51.6069721],[11.4668396,51.6069985],[11.466966900000001,51.607076500000005],[11.4670632,51.6070993],[11.467231900000002,51.6070733],[11.467364600000002,51.6070142],[11.4675819,51.606811900000004],[11.4677165,51.606735],[11.467868000000001,51.6066975],[11.4682525,51.606552400000005],[11.4688102,51.6062159],[11.469167,51.6059983],[11.4693251,51.605866400000004],[11.469467600000002,51.605779600000005],[11.4696473,51.605716900000004],[11.4699425,51.6055434],[11.470193100000001,51.6054411],[11.4703519,51.6054127],[11.470703,51.6053821],[11.470892300000001,51.605391100000006],[11.4713592,51.6055159],[11.4717695,51.6056071],[11.4719146,51.6056225],[11.4720002,51.6056211],[11.472522600000001,51.605545600000006],[11.4730234,51.6054583],[11.473371,51.605440200000004],[11.4733826,51.605439600000004],[11.474147100000001,51.605388500000004],[11.474327500000001,51.6053927],[11.474480900000001,51.605413600000006],[11.474628200000001,51.605531400000004],[11.474695500000001,51.6055641],[11.4748605,51.6056444],[11.4750701,51.60571100000001],[11.475324800000001,51.605780200000005],[11.4758312,51.605860400000005]]}},{"type":"Feature","properties":{"osmType":"way","osmId":94249050,"name":"Wipper","waterway":"river"},"geometry":{"type":"LineString","coordinates":[[11.3973952,51.603120000000004],[11.397608700000001,51.6030571],[11.397825800000001,51.6028761],[11.3981793,51.6026565],[11.398442600000001,51.602658500000004],[11.3985751,51.6026157],[11.398681100000001,51.602567500000006],[11.3989287,51.6024778],[11.399257500000001,51.6023283],[11.399541600000001,51.602175700000004],[11.3997074,51.6022406],[11.3998541,51.602397700000004],[11.399912700000002,51.6025858],[11.3998247,51.60273960000001],[11.3998465,51.6028664],[11.399978500000001,51.6029429],[11.400299700000001,51.6030117],[11.400535000000001,51.6030996],[11.4009,51.603278100000004],[11.4009701,51.6033534],[11.401110800000001,51.6035173],[11.4011967,51.6036536],[11.4013407,51.6038131],[11.401531700000001,51.603949300000004],[11.4015912,51.604017400000004],[11.4016809,51.604119100000005],[11.4019077,51.6042999],[11.4024902,51.604693000000005],[11.4026615,51.6047747],[11.402947000000001,51.604814600000005],[11.4033399,51.604799],[11.403598200000001,51.6048428],[11.403671500000002,51.604849400000006],[11.403822100000001,51.6048053],[11.4039455,51.6046459],[11.404053800000002,51.6044585],[11.4041659,51.604354900000004],[11.404241,51.6043341],[11.404353200000001,51.604315400000004],[11.404627600000001,51.6043357],[11.404814,51.604272400000006],[11.4050002,51.6041808],[11.4053362,51.6040141],[11.405432000000001,51.6039121],[11.4054686,51.6035076],[11.4055256,51.6033071],[11.4055502,51.6026557],[11.4055841,51.60243010000001],[11.4055652,51.6023513],[11.405503900000001,51.6022496],[11.405281700000002,51.6020787],[11.4050533,51.6019942],[11.404858200000001,51.6019377],[11.4047605,51.6018988],[11.4047134,51.601858400000005],[11.404680200000001,51.6018137],[11.404619700000001,51.60167130000001],[11.404607700000001,51.60154970000001],[11.404590800000001,51.6014253],[11.404489,51.6013029],[11.4044986,51.601165400000006],[11.4046266,51.6008275],[11.4048619,51.6005078],[11.4049241,51.600472200000006],[11.405042900000002,51.6003994],[11.4051156,51.6003818],[11.4051922,51.6003909],[11.4053605,51.600501],[11.405436900000002,51.6005223],[11.405548300000001,51.6005058],[11.4055853,51.6004389],[11.4055611,51.6003461],[11.4055917,51.60022540000001],[11.4055917,51.6001624],[11.4056709,51.600064200000006],[11.405767500000001,51.6000322],[11.4058764,51.600029000000006],[11.4059267,51.600008700000004],[11.406233700000001,51.59967940000001],[11.406392400000001,51.599553],[11.4064297,51.599434],[11.4065215,51.599405600000004],[11.4066793,51.5993914],[11.406835300000001,51.599336900000004],[11.406923,51.59923250000001],[11.4070791,51.599156],[11.407202300000002,51.599006100000004],[11.4073156,51.59889930000001],[11.407403400000002,51.598797600000005],[11.4075474,51.598769700000005],[11.407751000000001,51.59880690000001],[11.408286,51.5990272],[11.408418300000001,51.5990759],[11.4085418,51.599098600000005],[11.408921600000001,51.5990575],[11.4091164,51.599091],[11.4092462,51.599129500000004],[11.409424600000001,51.5991602],[11.4096519,51.599217100000004],[11.410032300000001,51.5992411],[11.410464600000001,51.5993282],[11.4109792,51.599535700000004],[11.411237100000001,51.5995818],[11.4113667,51.5996571],[11.411464800000001,51.599681600000004],[11.4114845,51.599729100000005],[11.4114983,51.599805700000005],[11.4116625,51.600022800000005],[11.4118671,51.6001473],[11.4120015,51.600218000000005],[11.4121615,51.600256800000004],[11.412314,51.600309],[11.412488900000001,51.6004092],[11.4126601,51.6004573],[11.4130011,51.600513600000006],[11.4133597,51.600560200000004],[11.413870000000001,51.600651400000004],[11.4141214,51.60068690000001],[11.4144289,51.6007571],[11.414872200000001,51.600738],[11.415060800000001,51.600763400000005],[11.4151503,51.600772500000005],[11.415416400000002,51.600858200000005],[11.4156467,51.600930700000006],[11.415882700000001,51.600933700000006],[11.4160255,51.600951],[11.4161374,51.601035],[11.4161313,51.601112300000004],[11.4160888,51.601179],[11.4162163,51.601317900000005],[11.416331000000001,51.601381700000005],[11.416386300000001,51.60139040000001],[11.416561100000001,51.601361600000004],[11.4167205,51.601326],[11.4169131,51.6012957],[11.417015300000001,51.60129370000001],[11.4170768,51.601325800000005],[11.4170479,51.6014216],[11.416996300000001,51.601510700000006],[11.4170619,51.601568300000004],[11.417134,51.601589000000004],[11.417195000000001,51.6016192],[11.417296400000001,51.60168770000001],[11.417344400000001,51.6017511],[11.417442000000001,51.6018029],[11.4177035,51.6018169],[11.4178516,51.601850000000006],[11.417966600000002,51.601896700000005],[11.418005500000001,51.6019766],[11.4179908,51.6020455],[11.417962500000002,51.6021196],[11.4178697,51.6022121],[11.417896500000001,51.602283],[11.418291,51.602442200000006],[11.418440200000001,51.6024503],[11.418611100000001,51.6024429],[11.4189483,51.6023362],[11.419168500000001,51.602238400000005],[11.4193165,51.6022533],[11.4194607,51.6022298],[11.419618300000002,51.602172200000005],[11.4197254,51.6021623],[11.420209,51.602079],[11.4203729,51.6020582],[11.4205304,51.602058500000005],[11.420724400000001,51.602118100000006],[11.420850100000001,51.6022308],[11.4209726,51.6022733],[11.421118100000001,51.6022528],[11.421227700000001,51.6022145],[11.421497,51.6021548],[11.4215216,51.602120400000004],[11.4214924,51.602037700000004],[11.4214208,51.601916100000004],[11.4214365,51.6017918],[11.421480800000001,51.6017334],[11.421612900000001,51.601637700000005],[11.421718,51.601605500000005],[11.4217978,51.6016131],[11.4219027,51.601687000000005],[11.422011900000001,51.601733],[11.422103900000002,51.60174790000001],[11.422213900000001,51.601704100000006],[11.422397100000001,51.6014721],[11.4224498,51.6013954],[11.4225901,51.6012501],[11.4227331,51.6011504],[11.423231000000001,51.600942],[11.423367,51.600785800000004],[11.423515400000001,51.600700200000006],[11.4236451,51.6006268],[11.4238005,51.6005273],[11.423902,51.60048990000001],[11.4240846,51.600454000000006],[11.424344000000001,51.600267900000006],[11.424499,51.6002061],[11.424783300000001,51.6001873],[11.424874500000001,51.600172400000005],[11.424981500000001,51.6001697],[11.4252505,51.6001386],[11.425607600000001,51.600123200000006],[11.425787900000001,51.6001496],[11.425974,51.600163800000004],[11.4260593,51.6002012],[11.426123,51.600248300000004],[11.4262504,51.600288400000004],[11.426339500000001,51.6003301],[11.4264299,51.6003265],[11.42651,51.600292700000004],[11.426621800000001,51.6002147],[11.4266679,51.6000316],[11.426601300000002,51.599835000000006],[11.4266295,51.599785700000005],[11.426701000000001,51.599749200000005],[11.4267926,51.5997459],[11.4268426,51.5997307],[11.4269823,51.5996918],[11.4270799,51.5996772],[11.427281,51.5995994],[11.427427100000001,51.599636700000005],[11.4275087,51.5997214],[11.427540700000002,51.5997743],[11.427582800000001,51.599918800000005],[11.4275172,51.6000622],[11.427521200000001,51.6001622],[11.4275791,51.6001789],[11.4276654,51.6001928],[11.4279417,51.600205100000004],[11.4280448,51.600226500000005],[11.428393900000001,51.60036040000001],[11.428680700000001,51.6004494],[11.4288082,51.6004816],[11.428908900000001,51.600539000000005],[11.429143300000002,51.6006335],[11.4293648,51.6006848],[11.4297245,51.600796200000005],[11.429790200000001,51.6008505],[11.429923500000001,51.6010222],[11.4300513,51.601114],[11.4302249,51.60118730000001],[11.430400500000001,51.601271100000005],[11.430588700000001,51.6013632],[11.430793600000001,51.6014521],[11.430952300000001,51.601514300000005],[11.4310978,51.6015535],[11.4311839,51.6015719],[11.431343700000001,51.6015802],[11.4314827,51.601565400000005],[11.431626300000001,51.6014927],[11.432020900000001,51.6013607],[11.4327295,51.601194500000005],[11.4328813,51.601173900000006],[11.4330095,51.6011687],[11.4331682,51.6011846],[11.433423300000001,51.601237000000005],[11.4335976,51.6013055],[11.433693400000001,51.601367100000004],[11.433789800000001,51.6014593],[11.4341526,51.601754],[11.4343372,51.6018593],[11.4345307,51.6019257],[11.4346922,51.601941800000006],[11.4353086,51.601947700000004],[11.4355334,51.6019422],[11.4357165,51.601922200000004],[11.435829,51.6019273],[11.4359888,51.6019571],[11.436128400000001,51.601967],[11.4362048,51.601958700000004],[11.4365638,51.601788400000004],[11.4367902,51.6016904],[11.4369267,51.601665100000005],[11.437043200000002,51.60166460000001],[11.437156400000001,51.6017006],[11.4371775,51.6018144],[11.437193800000001,51.6018568],[11.4372348,51.601915500000004],[11.437242000000001,51.6020041],[11.4371997,51.6021075],[11.4371953,51.6022108],[11.4372433,51.602325500000006],[11.437287900000001,51.602492600000005],[11.437302,51.602530800000004],[11.4373591,51.6026303],[11.437438100000001,51.6027311],[11.4375703,51.6028352],[11.437703200000001,51.6028822],[11.437842700000001,51.602924300000005],[11.4380694,51.6030102],[11.4381859,51.603137000000004],[11.4383279,51.6032231],[11.438519300000001,51.6032839],[11.438618700000001,51.603287400000006],[11.4387494,51.6032645],[11.4388644,51.603220400000005],[11.438933800000001,51.6031831],[11.4389461,51.603091500000005],[11.438656100000001,51.60295300000001],[11.4385767,51.602862200000004],[11.438600600000001,51.6027738],[11.4386857,51.6027421],[11.4387409,51.602678700000006],[11.438893400000001,51.602612500000006],[11.4391286,51.6025981],[11.439216700000001,51.602535800000005],[11.439380600000002,51.602493300000006],[11.439860900000001,51.6026237],[11.4404693,51.602668],[11.441059500000001,51.6026395],[11.441908300000001,51.602493100000004],[11.442059800000001,51.6024825],[11.4422867,51.60248180000001],[11.4425836,51.602505300000004],[11.442706300000001,51.6025493],[11.4433045,51.6027866],[11.443625800000001,51.602955200000004],[11.4440007,51.6031684],[11.444232600000001,51.603274000000006],[11.4445355,51.6033873]]}},{"type":"Feature","properties":{"osmType":"way","osmId":94351286,"name":"Wipper","waterway":"river"},"geometry":{"type":"LineString","coordinates":[[11.342273,51.602275500000005],[11.342434800000001,51.602424000000006],[11.342675700000001,51.6024083],[11.3428134,51.602417100000004],[11.343284200000001,51.602451900000005],[11.343456900000001,51.602508],[11.343632600000001,51.602498800000006],[11.343816400000001,51.6024558],[11.344028300000002,51.6023645],[11.3443795,51.6022838],[11.344971600000001,51.6021742],[11.3456355,51.6021426],[11.3462948,51.602111900000004],[11.3464685,51.6020338],[11.3465678,51.60196680000001],[11.3467052,51.601811500000004],[11.3467891,51.601750700000004],[11.3468897,51.6017273],[11.347127200000001,51.6017092],[11.347443700000001,51.601701500000004],[11.347602400000001,51.601757600000006],[11.347786500000002,51.6018519],[11.347809100000001,51.60206590000001],[11.3478895,51.6021331],[11.347992000000001,51.60217230000001],[11.3482576,51.602227000000006],[11.348396600000001,51.602275000000006],[11.348489800000001,51.6023274],[11.3487945,51.602549700000004],[11.3489904,51.6026138],[11.349136300000001,51.6026412],[11.349344700000001,51.6026425],[11.349506,51.60266420000001],[11.3497258,51.6027093],[11.349902,51.602758900000005],[11.3500274,51.6028761],[11.3501122,51.60289890000001],[11.350187,51.6028977],[11.3504546,51.602812],[11.3506195,51.6028339],[11.3507666,51.6028828],[11.351023600000001,51.602853200000006],[11.3512167,51.602847700000005],[11.3515017,51.602940700000005],[11.351751,51.603039800000005],[11.352348500000002,51.603121800000004],[11.3526378,51.603157200000005],[11.3527115,51.6031793],[11.3528248,51.603192400000005],[11.352927300000001,51.6031666],[11.353068200000001,51.603107900000005],[11.3530925,51.6030567],[11.3532019,51.603009400000005],[11.3533682,51.602970400000004],[11.3534235,51.602964500000006],[11.3534603,51.6029835],[11.3534787,51.603026500000006],[11.353512100000001,51.603075100000005],[11.353499000000001,51.603118800000004],[11.353517400000001,51.603173600000005],[11.3536034,51.603222800000005],[11.3537193,51.6032633],[11.3537917,51.6032512],[11.3538876,51.6032145],[11.354067200000001,51.6031716],[11.354201900000001,51.603174],[11.354345400000001,51.603234300000004],[11.3543275,51.6033382],[11.3543605,51.603441800000006],[11.3544034,51.6035145],[11.3544696,51.60355860000001],[11.354497100000001,51.6035874],[11.3544918,51.603626000000006],[11.354430200000001,51.6037899],[11.354505600000001,51.603844],[11.3547296,51.603956600000004],[11.354810800000001,51.6039893],[11.3548823,51.604052200000005],[11.3549951,51.6041102],[11.3551148,51.604143],[11.3552844,51.6041146],[11.3554533,51.6040659],[11.3556349,51.6039137],[11.3557696,51.603867900000004],[11.355855700000001,51.603795500000004],[11.355908600000001,51.6037672],[11.355991300000001,51.6037587],[11.3560773,51.603793700000004],[11.3561499,51.6038445],[11.356225400000001,51.6038846],[11.356505,51.603844800000005],[11.356789200000001,51.603769400000004],[11.3571229,51.603752300000004],[11.3573751,51.6037709],[11.358443000000001,51.6037509],[11.358876400000002,51.603726400000006],[11.3594738,51.6037752],[11.359781600000002,51.6037553],[11.360442800000001,51.603782100000004],[11.360750000000001,51.6037666],[11.361054800000002,51.603839400000005],[11.361230800000001,51.6039054],[11.361390700000001,51.6039492],[11.361911000000001,51.6040502],[11.3622978,51.604129900000004],[11.3625144,51.604210300000005],[11.362731,51.604276500000005],[11.3629689,51.604303800000004],[11.3632121,51.604395700000005],[11.3633076,51.6044642],[11.363567900000001,51.6045342],[11.3637507,51.604531400000006],[11.364002300000001,51.60447610000001],[11.3641439,51.60438430000001],[11.36419,51.6043741],[11.364266800000001,51.604397000000006],[11.3643535,51.604422400000004],[11.364835000000001,51.6043606],[11.365164100000001,51.604408600000006],[11.365216100000001,51.6044222],[11.365523900000001,51.604533800000006],[11.3656354,51.604621900000005],[11.3657138,51.604683800000004],[11.365858600000001,51.6048424],[11.3659753,51.6049075],[11.366084500000001,51.6049209],[11.3662779,51.6048892],[11.366354600000001,51.604899100000004],[11.366416500000001,51.604958700000005],[11.3665079,51.604995800000005],[11.3666882,51.6050121],[11.366841800000001,51.6050717],[11.367139400000001,51.605073000000004],[11.3674087,51.605048000000004],[11.367629500000001,51.605059000000004],[11.3679641,51.6050674],[11.3682321,51.6051324],[11.368601,51.60518870000001],[11.3688363,51.6051883],[11.369308100000001,51.6051906],[11.3697827,51.6051816],[11.3699214,51.6051961],[11.369977,51.605212900000005],[11.3701673,51.605341900000006],[11.370325300000001,51.60537660000001],[11.3705058,51.605526700000006],[11.3705587,51.6055873],[11.370720700000001,51.6057671],[11.3709001,51.60590800000001],[11.3709953,51.605945600000005],[11.3711943,51.606002200000006],[11.3713242,51.6060497],[11.3714452,51.606053200000005],[11.3715781,51.6060912],[11.3717903,51.6061636],[11.3718763,51.606193100000006],[11.3720382,51.6062597],[11.3722303,51.606373700000006],[11.3723463,51.6064901],[11.372536400000001,51.606565800000006],[11.3726412,51.6066541],[11.372729900000001,51.606743800000004],[11.3728174,51.606778600000005],[11.3729945,51.606817400000004],[11.373233200000001,51.606928],[11.3733473,51.606987000000004],[11.373447500000001,51.6070458],[11.3735368,51.607072300000006],[11.3739241,51.6071171],[11.3740529,51.607142],[11.374226700000001,51.607176900000006],[11.3745802,51.607187100000004],[11.374927600000001,51.6072124],[11.3752014,51.6072123],[11.3754755,51.607267300000004],[11.3756955,51.6073363],[11.375812900000001,51.607408500000005],[11.375970200000001,51.6074776],[11.3762,51.60758980000001],[11.3764093,51.607672400000006],[11.3765491,51.607687600000006],[11.3766779,51.607685000000004],[11.3767978,51.6076545],[11.3768899,51.607658400000005],[11.3770339,51.6076879],[11.3772117,51.607669900000005],[11.3773158,51.6076776],[11.377436000000001,51.607671800000006],[11.377700800000001,51.607684600000006],[11.377854200000002,51.6076689],[11.3781215,51.607601900000006],[11.378236300000001,51.607606000000004],[11.378363100000001,51.607640800000006],[11.378473000000001,51.6076892],[11.378606600000001,51.607717400000006],[11.3787716,51.607766500000004],[11.379064300000001,51.607861400000004],[11.379184400000002,51.6079414],[11.379302000000001,51.6079981],[11.3793936,51.6080326],[11.379547800000001,51.608032400000006],[11.379802300000001,51.6080381],[11.3800092,51.608101000000005],[11.380136700000001,51.608097400000005],[11.380236100000001,51.6081075],[11.3802967,51.608133200000005],[11.3804203,51.608150300000005],[11.3805147,51.608117400000005],[11.3805265,51.608045600000004],[11.380521400000001,51.607962],[11.380442100000002,51.6078836],[11.380296600000001,51.607870500000004],[11.3802289,51.607836000000006],[11.3802281,51.60778620000001],[11.3802368,51.607750700000004],[11.380331,51.607719100000004],[11.3804748,51.6077245],[11.3806331,51.6077262],[11.3807746,51.6076935],[11.3808778,51.607663800000005],[11.3808982,51.607586600000005],[11.380823300000001,51.60752840000001],[11.380469600000001,51.6074246],[11.3804157,51.607384800000005],[11.380427300000001,51.6073321],[11.380544700000002,51.6072399],[11.3805479,51.6071716],[11.3805264,51.607064400000006],[11.380542,51.60701],[11.3806037,51.6069577],[11.380691500000001,51.606932500000006],[11.380992200000001,51.6068991],[11.3812827,51.606855800000005],[11.3814506,51.6067796],[11.3816871,51.6067484],[11.381905000000001,51.606802300000005],[11.3820414,51.6067867],[11.382144400000001,51.606714700000005],[11.382445200000001,51.606582700000004],[11.3826502,51.60644490000001],[11.382745400000001,51.6063472],[11.383067500000001,51.6059367],[11.3831784,51.605830700000006],[11.3834438,51.6056825],[11.3837518,51.6053943],[11.384015000000002,51.6051493],[11.3842563,51.604644300000004],[11.384305900000001,51.604483300000005],[11.384396500000001,51.6041776],[11.3844615,51.6039364],[11.384426600000001,51.6036501],[11.3844115,51.60348320000001],[11.3844049,51.6034231],[11.3843826,51.603231],[11.384380400000001,51.603045400000006],[11.3844188,51.602932800000005],[11.3845022,51.6028644],[11.384587900000001,51.602802600000004],[11.3846849,51.602771000000004],[11.38507,51.6026521],[11.3855193,51.602529200000006],[11.3858134,51.6024656],[11.386384900000001,51.602407500000005],[11.3871731,51.6024053],[11.3878392,51.602360100000006],[11.388291,51.602406800000004],[11.388659500000001,51.602431700000004],[11.389114900000001,51.602429900000004],[11.3902499,51.602629300000004]]}},{"type":"Feature","properties":{"osmType":"way","osmId":136040110,"name":"Wipper","waterway":"river"},"geometry":{"type":"LineString","coordinates":[[11.206174,51.566697500000004],[11.2062608,51.566556500000004],[11.20631,51.566427700000006],[11.206290300000001,51.5662144],[11.206271200000002,51.565990400000004],[11.2062883,51.5659496],[11.2064904,51.5657804],[11.2065617,51.565735700000005],[11.2066344,51.565699800000004],[11.2067399,51.565632400000005],[11.2067969,51.565572200000005],[11.2068604,51.565476600000004],[11.206942000000002,51.565363500000004],[11.207120900000001,51.5650921],[11.207323500000001,51.564672900000005],[11.2075037,51.5642797],[11.2078263,51.5636577],[11.208107700000001,51.5634723],[11.2083866,51.56337370000001],[11.2085763,51.563381500000006],[11.2087693,51.563374700000004],[11.208813600000001,51.563328500000004],[11.20879,51.563273800000005],[11.208741600000002,51.5632529],[11.2086802,51.5632267],[11.2085874,51.563113400000006],[11.208563900000001,51.5630516],[11.208549900000001,51.5629616],[11.2085694,51.562916],[11.2086225,51.5628533],[11.2086944,51.5628181],[11.208832000000001,51.5627878],[11.2088997,51.5627294],[11.2089412,51.562613600000006],[11.2090457,51.5625422],[11.2091226,51.5624612],[11.209141500000001,51.562243],[11.2092741,51.5620464],[11.2092877,51.561603700000006],[11.2093085,51.5614823],[11.2093351,51.561404700000004],[11.209507100000002,51.561254100000006],[11.2095242,51.561149500000006],[11.2097058,51.5609594],[11.2097425,51.560911000000004],[11.209826600000001,51.5608821],[11.2098902,51.5609429],[11.2098937,51.561146900000004],[11.2098828,51.56123],[11.209936200000001,51.561287500000006],[11.2100489,51.561324400000004],[11.210397200000001,51.56141],[11.2104885,51.5613685],[11.2105455,51.56138],[11.2105905,51.56146450000001],[11.210667,51.561544600000005],[11.2110804,51.5616691],[11.212058200000001,51.5618756],[11.2122203,51.5618883],[11.212346700000001,51.56188100000001],[11.2125904,51.561711900000006],[11.212771400000001,51.5616265],[11.212885,51.5616247],[11.2130468,51.5617065],[11.2130875,51.561763000000006],[11.213098700000002,51.5618186],[11.213081800000001,51.56188100000001],[11.2130025,51.561986600000004],[11.2128935,51.5620941],[11.2129553,51.5621658],[11.2131399,51.5621759],[11.213475,51.562114],[11.2135577,51.5621346],[11.213597400000001,51.5622367],[11.2136639,51.562286900000004],[11.213832100000001,51.562322200000004],[11.213967,51.5623335],[11.2140959,51.562328300000004],[11.214138400000001,51.562307100000005],[11.214156800000001,51.5621962],[11.2142288,51.562167],[11.2143282,51.5621759],[11.2143735,51.5621918],[11.2143948,51.5622252],[11.214333900000002,51.5623608],[11.2143721,51.5624313],[11.2145302,51.56246],[11.214846600000001,51.5624198],[11.2151344,51.562346000000005],[11.2153012,51.562356400000006],[11.2155009,51.5623864],[11.215648700000001,51.5624047],[11.2158019,51.562380600000004],[11.215880700000001,51.562280200000004],[11.215948800000001,51.562244400000004],[11.216044700000001,51.562250600000006],[11.2160887,51.562228600000005],[11.2161177,51.5621731],[11.216076500000002,51.562125300000005],[11.216024500000001,51.562079100000005],[11.216047600000001,51.5620569],[11.216129800000001,51.562037700000005],[11.216277100000001,51.562054],[11.216462400000001,51.562047500000006],[11.216538400000001,51.56203420000001],[11.2166581,51.5620527],[11.2167218,51.5620958],[11.216727500000001,51.5621601],[11.2167785,51.5621883],[11.2168908,51.562180100000006],[11.2170518,51.5620923],[11.2172034,51.5620453],[11.2174172,51.5620034],[11.2175531,51.562012200000005],[11.217633900000001,51.5621081],[11.217633900000001,51.5621486],[11.2176127,51.562183000000005],[11.2175744,51.5622358],[11.2175759,51.562277200000004],[11.217660100000002,51.5622946],[11.2177869,51.562277200000004],[11.2179239,51.562244500000006],[11.218050300000002,51.562168],[11.2181707,51.562183000000005],[11.2182559,51.5622234],[11.218329200000001,51.562386100000005],[11.218333000000001,51.5624467],[11.2184279,51.5624588],[11.2185021,51.562387300000005],[11.2185021,51.5622631],[11.2185468,51.5621838],[11.218691900000001,51.562183000000005],[11.2188236,51.562162900000004],[11.218978,51.562104600000005],[11.2192869,51.562099800000006],[11.2194213,51.562059700000006],[11.2195984,51.5621002],[11.2196791,51.5620939],[11.219893,51.5620051],[11.220014800000001,51.5619364],[11.2201692,51.5618312],[11.220271100000001,51.561778800000006],[11.220398600000001,51.5617637],[11.2206167,51.561793800000004],[11.2207782,51.561785900000004],[11.221027900000001,51.5618423],[11.2213285,51.561873000000006],[11.221387,51.5618756],[11.2214396,51.5618716],[11.2214708,51.561862000000005],[11.2216175,51.561812200000006],[11.2218779,51.561755100000006],[11.221940400000001,51.561747600000004],[11.2220353,51.5617345],[11.2221142,51.5617389],[11.2222402,51.561748400000006],[11.222418900000001,51.5617589],[11.222581100000001,51.561780000000006],[11.222720200000001,51.5617699],[11.2228039,51.561789700000006],[11.2229389,51.561909],[11.223055,51.5619248],[11.223249800000001,51.561921500000004],[11.2233377,51.561938600000005],[11.2237267,51.5619767],[11.2238158,51.5620126],[11.2238436,51.5620629],[11.223799000000001,51.56214790000001],[11.2238199,51.5621993],[11.223872,51.562259600000004],[11.223972300000002,51.562291],[11.224096000000001,51.5623097],[11.2242151,51.562312600000006],[11.2243586,51.5623104],[11.224517,51.562278400000004],[11.224640500000001,51.562227400000005],[11.224756900000001,51.5621218],[11.2248362,51.562088200000005],[11.224918500000001,51.562090000000005],[11.225015800000001,51.562141800000006],[11.2252048,51.562282800000006],[11.2253182,51.5623493],[11.2254623,51.5624076],[11.2258037,51.5624857],[11.2259194,51.5624818],[11.226023900000001,51.5624875],[11.2260594,51.5625012],[11.226094900000001,51.5625331],[11.2261957,51.562569700000005],[11.226281100000001,51.5625962],[11.226358000000001,51.562613000000006],[11.226469400000001,51.562603800000005],[11.2265064,51.562576400000005],[11.226617800000001,51.562552200000006],[11.2267161,51.56257960000001],[11.226829500000001,51.562618900000004],[11.227157,51.5626551],[11.2272727,51.5626885],[11.227386000000001,51.562693100000004],[11.2275589,51.5625865],[11.2277828,51.562532100000006],[11.2279505,51.562528900000004],[11.2280493,51.562533],[11.228169900000001,51.562559300000004],[11.228416300000001,51.5626382],[11.228586700000001,51.562728400000005],[11.229057200000002,51.562878700000006],[11.229474000000002,51.5629829],[11.229937600000001,51.56324540000001],[11.230091300000002,51.5633136],[11.2303441,51.5633903],[11.2304908,51.5633841],[11.2307979,51.56344300000001],[11.231117300000001,51.563520200000006],[11.2314117,51.5636439],[11.231485300000001,51.563700100000005],[11.231514,51.563837400000004],[11.231488500000001,51.563950500000004],[11.231425600000001,51.5639808],[11.2313769,51.5640396],[11.231327100000001,51.5641332],[11.231301400000001,51.5642701],[11.231311700000001,51.564343900000004],[11.2315684,51.564505600000004],[11.231658900000001,51.564632],[11.231719700000001,51.564745200000004],[11.231932500000001,51.5649742],[11.232004700000001,51.565167800000005],[11.2320382,51.565219400000004],[11.2321641,51.5653249],[11.232205800000001,51.5653882],[11.232228200000002,51.5655293],[11.232348400000001,51.5656237],[11.2324812,51.5656304],[11.232553300000001,51.5655705],[11.2326232,51.5655013],[11.2327092,51.5654453],[11.232773900000002,51.5654411],[11.232797300000001,51.565465],[11.232783900000001,51.5655408],[11.2328352,51.565561300000006],[11.232899300000001,51.5655445],[11.232998100000001,51.5655007],[11.233026800000001,51.565439100000006],[11.2333546,51.5651839],[11.2334727,51.5650777],[11.2335797,51.565057200000005],[11.2336782,51.565083],[11.2338644,51.5651615],[11.2340093,51.5652455],[11.2341534,51.5652909],[11.234277,51.565313],[11.2344035,51.565348500000006],[11.234796900000001,51.5654285],[11.2349163,51.5654668],[11.2350977,51.5655044],[11.235212,51.565514],[11.2354526,51.565477300000005],[11.2355663,51.565486400000005],[11.235944,51.5656605],[11.236047800000001,51.565757700000006],[11.236388100000001,51.5659641],[11.2364282,51.5660328],[11.236435100000001,51.566081800000006],[11.236397700000001,51.5661153],[11.236316700000001,51.5661174],[11.2362719,51.566102400000005],[11.2362069,51.56611100000001],[11.236186100000001,51.5661429],[11.236229000000002,51.5661919],[11.2364013,51.566275100000006],[11.2364254,51.566316500000006],[11.2364323,51.5663707],[11.2364531,51.566393100000006],[11.2365043,51.566399100000005],[11.2365568,51.566382700000005],[11.236594700000001,51.566356500000005],[11.236686800000001,51.5663294],[11.2367588,51.5662907],[11.236797500000002,51.566230600000004],[11.236899900000001,51.566187600000006],[11.2369365,51.5661932],[11.237005700000001,51.5662013],[11.2370786,51.566239800000005],[11.2371198,51.566243],[11.2371862,51.5662323],[11.2373148,51.566243500000006],[11.237563000000002,51.5663241],[11.2377409,51.5663324],[11.237864,51.566333300000004],[11.2379961,51.5663591],[11.238193,51.5663775],[11.238268600000001,51.5664597],[11.238325300000001,51.566501800000005],[11.2383384,51.5665689],[11.2383691,51.566592400000005],[11.2384629,51.566619200000005],[11.238512700000001,51.5666523],[11.2385251,51.5667017],[11.2385607,51.5667392],[11.2387069,51.566782100000005],[11.2388439,51.5668431],[11.2388659,51.566912300000006],[11.238824900000001,51.566954800000005],[11.238849,51.5670233],[11.238920400000001,51.56710270000001],[11.2390086,51.567317300000006],[11.2390763,51.5674307],[11.2394835,51.56772470000001],[11.2396537,51.567823800000006],[11.240118800000001,51.5682126],[11.2402862,51.568296800000006],[11.2403709,51.568325],[11.2405533,51.5683658],[11.240643,51.568371500000005],[11.240950900000001,51.5684935],[11.241139,51.568515100000006],[11.2413094,51.5685231],[11.2415272,51.5685718],[11.2416304,51.5685884],[11.241882700000001,51.568708300000004],[11.2422404,51.5688958],[11.242585,51.5691555],[11.2429068,51.569215],[11.2430211,51.569241100000006],[11.2432491,51.569235600000006],[11.2432894,51.569251200000004],[11.243340900000002,51.5692832],[11.243471600000001,51.5693083],[11.243562500000001,51.5693155],[11.243671,51.569305500000006],[11.243761500000002,51.5693095],[11.243875800000001,51.56934510000001],[11.243965000000001,51.5693993],[11.244098900000001,51.5695144],[11.2443808,51.5696974],[11.2445091,51.569712900000006],[11.2446073,51.569741],[11.244712,51.56976280000001],[11.2447497,51.5697514],[11.244829900000001,51.569696400000005],[11.2449087,51.5696711],[11.244986200000001,51.5696706],[11.2451121,51.569700700000006],[11.2451751,51.5697124],[11.2452535,51.5697149],[11.245337600000001,51.5696911],[11.245416500000001,51.5695398],[11.2454482,51.5694986],[11.2455396,51.569453800000005],[11.245652000000002,51.569431800000004],[11.2457867,51.5693458],[11.2459597,51.569320100000006],[11.2460973,51.5692844],[11.2463783,51.5692643],[11.246713300000001,51.569264100000005],[11.246914100000001,51.5692767],[11.2473354,51.5693196],[11.2475073,51.5693172],[11.2477177,51.569302400000005],[11.247881600000001,51.569297000000006],[11.248076900000001,51.569314500000004],[11.248188,51.569310400000006],[11.2483743,51.5692863],[11.248555600000001,51.56927760000001],[11.248671100000001,51.5692863],[11.248853,51.5693289],[11.249080300000001,51.569363700000004],[11.249319300000002,51.569361300000004],[11.249525100000001,51.569324200000004],[11.2497556,51.56921620000001],[11.249849600000001,51.569204600000006],[11.249938,51.569214900000006],[11.2500055,51.5692176],[11.250033,51.5691713],[11.250156700000002,51.5691264],[11.2502978,51.5691092],[11.250376600000001,51.5691245],[11.2506827,51.5691172],[11.2508744,51.5690783],[11.2509824,51.5690867],[11.2510314,51.5691088],[11.2510954,51.569173400000004],[11.2511436,51.5692042],[11.251314500000001,51.569175800000004],[11.2513929,51.5691366],[11.2514888,51.569069600000006],[11.2515266,51.569056100000005],[11.2516472,51.5690437],[11.251802300000001,51.569062900000006],[11.2519284,51.569065],[11.2520676,51.5690935],[11.2522385,51.569199600000005],[11.252291000000001,51.5692837],[11.252311800000001,51.569375300000004],[11.2522604,51.5694607],[11.252127300000001,51.5696419],[11.2521018,51.569713500000006],[11.252143700000001,51.5697898],[11.252710800000001,51.5699309],[11.252894300000001,51.5699206],[11.253015600000001,51.5698949],[11.253074400000001,51.5698276],[11.2531423,51.569767600000006],[11.2532013,51.569751800000006],[11.253418400000001,51.5697525],[11.253598700000001,51.569777200000004],[11.253874300000001,51.56987],[11.2540422,51.570068400000004],[11.2540893,51.570089700000004],[11.2541469,51.570075100000004],[11.254213,51.5700474],[11.254388800000001,51.5699022],[11.254650900000001,51.569733600000006],[11.2547393,51.569642300000005],[11.255015400000001,51.56942900000001],[11.2551471,51.569249000000006],[11.255228500000001,51.569194],[11.255375500000001,51.569160200000006],[11.2557142,51.5691204]]}},{"type":"Feature","properties":{"osmType":"way","osmId":136112084,"name":"Wipper","waterway":"river"},"geometry":{"type":"LineString","coordinates":[[11.577878,51.7743065],[11.5780322,51.7743387],[11.578498900000001,51.774407200000006],[11.5785633,51.7744383],[11.5786429,51.7744914],[11.578669000000001,51.7745514],[11.5787017,51.774667],[11.5787498,51.7747631],[11.578819300000001,51.7748064],[11.5789238,51.774821800000005],[11.579525100000001,51.774876000000006],[11.5796427,51.7749035],[11.5798454,51.7749104],[11.580293500000002,51.7749978],[11.5803977,51.7750355],[11.580453,51.77510100000001],[11.580492600000001,51.775331900000005],[11.580490900000001,51.775444500000006],[11.5805083,51.775528200000004],[11.580547200000002,51.775604900000005],[11.5806125,51.7756696],[11.580729000000002,51.7757264],[11.5808759,51.7757644],[11.5810794,51.77580510000001],[11.5814746,51.7758319],[11.5819931,51.775897900000004],[11.582487400000002,51.7759487],[11.5827887,51.77597230000001],[11.5830588,51.776010600000006],[11.5837546,51.7761128],[11.583830800000001,51.77611520000001],[11.5838949,51.776106600000006],[11.5842329,51.7760448],[11.5844146,51.7760504],[11.584732200000001,51.776077400000005],[11.584954600000001,51.776118800000006],[11.585176500000001,51.776146600000004],[11.5854189,51.776195900000005],[11.585728000000001,51.776269500000005],[11.586041000000002,51.776353300000004],[11.586386300000001,51.776423900000005],[11.5865136,51.7764402],[11.5867974,51.7764511],[11.587019600000001,51.776481200000006],[11.5871356,51.776518200000005],[11.5872685,51.77658520000001],[11.587507700000002,51.776796600000004],[11.587750900000001,51.776935300000005],[11.5882194,51.7771691],[11.588285500000001,51.77722180000001],[11.588357400000001,51.7772942],[11.588434300000001,51.777407100000005],[11.588507400000001,51.7775819],[11.5884841,51.777798600000004],[11.588511700000002,51.7779028],[11.588548300000001,51.7779624],[11.588651800000001,51.778034500000004],[11.588821300000001,51.77810160000001],[11.5888959,51.7781321],[11.5889717,51.77818370000001],[11.5890473,51.7782793],[11.5890909,51.778375600000004],[11.589085,51.7784576],[11.5890626,51.7785238],[11.588999600000001,51.7786039],[11.5888881,51.778667600000006],[11.588747300000001,51.778713100000004],[11.588704,51.7788187],[11.588704,51.7789158],[11.588742900000002,51.7789772],[11.588834100000001,51.779022000000005],[11.58924,51.779119],[11.589356100000002,51.7791708],[11.5894384,51.7792442],[11.589495900000001,51.7793341],[11.5895942,51.779420300000005],[11.5897448,51.7795367],[11.5901432,51.7797284],[11.5902957,51.779765100000006],[11.5904714,51.779774700000004],[11.5906607,51.7797646],[11.5908973,51.7797198],[11.5910235,51.77971530000001],[11.5911559,51.7797295],[11.591478700000001,51.779833800000006],[11.591631600000001,51.7798692],[11.5918267,51.779882900000004],[11.592043400000001,51.779895],[11.592272900000001,51.7799422],[11.5926758,51.7800669]]}},{"type":"Feature","properties":{"osmType":"way","osmId":166149200,"name":"Wipper","waterway":"river"},"geometry":{"type":"LineString","coordinates":[[11.511352400000002,51.748455],[11.511954300000001,51.748490700000005],[11.5125878,51.748437200000005],[11.512916,51.7483714],[11.513277400000002,51.7482431],[11.5135638,51.7481626],[11.5137546,51.748119100000004],[11.5139776,51.748100900000004],[11.514903,51.7481729],[11.515638500000001,51.748377500000004],[11.515979900000001,51.748466300000004],[11.5163031,51.7485286],[11.5165877,51.748569700000004],[11.516770600000001,51.7486024],[11.5174052,51.7486973],[11.5177042,51.7487555],[11.517923900000001,51.748841600000006],[11.518369700000001,51.749095600000004],[11.519108300000001,51.7496056],[11.519418400000001,51.749735900000005],[11.5196427,51.7497945],[11.5199127,51.749838800000006],[11.520988200000001,51.7499678],[11.5216054,51.750058900000006],[11.5218027,51.7500943],[11.522361100000001,51.750247300000005],[11.5227216,51.750362900000006],[11.5235032,51.75066940000001],[11.523922500000001,51.7508221],[11.5247972,51.7511761],[11.5266981,51.7520134],[11.527081,51.752189200000004],[11.528567500000001,51.75294340000001],[11.529266000000002,51.753191],[11.530066600000001,51.7533879],[11.5311716,51.7536482],[11.5319611,51.753775600000004],[11.5321744,51.7537566],[11.532361900000001,51.7537183],[11.532537000000001,51.7537219],[11.532963800000001,51.753846100000004],[11.533144100000001,51.753931],[11.533394300000001,51.7539962],[11.5335856,51.7540102],[11.5337461,51.753998200000005],[11.5341622,51.753909900000004],[11.5343353,51.7538649],[11.534456800000001,51.7538573],[11.5346813,51.753854600000004],[11.5349242,51.7538883],[11.535173700000001,51.7539194],[11.535589100000001,51.7538575],[11.5357388,51.753861900000004],[11.5358365,51.7539115],[11.535963,51.7540886],[11.536094100000001,51.754364100000004],[11.5361718,51.754637300000006],[11.5362421,51.754814800000005],[11.5362915,51.754875000000006],[11.5364143,51.754960600000004],[11.5365371,51.7549914],[11.5367508,51.755028900000006],[11.536976800000001,51.7550881],[11.537495400000001,51.755279900000005],[11.5387254,51.7556761],[11.538877300000001,51.755743800000005],[11.5390697,51.755788900000006],[11.539190000000001,51.755797900000005]]}},{"type":"Feature","properties":{"osmType":"way","osmId":166149203,"name":"Wipper","waterway":"river"},"geometry":{"type":"LineString","coordinates":[[11.5127599,51.7256099],[11.5124964,51.725669],[11.512220300000001,51.725759100000005],[11.512075900000001,51.7258288],[11.511962500000001,51.7259011],[11.5118079,51.726019],[11.5117309,51.726103300000005],[11.5115721,51.726342300000006],[11.511413800000001,51.726618300000005]]}},{"type":"Feature","properties":{"osmType":"way","osmId":166149205,"name":"Wipper","waterway":"river"},"geometry":{"type":"LineString","coordinates":[[11.5113389,51.7267014],[11.5112465,51.7267373],[11.5111019,51.7267765],[11.510814400000001,51.7267692],[11.510560700000001,51.72677770000001],[11.5103734,51.726819400000004],[11.510208200000001,51.726922800000004],[11.5100578,51.7270709],[11.509369600000001,51.727926200000006],[11.509247,51.728115900000006],[11.5076476,51.730303500000005],[11.5070495,51.7311204],[11.5066368,51.731698300000005],[11.506132200000001,51.732439600000006],[11.5056299,51.733099700000004],[11.5054759,51.733194000000005],[11.505373700000002,51.7332237],[11.505273800000001,51.7332497],[11.5051631,51.7332571],[11.5050111,51.7332577],[11.5043343,51.733172200000006],[11.5039254,51.733130100000004],[11.5036492,51.73313520000001],[11.5032499,51.733177500000004],[11.5030122,51.7332351],[11.5027871,51.733308300000004],[11.5025861,51.7333827],[11.502054000000001,51.7336886],[11.5018165,51.7337648],[11.5013143,51.733869500000004],[11.5008248,51.734010700000006],[11.500494000000002,51.734056200000005],[11.499773900000001,51.734068400000005],[11.4995531,51.7340947],[11.499339800000001,51.734131100000006],[11.499206200000001,51.734213600000004],[11.499030900000001,51.7342352],[11.498583,51.734399],[11.4984488,51.734491000000006],[11.4982308,51.734765],[11.497982200000001,51.735037000000005],[11.497586,51.735375600000005],[11.496970000000001,51.736064500000005],[11.4966551,51.7363714],[11.4965025,51.736504000000004],[11.496020300000001,51.736794200000006],[11.4950936,51.737365600000004],[11.4948458,51.737616],[11.494688400000001,51.737878900000005],[11.4945505,51.7380872],[11.4943519,51.7383571],[11.4942629,51.7384986],[11.494331500000001,51.7392477],[11.4943325,51.739307200000006],[11.4942872,51.739519],[11.4940537,51.739725],[11.4936965,51.739916900000004],[11.493400600000001,51.740095800000006],[11.493016200000001,51.740326800000005],[11.492729,51.740471600000006],[11.492266800000001,51.740616100000004],[11.49198,51.740676],[11.4916598,51.740727],[11.4914658,51.740768300000006],[11.4911431,51.740880600000004],[11.4909757,51.7410026],[11.4907368,51.741209000000005],[11.490427700000001,51.7413831],[11.490200000000002,51.741449800000005],[11.4897787,51.741555500000004],[11.4890685,51.7417517],[11.4887454,51.741899000000004],[11.4885786,51.741997500000004],[11.4883745,51.742200600000004],[11.4882921,51.742338700000005],[11.488320900000002,51.742561300000006],[11.4883167,51.7426607],[11.488278900000001,51.742733],[11.488214900000001,51.7428182],[11.4881522,51.742856800000006],[11.487744000000001,51.742968700000006],[11.487604600000001,51.7430323],[11.4874065,51.7432358],[11.4871929,51.743501800000004],[11.487107900000002,51.7436968],[11.487078700000001,51.7438506],[11.487101800000001,51.74403220000001],[11.4871482,51.74414650000001],[11.487271900000001,51.744361700000006],[11.487506600000001,51.744613300000005],[11.487676700000002,51.744767],[11.487945100000001,51.745005400000004],[11.4882068,51.7452071],[11.48921,51.745686000000006],[11.4906159,51.74632750000001],[11.4910514,51.7465063],[11.4912615,51.7466414],[11.491499500000002,51.7467326],[11.4918075,51.7468188],[11.492068000000002,51.7468658],[11.4924473,51.7469174],[11.4930426,51.7469108],[11.4942924,51.7469114],[11.4956285,51.7468955],[11.496892800000001,51.746917700000004],[11.4976117,51.7469874],[11.497905000000001,51.746976800000006],[11.4980583,51.746962200000006],[11.4994686,51.7467428],[11.499815600000002,51.7467489],[11.5003039,51.7467911],[11.500691300000002,51.746791200000004],[11.500986600000001,51.746816300000006],[11.5014231,51.746901900000005],[11.5018753,51.7470908],[11.502441800000001,51.7473643],[11.5032026,51.7477123],[11.503429,51.7478004],[11.5036055,51.747834000000005],[11.503753300000001,51.74784390000001],[11.503902400000001,51.747841],[11.5040977,51.7478241],[11.505116300000001,51.747573200000005],[11.5052514,51.747551900000005],[11.5054364,51.747550700000005],[11.5057381,51.747580000000006],[11.506310000000001,51.7476763],[11.5065293,51.747690500000004],[11.506884300000001,51.7476775],[11.507218100000001,51.747596],[11.507529100000001,51.7474544],[11.5078812,51.7471997],[11.5080595,51.747016],[11.508212,51.7468548],[11.5083765,51.7467131],[11.508542400000001,51.7466285],[11.5087507,51.7465641],[11.5089553,51.746545600000005],[11.508982000000001,51.7466239],[11.508988500000001,51.746639800000004],[11.5090581,51.746822200000004],[11.509094600000001,51.747060000000005],[11.5091043,51.747115900000004],[11.509332,51.7474179],[11.509771500000001,51.7477992],[11.510137400000001,51.7480224],[11.5105167,51.748200800000006],[11.510891,51.7483239],[11.511352400000002,51.748455]]}},{"type":"Feature","properties":{"osmType":"way","osmId":166149206,"name":"Wipper","waterway":"river"},"geometry":{"type":"LineString","coordinates":[[11.511413800000001,51.726618300000005],[11.5113389,51.7267014]]}},{"type":"Feature","properties":{"osmType":"way","osmId":166149207,"name":"Wipper","waterway":"river"},"geometry":{"type":"LineString","coordinates":[[11.5130569,51.7255655],[11.5127599,51.7256099]]}},{"type":"Feature","properties":{"osmType":"way","osmId":168447305,"name":"Wipper","waterway":"river"},"geometry":{"type":"LineString","coordinates":[[11.329965600000001,51.5977906],[11.3300493,51.5976792],[11.330098600000001,51.5975667],[11.330089200000002,51.5972774],[11.3300605,51.597127300000004],[11.3299339,51.5969178],[11.329852200000001,51.596809900000004],[11.329525400000001,51.596348000000006],[11.3293662,51.596026800000004],[11.329318500000001,51.5958917],[11.329229600000001,51.595629800000005],[11.329157700000001,51.5953066],[11.329081700000001,51.5948398],[11.329093700000001,51.59475440000001],[11.329140200000001,51.594630800000004],[11.3293306,51.594529400000006],[11.329604300000002,51.5944413],[11.329835200000002,51.5943437],[11.330498700000001,51.59438290000001],[11.330678500000001,51.5943636],[11.330927800000001,51.5942468],[11.3310761,51.594192500000005],[11.3315198,51.594079400000005],[11.331969500000001,51.5940742],[11.3322903,51.5941234],[11.3325844,51.594244700000004],[11.332806900000001,51.594394400000006],[11.333879000000001,51.5951603],[11.3346435,51.5957864],[11.334760900000001,51.5959148],[11.3348692,51.5960078],[11.3349264,51.5964223],[11.3351792,51.5970256],[11.335325300000001,51.5974985],[11.3353611,51.597840000000005],[11.3352793,51.5983366],[11.3347086,51.59947510000001],[11.334653600000001,51.599740700000005],[11.3350785,51.600553600000005],[11.335219,51.600919600000005],[11.3351313,51.601305700000005],[11.3350241,51.601474200000006],[11.3349381,51.6015427],[11.3348937,51.6016155],[11.334902600000001,51.6017032],[11.3349949,51.601781300000006],[11.3351424,51.6018382],[11.335463200000001,51.6018483],[11.3358228,51.601902],[11.336141300000001,51.602035],[11.3363134,51.6020848],[11.336456100000001,51.602093100000005],[11.336704000000001,51.6020571],[11.336859,51.602009200000005],[11.3370943,51.601888900000006],[11.337242700000001,51.6018526],[11.3373828,51.6018361],[11.337711,51.601880900000005],[11.337875400000001,51.601925900000005],[11.3389012,51.602254800000004],[11.339042500000001,51.6022748],[11.339170800000002,51.6022559],[11.3395721,51.6021331],[11.3398623,51.602091300000005],[11.340311100000001,51.601925900000005],[11.341310100000001,51.601787800000004],[11.341565000000001,51.601775100000005],[11.3417969,51.601797700000006],[11.3419679,51.6018941],[11.3420698,51.6019924],[11.342273,51.602275500000005]]}},{"type":"Feature","properties":{"osmType":"way","osmId":183532834,"name":"Wipper","waterway":"river"},"geometry":{"type":"LineString","coordinates":[[11.705499900000001,51.788157600000005],[11.7061065,51.7880666],[11.706224800000001,51.788057800000004],[11.706443100000001,51.788074],[11.7069196,51.788211700000005],[11.707447100000001,51.788375900000005],[11.707955,51.7885245],[11.708326300000001,51.788650000000004],[11.7085074,51.7886931],[11.7086471,51.7886953],[11.70879,51.788679200000004],[11.708910300000001,51.788626400000005],[11.709196500000001,51.788398],[11.7095312,51.78827810000001],[11.709865800000001,51.7882387],[11.710374300000002,51.788212],[11.7109027,51.788246900000004],[11.712067000000001,51.788423900000005],[11.7122568,51.788521300000006],[11.712454900000001,51.788735100000004],[11.7127601,51.789011800000004],[11.7129367,51.789091000000006],[11.713133500000001,51.789130400000005],[11.7132594,51.7891465],[11.7134254,51.789101800000005],[11.713696500000001,51.789115100000004],[11.713882700000001,51.789098],[11.7141436,51.789004600000005],[11.714249,51.7889441],[11.7143771,51.788890800000004],[11.7146667,51.788788700000005],[11.715344900000002,51.788561200000004],[11.715561000000001,51.788523100000006],[11.7158738,51.7885253],[11.716148,51.788515100000005],[11.7163578,51.788455600000006],[11.7166212,51.788336900000004],[11.717068600000001,51.788023300000006],[11.7171851,51.78793760000001],[11.7173794,51.78782270000001],[11.717872300000002,51.7875621],[11.7182495,51.787360400000004],[11.718756800000001,51.787010800000004]]}},{"type":"Feature","properties":{"osmType":"way","osmId":234707998,"name":"Wipper","waterway":"river"},"geometry":{"type":"LineString","coordinates":[[11.608671600000001,51.786911700000005],[11.6090976,51.787275400000006],[11.6092236,51.787379200000004],[11.6093217,51.7874932],[11.6093753,51.787567300000006],[11.609416300000001,51.787653500000005],[11.609473000000001,51.787908900000005],[11.6095053,51.787975],[11.6095664,51.7880405],[11.609672000000002,51.788096700000004],[11.6099639,51.7881845],[11.6101083,51.788219100000006],[11.6102533,51.7882292],[11.610398400000001,51.7882242],[11.6106885,51.7882545],[11.6107534,51.788276100000004],[11.6108332,51.7883159],[11.611040800000001,51.7885538],[11.6112243,51.7887397],[11.6115603,51.7890172]]}},{"type":"Feature","properties":{"osmType":"way","osmId":847062461,"name":"Wipper","waterway":"river"},"geometry":{"type":"LineString","coordinates":[[11.2557142,51.5691204],[11.2563499,51.5690321]]}},{"type":"Feature","properties":{"osmType":"way","osmId":847062462,"name":"Wipper","waterway":"river"},"geometry":{"type":"LineString","coordinates":[[11.2567134,51.568980700000004],[11.257260500000001,51.568902900000005],[11.257427,51.568862700000004],[11.2575768,51.5687991],[11.2578458,51.568668200000005],[11.258068000000002,51.5686158],[11.258215400000001,51.5685803],[11.258278800000001,51.5685799],[11.2583602,51.5686119],[11.2583699,51.568672400000004],[11.2584801,51.5687292],[11.258690900000001,51.568862300000006],[11.258848100000002,51.568947900000005],[11.2589126,51.5689642],[11.258987300000001,51.5689611],[11.2591961,51.5689634],[11.2593469,51.5690201],[11.2594279,51.5690967],[11.259411400000001,51.5693411],[11.2595179,51.5694419],[11.259556700000001,51.569611],[11.2595381,51.5696968],[11.2593609,51.5698322],[11.259345600000001,51.569906100000004],[11.2594005,51.569999800000005],[11.2595728,51.570059300000004],[11.2596307,51.570131200000006],[11.2596656,51.570297200000006],[11.2597608,51.570362200000005],[11.2598883,51.570417600000006],[11.2599996,51.570448600000006],[11.2600589,51.5705224],[11.2600826,51.570612000000004],[11.2600803,51.5706824],[11.260226900000001,51.5707758],[11.2604159,51.5708276],[11.2604842,51.5708756],[11.2604995,51.570919200000006],[11.2605657,51.5709765],[11.2608087,51.571093000000005],[11.2610039,51.5711517],[11.261123000000001,51.5711993],[11.261335500000001,51.5712507],[11.2615064,51.571299],[11.261691500000001,51.571285700000004],[11.261828000000001,51.5713019],[11.2622123,51.571381],[11.2622902,51.571366600000005],[11.262392,51.5713403],[11.2624265,51.5712722],[11.2623545,51.571148300000004],[11.2623669,51.571062500000004],[11.262401200000001,51.570996300000004],[11.2624697,51.570977500000005],[11.2625372,51.570979400000006],[11.2627769,51.571054700000005],[11.262943900000002,51.571061],[11.2631946,51.5710485],[11.2632606,51.570975700000005],[11.2632945,51.570887500000005],[11.263266600000001,51.570799300000004],[11.263279500000001,51.5707388],[11.2633375,51.5707153],[11.2634582,51.570720800000004],[11.263701800000002,51.5707516],[11.263849,51.5708132],[11.263971000000002,51.5708702],[11.264096200000001,51.570924600000005],[11.2642047,51.5709176],[11.2644529,51.570829800000006],[11.2645388,51.570764600000004],[11.2644681,51.570561100000006],[11.2645072,51.570524500000005],[11.2645909,51.5705],[11.264788000000001,51.570562300000006],[11.2650704,51.570683700000004],[11.2651556,51.570702600000004],[11.2652079,51.5706781],[11.265262100000001,51.570605],[11.265334600000001,51.570546900000004],[11.2655236,51.570508700000005],[11.265608100000001,51.57052710000001],[11.265651700000001,51.570563500000006],[11.265687900000001,51.570652200000005],[11.2657392,51.570663100000004],[11.265794000000001,51.5706549],[11.2658372,51.5706252],[11.265955400000001,51.5706252],[11.2661203,51.570610200000004],[11.2662525,51.570580400000004],[11.2663051,51.5705515],[11.2662811,51.5704878],[11.266300600000001,51.57043650000001],[11.2663664,51.570396300000006],[11.2664764,51.570404800000006],[11.266593100000001,51.570425],[11.2666792,51.5704817],[11.266715000000001,51.5705347],[11.2667911,51.570582],[11.2668972,51.570605],[11.2671606,51.5706945],[11.267201700000001,51.5707469],[11.2671705,51.570786000000005],[11.2670825,51.5708229],[11.2669928,51.5708799],[11.2669402,51.570945800000004],[11.266914600000002,51.570999],[11.2669537,51.571056600000006],[11.267060800000001,51.5710856],[11.2671832,51.5711044],[11.267361600000001,51.571128800000004],[11.2676323,51.5711628],[11.267789200000001,51.571195900000006],[11.267809000000002,51.571265000000004],[11.267867800000001,51.5713894],[11.2679481,51.571493200000006],[11.268015700000001,51.571614200000006],[11.268135500000001,51.57195960000001],[11.268189900000001,51.572030500000004],[11.268206600000001,51.5720827],[11.268172700000001,51.5721228],[11.2681281,51.5721391],[11.2680559,51.5722065],[11.2679857,51.572257900000004],[11.267971900000001,51.5723095],[11.2679884,51.5723739],[11.2680591,51.572436200000006],[11.2680678,51.5724892],[11.2680258,51.5725265],[11.2679278,51.5725733],[11.267883300000001,51.5726555],[11.2679927,51.57278650000001],[11.2680029,51.572834500000006],[11.2679396,51.5729273],[11.2678773,51.573002800000005],[11.267894700000001,51.5730614],[11.2679785,51.5731334],[11.2680681,51.5731666],[11.2681619,51.5732191],[11.2682581,51.5733176],[11.268292,51.5733709],[11.2684222,51.5734452],[11.2688295,51.573472800000005],[11.269083700000001,51.5734648],[11.2692531,51.5734696],[11.2693571,51.573483700000004],[11.269427100000001,51.573534900000006],[11.2694544,51.573568200000004],[11.2696944,51.5737706],[11.269784900000001,51.5738269],[11.2699157,51.5738677],[11.270011,51.57389250000001],[11.2701255,51.5739036],[11.2702553,51.5738909],[11.2703459,51.5738751],[11.270405400000001,51.573833300000004],[11.2703749,51.5736986],[11.270457500000001,51.5736386],[11.270585800000001,51.573565200000004],[11.2706958,51.573530700000006],[11.2709313,51.573545300000006],[11.271127100000001,51.5735869],[11.2712433,51.5736598]]}},{"type":"Feature","properties":{"osmType":"way","osmId":1077208540,"name":"Wipper","waterway":"river"},"geometry":{"type":"LineString","coordinates":[[11.570333100000001,51.7698679],[11.570675900000001,51.770001],[11.5709321,51.770028],[11.5711449,51.770089600000006],[11.5712253,51.7701605],[11.571386,51.770362600000006],[11.571464500000001,51.7704778],[11.5715971,51.770548000000005],[11.571798600000001,51.770567500000006],[11.572054600000001,51.77054570000001],[11.5723648,51.7705259],[11.5725905,51.7705415],[11.5731078,51.7706157],[11.5736387,51.7706965],[11.5742686,51.7707636],[11.5745442,51.770801600000006],[11.5748262,51.7709175],[11.574971600000001,51.770989],[11.575135600000001,51.771095],[11.5751889,51.771176000000004],[11.5751802,51.771236300000005],[11.5751095,51.771351700000004],[11.5750846,51.7714513],[11.575109000000001,51.7715309],[11.575202500000001,51.771636],[11.575341700000001,51.771751200000004],[11.5754111,51.771854000000005],[11.575455000000002,51.7719515],[11.5754333,51.7720302],[11.575246900000002,51.772194000000006],[11.5751778,51.7722959],[11.5751398,51.7724253],[11.575131800000001,51.7726698],[11.5751691,51.7727415],[11.575263600000001,51.7728132],[11.575429900000001,51.7728601],[11.5756434,51.772948400000004],[11.575840000000001,51.773050700000006],[11.5759085,51.773123600000005],[11.5760936,51.7733659],[11.576130000000001,51.7734468],[11.5761445,51.7735332],[11.5761248,51.7736973],[11.576054000000001,51.773968800000006]]}},{"type":"Feature","properties":{"osmType":"way","osmId":1077208541,"name":"Wipper","waterway":"river"},"geometry":{"type":"LineString","coordinates":[[11.576054000000001,51.773968800000006],[11.5761012,51.7739744],[11.576355300000001,51.7740068],[11.5766831,51.774053200000004],[11.5767679,51.7740668],[11.577121400000001,51.774141400000005],[11.577597,51.7742304],[11.577786600000001,51.774289100000004],[11.577878,51.7743065]]}},{"type":"Feature","properties":{"osmType":"way","osmId":1394797377,"name":"Wipper","waterway":"river"},"geometry":{"type":"LineString","coordinates":[[11.256480700000001,51.5690156],[11.2567134,51.568980700000004]]}},{"type":"Feature","properties":{"osmType":"way","osmId":1394797378,"name":"Wipper","waterway":"river"},"geometry":{"type":"LineString","coordinates":[[11.2563499,51.5690321],[11.256480700000001,51.5690156]]}}]}